study_year,region_code,region_name,age_code,sex_code,cell_status,beneficiaries,beneficiary_lower_bound,beneficiary_upper_bound,population_average,beneficiary_rate_per_100000,beneficiary_rate_lower_per_100000,beneficiary_rate_upper_per_100000,boxes,unknown_age_beneficiaries,unknown_age_boxes,population_start_status,population_end_status,open_medic_source_file,historical_window_amendment_id,amendment_id,analysis_version,standard_population,standard_weight
2020,11,Île-de-France,0,1,observed,37,37,37,1595420.5,2.3191378072426674,2.3191378072426674,2.3191378072426674,112,,,not_specified,definitive,data/raw/open_medic/2020/atc4/NB_2020_atc4_age_sexe_reg.CSV.gz,001,002,sap-v1.0-amendments-001-002,8007375,0.11610444798842623
2020,11,Île-de-France,0,2,observed,53,53,53,1532256,3.4589520289037865,3.4589520289037865,3.4589520289037865,199,,,not_specified,definitive,data/raw/open_medic/2020/atc4/NB_2020_atc4_age_sexe_reg.CSV.gz,001,002,sap-v1.0-amendments-001-002,7596793.5,0.11015114388917273
2020,11,Île-de-France,20,1,observed,13988,13988,13988,3228572,433.2565604855645,433.2565604855645,433.2565604855645,127774,,,not_specified,definitive,data/raw/open_medic/2020/atc4/NB_2020_atc4_age_sexe_reg.CSV.gz,001,002,sap-v1.0-amendments-001-002,16739998.5,0.24272477374540136
2020,11,Île-de-France,20,2,observed,13412,13412,13412,3394529.5,395.1063026554932,395.1063026554932,395.1063026554932,122682,,,not_specified,definitive,data/raw/open_medic/2020/atc4/NB_2020_atc4_age_sexe_reg.CSV.gz,001,002,sap-v1.0-amendments-001-002,17098130,0.24791756915148225
2020,11,Île-de-France,60,1,observed,18519,18519,18519,1116588.5,1658.5340078283093,1658.5340078283093,1658.5340078283093,189455,,,not_specified,definitive,data/raw/open_medic/2020/atc4/NB_2020_atc4_age_sexe_reg.CSV.gz,001,002,sap-v1.0-amendments-001-002,8738069,0.12669928381395645
2020,11,Île-de-France,60,2,observed,16109,16109,16109,1427170,1128.7372912827484,1128.7372912827484,1128.7372912827484,167234,,,not_specified,definitive,data/raw/open_medic/2020/atc4/NB_2020_atc4_age_sexe_reg.CSV.gz,001,002,sap-v1.0-amendments-001-002,10786630,0.15640278141156097
2020,24,Centre-Val de Loire,0,1,structural_zero_supported,0,0,0,308727.5,0,0,0,0,,,not_specified,definitive,,001,002,sap-v1.0-amendments-001-002,8007375,0.11610444798842623
2020,24,Centre-Val de Loire,0,2,structural_zero_supported,0,0,0,292962.5,0,0,0,0,,,not_specified,definitive,,001,002,sap-v1.0-amendments-001-002,7596793.5,0.11015114388917273
2020,24,Centre-Val de Loire,20,1,observed,2967,2967,2967,601315.5,493.4181806389491,493.4181806389491,493.4181806389491,28377,,,not_specified,definitive,data/raw/open_medic/2020/atc4/NB_2020_atc4_age_sexe_reg.CSV.gz,001,002,sap-v1.0-amendments-001-002,16739998.5,0.24272477374540136
2020,24,Centre-Val de Loire,20,2,observed,2580,2580,2580,611227,422.1017723366278,422.1017723366278,422.1017723366278,25077,,,not_specified,definitive,data/raw/open_medic/2020/atc4/NB_2020_atc4_age_sexe_reg.CSV.gz,001,002,sap-v1.0-amendments-001-002,17098130,0.24791756915148225
2020,24,Centre-Val de Loire,60,1,observed,5695,5695,5695,339215.5,1678.873754294836,1678.873754294836,1678.873754294836,59801,,,not_specified,definitive,data/raw/open_medic/2020/atc4/NB_2020_atc4_age_sexe_reg.CSV.gz,001,002,sap-v1.0-amendments-001-002,8738069,0.12669928381395645
2020,24,Centre-Val de Loire,60,2,observed,4585,4585,4585,420635,1090.0186622606298,1090.0186622606298,1090.0186622606298,48258,,,not_specified,definitive,data/raw/open_medic/2020/atc4/NB_2020_atc4_age_sexe_reg.CSV.gz,001,002,sap-v1.0-amendments-001-002,10786630,0.15640278141156097
2020,27,Bourgogne-Franche-Comté,0,1,structural_zero_supported,0,0,0,325903,0,0,0,0,,,not_specified,definitive,,001,002,sap-v1.0-amendments-001-002,8007375,0.11610444798842623
2020,27,Bourgogne-Franche-Comté,0,2,structural_zero_supported,0,0,0,307724.5,0,0,0,0,,,not_specified,definitive,,001,002,sap-v1.0-amendments-001-002,7596793.5,0.11015114388917273
2020,27,Bourgogne-Franche-Comté,20,1,observed,3805,3805,3805,659881.5,576.6186807782913,576.6186807782913,576.6186807782913,37771,,,not_specified,definitive,data/raw/open_medic/2020/atc4/NB_2020_atc4_age_sexe_reg.CSV.gz,001,002,sap-v1.0-amendments-001-002,16739998.5,0.24272477374540136
2020,27,Bourgogne-Franche-Comté,20,2,observed,3003,3003,3003,659264,455.5079603921949,455.5079603921949,455.5079603921949,29955,,,not_specified,definitive,data/raw/open_medic/2020/atc4/NB_2020_atc4_age_sexe_reg.CSV.gz,001,002,sap-v1.0-amendments-001-002,17098130,0.24791756915148225
2020,27,Bourgogne-Franche-Comté,60,1,observed,8027,8027,8027,379063,2117.5899520660155,2117.5899520660155,2117.5899520660155,87838,,,not_specified,definitive,data/raw/open_medic/2020/atc4/NB_2020_atc4_age_sexe_reg.CSV.gz,001,002,sap-v1.0-amendments-001-002,8738069,0.12669928381395645
2020,27,Bourgogne-Franche-Comté,60,2,observed,6423,6423,6423,469108.5,1369.1928413149624,1369.1928413149624,1369.1928413149624,71654,,,not_specified,definitive,data/raw/open_medic/2020/atc4/NB_2020_atc4_age_sexe_reg.CSV.gz,001,002,sap-v1.0-amendments-001-002,10786630,0.15640278141156097
2020,28,Normandie,0,1,structural_zero_supported,0,0,0,404690.5,0,0,0,0,,,not_specified,definitive,,001,002,sap-v1.0-amendments-001-002,8007375,0.11610444798842623
2020,28,Normandie,0,2,structural_zero_supported,0,0,0,383319,0,0,0,0,,,not_specified,definitive,,001,002,sap-v1.0-amendments-001-002,7596793.5,0.11015114388917273
2020,28,Normandie,20,1,observed,4052,4052,4052,786396.5,515.2617032247726,515.2617032247726,515.2617032247726,39299,,,not_specified,definitive,data/raw/open_medic/2020/atc4/NB_2020_atc4_age_sexe_reg.CSV.gz,001,002,sap-v1.0-amendments-001-002,16739998.5,0.24272477374540136
2020,28,Normandie,20,2,observed,3472,3472,3472,799395.5,434.32818923799294,434.32818923799294,434.32818923799294,34063,,,not_specified,definitive,data/raw/open_medic/2020/atc4/NB_2020_atc4_age_sexe_reg.CSV.gz,001,002,sap-v1.0-amendments-001-002,17098130,0.24791756915148225
2020,28,Normandie,60,1,observed,7649,7649,7649,418905,1825.9509912748713,1825.9509912748713,1825.9509912748713,81355,,,not_specified,definitive,data/raw/open_medic/2020/atc4/NB_2020_atc4_age_sexe_reg.CSV.gz,001,002,sap-v1.0-amendments-001-002,8738069,0.12669928381395645
2020,28,Normandie,60,2,observed,6232,6232,6232,534037.5,1166.959249116401,1166.959249116401,1166.959249116401,66919,,,not_specified,definitive,data/raw/open_medic/2020/atc4/NB_2020_atc4_age_sexe_reg.CSV.gz,001,002,sap-v1.0-amendments-001-002,10786630,0.15640278141156097
2020,32,Hauts-de-France,0,1,structural_zero_supported,0,0,0,785346,0,0,0,0,,,not_specified,definitive,,001,002,sap-v1.0-amendments-001-002,8007375,0.11610444798842623
2020,32,Hauts-de-France,0,2,structural_zero_supported,0,0,0,748117,0,0,0,0,,,not_specified,definitive,,001,002,sap-v1.0-amendments-001-002,7596793.5,0.11015114388917273
2020,32,Hauts-de-France,20,1,observed,10204,10204,10204,1477367,690.688231157187,690.688231157187,690.688231157187,104184,,,not_specified,definitive,data/raw/open_medic/2020/atc4/NB_2020_atc4_age_sexe_reg.CSV.gz,001,002,sap-v1.0-amendments-001-002,16739998.5,0.24272477374540136
2020,32,Hauts-de-France,20,2,observed,8468,8468,8468,1501386,564.0121860734015,564.0121860734015,564.0121860734015,88310,,,not_specified,definitive,data/raw/open_medic/2020/atc4/NB_2020_atc4_age_sexe_reg.CSV.gz,001,002,sap-v1.0-amendments-001-002,17098130,0.24791756915148225
2020,32,Hauts-de-France,60,1,observed,16166,16166,16166,643729.5,2511.3032725702333,2511.3032725702333,2511.3032725702333,181825,,,not_specified,definitive,data/raw/open_medic/2020/atc4/NB_2020_atc4_age_sexe_reg.CSV.gz,001,002,sap-v1.0-amendments-001-002,8738069,0.12669928381395645
2020,32,Hauts-de-France,60,2,observed,14488,14488,14488,840567.5,1723.5974505319323,1723.5974505319323,1723.5974505319323,164875,,,not_specified,definitive,data/raw/open_medic/2020/atc4/NB_2020_atc4_age_sexe_reg.CSV.gz,001,002,sap-v1.0-amendments-001-002,10786630,0.15640278141156097
2020,44,Grand Est,0,1,structural_zero_supported,0,0,0,653107,0,0,0,0,,,not_specified,definitive,,001,002,sap-v1.0-amendments-001-002,8007375,0.11610444798842623
2020,44,Grand Est,0,2,structural_zero_supported,0,0,0,618340.5,0,0,0,0,,,not_specified,definitive,,001,002,sap-v1.0-amendments-001-002,7596793.5,0.11015114388917273
2020,44,Grand Est,20,1,observed,8009,8009,8009,1381977,579.5320761488795,579.5320761488795,579.5320761488795,79908,,,not_specified,definitive,data/raw/open_medic/2020/atc4/NB_2020_atc4_age_sexe_reg.CSV.gz,001,002,sap-v1.0-amendments-001-002,16739998.5,0.24272477374540136
2020,44,Grand Est,20,2,observed,6733,6733,6733,1387045,485.42044418169564,485.42044418169564,485.42044418169564,67266,,,not_specified,definitive,data/raw/open_medic/2020/atc4/NB_2020_atc4_age_sexe_reg.CSV.gz,001,002,sap-v1.0-amendments-001-002,17098130,0.24791756915148225
2020,44,Grand Est,60,1,observed,13523,13523,13523,677824,1995.0606647153243,1995.0606647153243,1995.0606647153243,148525,,,not_specified,definitive,data/raw/open_medic/2020/atc4/NB_2020_atc4_age_sexe_reg.CSV.gz,001,002,sap-v1.0-amendments-001-002,8738069,0.12669928381395645
2020,44,Grand Est,60,2,observed,11291,11291,11291,843675.5,1338.3107604760362,1338.3107604760362,1338.3107604760362,124104,,,not_specified,definitive,data/raw/open_medic/2020/atc4/NB_2020_atc4_age_sexe_reg.CSV.gz,001,002,sap-v1.0-amendments-001-002,10786630,0.15640278141156097
2020,5,Overseas regions and departments,0,1,structural_zero_supported,0,0,0,353563.5,0,0,0,0,,,not_specified,definitive,,001,002,sap-v1.0-amendments-001-002,8007375,0.11610444798842623
2020,5,Overseas regions and departments,0,2,structural_zero_supported,0,0,0,347694.5,0,0,0,0,,,not_specified,definitive,,001,002,sap-v1.0-amendments-001-002,7596793.5,0.11015114388917273
2020,5,Overseas regions and departments,20,1,observed,3646,3646,3646,486361,749.6489233306124,749.6489233306124,749.6489233306124,32677,,,not_specified,definitive,data/raw/open_medic/2020/atc4/NB_2020_atc4_age_sexe_reg.CSV.gz,001,002,sap-v1.0-amendments-001-002,16739998.5,0.24272477374540136
2020,5,Overseas regions and departments,20,2,observed,6664,6664,6664,576564,1155.8127111647623,1155.8127111647623,1155.8127111647623,62022,,,not_specified,definitive,data/raw/open_medic/2020/atc4/NB_2020_atc4_age_sexe_reg.CSV.gz,001,002,sap-v1.0-amendments-001-002,17098130,0.24791756915148225
2020,5,Overseas regions and departments,60,1,observed,3919,3919,3919,188690.5,2076.9461101645284,2076.9461101645284,2076.9461101645284,38209,,,not_specified,definitive,data/raw/open_medic/2020/atc4/NB_2020_atc4_age_sexe_reg.CSV.gz,001,002,sap-v1.0-amendments-001-002,8738069,0.12669928381395645
2020,5,Overseas regions and departments,60,2,observed,6442,6442,6442,229413.5,2808.0300418240427,2808.0300418240427,2808.0300418240427,66448,,,not_specified,definitive,data/raw/open_medic/2020/atc4/NB_2020_atc4_age_sexe_reg.CSV.gz,001,002,sap-v1.0-amendments-001-002,10786630,0.15640278141156097
2020,52,Pays de la Loire,0,1,structural_zero_supported,0,0,0,483576,0,0,0,0,,,not_specified,definitive,,001,002,sap-v1.0-amendments-001-002,8007375,0.11610444798842623
2020,52,Pays de la Loire,0,2,structural_zero_supported,0,0,0,458475,0,0,0,0,,,not_specified,definitive,,001,002,sap-v1.0-amendments-001-002,7596793.5,0.11015114388917273
2020,52,Pays de la Loire,20,1,observed,3828,3828,3828,924084,414.24805537158954,414.24805537158954,414.24805537158954,36529,,,not_specified,definitive,data/raw/open_medic/2020/atc4/NB_2020_atc4_age_sexe_reg.CSV.gz,001,002,sap-v1.0-amendments-001-002,16739998.5,0.24272477374540136
2020,52,Pays de la Loire,20,2,observed,3160,3160,3160,926228.5,341.16851295333714,341.16851295333714,341.16851295333714,30928,,,not_specified,definitive,data/raw/open_medic/2020/atc4/NB_2020_atc4_age_sexe_reg.CSV.gz,001,002,sap-v1.0-amendments-001-002,17098130,0.24791756915148225
2020,52,Pays de la Loire,60,1,observed,6967,6967,6967,465900.5,1495.3836709769575,1495.3836709769575,1495.3836709769575,75062,,,not_specified,definitive,data/raw/open_medic/2020/atc4/NB_2020_atc4_age_sexe_reg.CSV.gz,001,002,sap-v1.0-amendments-001-002,8738069,0.12669928381395645
2020,52,Pays de la Loire,60,2,observed,5163,5163,5163,584795.5,882.8727307238172,882.8727307238172,882.8727307238172,55625,,,not_specified,definitive,data/raw/open_medic/2020/atc4/NB_2020_atc4_age_sexe_reg.CSV.gz,001,002,sap-v1.0-amendments-001-002,10786630,0.15640278141156097
2020,53,Bretagne,0,1,structural_zero_supported,0,0,0,400785,0,0,0,0,,,not_specified,definitive,,001,002,sap-v1.0-amendments-001-002,8007375,0.11610444798842623
2020,53,Bretagne,0,2,structural_zero_supported,0,0,0,379728,0,0,0,0,,,not_specified,definitive,,001,002,sap-v1.0-amendments-001-002,7596793.5,0.11015114388917273
2020,53,Bretagne,20,1,observed,2507,2507,2507,805181,311.35856409925225,311.35856409925225,311.35856409925225,24586,,,not_specified,definitive,data/raw/open_medic/2020/atc4/NB_2020_atc4_age_sexe_reg.CSV.gz,001,002,sap-v1.0-amendments-001-002,16739998.5,0.24272477374540136
2020,53,Bretagne,20,2,observed,1911,1911,1911,800167,238.82514525092887,238.82514525092887,238.82514525092887,18968,,,not_specified,definitive,data/raw/open_medic/2020/atc4/NB_2020_atc4_age_sexe_reg.CSV.gz,001,002,sap-v1.0-amendments-001-002,17098130,0.24791756915148225
2020,53,Bretagne,60,1,observed,4765,4765,4765,439464.5,1084.2741563880586,1084.2741563880586,1084.2741563880586,52654,,,not_specified,definitive,data/raw/open_medic/2020/atc4/NB_2020_atc4_age_sexe_reg.CSV.gz,001,002,sap-v1.0-amendments-001-002,8738069,0.12669928381395645
2020,53,Bretagne,60,2,observed,3294,3294,3294,558875.5,589.3978175819122,589.3978175819122,589.3978175819122,36049,,,not_specified,definitive,data/raw/open_medic/2020/atc4/NB_2020_atc4_age_sexe_reg.CSV.gz,001,002,sap-v1.0-amendments-001-002,10786630,0.15640278141156097
2020,75,Nouvelle-Aquitaine,0,1,structural_zero_supported,0,0,0,666260.5,0,0,0,0,,,not_specified,definitive,,001,002,sap-v1.0-amendments-001-002,8007375,0.11610444798842623
2020,75,Nouvelle-Aquitaine,0,2,ambiguous_due_to_unknown_age,,0,12,632559.5,,0,1.8970547434668201,,12,111,not_specified,definitive,,001,002,sap-v1.0-amendments-001-002,7596793.5,0.11015114388917273
2020,75,Nouvelle-Aquitaine,20,1,observed,6604,6604,6604,1413714,467.13833208131206,467.13833208131206,467.13833208131206,66566,,,not_specified,definitive,data/raw/open_medic/2020/atc4/NB_2020_atc4_age_sexe_reg.CSV.gz,001,002,sap-v1.0-amendments-001-002,16739998.5,0.24272477374540136
2020,75,Nouvelle-Aquitaine,20,2,observed,5250,5250,5250,1453268,361.2547720035121,361.2547720035121,361.2547720035121,52897,12,111,not_specified,definitive,data/raw/open_medic/2020/atc4/NB_2020_atc4_age_sexe_reg.CSV.gz,001,002,sap-v1.0-amendments-001-002,17098130,0.24791756915148225
2020,75,Nouvelle-Aquitaine,60,1,observed,14078,14078,14078,834710.5,1686.5727698405615,1686.5727698405615,1686.5727698405615,153376,,,not_specified,definitive,data/raw/open_medic/2020/atc4/NB_2020_atc4_age_sexe_reg.CSV.gz,001,002,sap-v1.0-amendments-001-002,8738069,0.12669928381395645
2020,75,Nouvelle-Aquitaine,60,2,observed,10904,10904,10904,1051139.5,1037.3504182841573,1037.3504182841573,1037.3504182841573,120453,12,111,not_specified,definitive,data/raw/open_medic/2020/atc4/NB_2020_atc4_age_sexe_reg.CSV.gz,001,002,sap-v1.0-amendments-001-002,10786630,0.15640278141156097
2020,76,Occitanie,0,1,ambiguous_due_to_unknown_age,,0,49,683536.5,,0,7.168600360039295,,49,281,not_specified,definitive,,001,002,sap-v1.0-amendments-001-002,8007375,0.11610444798842623
2020,76,Occitanie,0,2,ambiguous_due_to_unknown_age,,0,99,649662,,0,15.238693351311914,,99,829,not_specified,definitive,,001,002,sap-v1.0-amendments-001-002,7596793.5,0.11015114388917273
2020,76,Occitanie,20,1,observed,6117,6117,6117,1425640,429.0704525686709,429.0704525686709,429.0704525686709,58476,49,281,not_specified,definitive,data/raw/open_medic/2020/atc4/NB_2020_atc4_age_sexe_reg.CSV.gz,001,002,sap-v1.0-amendments-001-002,16739998.5,0.24272477374540136
2020,76,Occitanie,20,2,observed,5109,5109,5109,1469886,347.5779754348296,347.5779754348296,347.5779754348296,48888,99,829,not_specified,definitive,data/raw/open_medic/2020/atc4/NB_2020_atc4_age_sexe_reg.CSV.gz,001,002,sap-v1.0-amendments-001-002,17098130,0.24791756915148225
2020,76,Occitanie,60,1,observed,13352,13352,13352,789309.5,1691.6051308137048,1691.6051308137048,1691.6051308137048,141065,49,281,not_specified,definitive,data/raw/open_medic/2020/atc4/NB_2020_atc4_age_sexe_reg.CSV.gz,001,002,sap-v1.0-amendments-001-002,8738069,0.12669928381395645
2020,76,Occitanie,60,2,observed,10283,10283,10283,980038.5,1049.2444939663085,1049.2444939663085,1049.2444939663085,109822,99,829,not_specified,definitive,data/raw/open_medic/2020/atc4/NB_2020_atc4_age_sexe_reg.CSV.gz,001,002,sap-v1.0-amendments-001-002,10786630,0.15640278141156097
2020,84,Auvergne-Rhône-Alpes,0,1,structural_zero_supported,0,0,0,1002465.5,0,0,0,0,,,not_specified,definitive,,001,002,sap-v1.0-amendments-001-002,8007375,0.11610444798842623
2020,84,Auvergne-Rhône-Alpes,0,2,structural_zero_supported,0,0,0,951639,0,0,0,0,,,not_specified,definitive,,001,002,sap-v1.0-amendments-001-002,7596793.5,0.11015114388917273
2020,84,Auvergne-Rhône-Alpes,20,1,observed,9006,9006,9006,1996787.5,451.0244580357199,451.0244580357199,451.0244580357199,88546,,,not_specified,definitive,data/raw/open_medic/2020/atc4/NB_2020_atc4_age_sexe_reg.CSV.gz,001,002,sap-v1.0-amendments-001-002,16739998.5,0.24272477374540136
2020,84,Auvergne-Rhône-Alpes,20,2,observed,7063,7063,7063,2022237,349.2666784358114,349.2666784358114,349.2666784358114,69504,,,not_specified,definitive,data/raw/open_medic/2020/atc4/NB_2020_atc4_age_sexe_reg.CSV.gz,001,002,sap-v1.0-amendments-001-002,17098130,0.24791756915148225
2020,84,Auvergne-Rhône-Alpes,60,1,observed,15530,15530,15530,942026.5,1648.573580467216,1648.573580467216,1648.573580467216,166207,,,not_specified,definitive,data/raw/open_medic/2020/atc4/NB_2020_atc4_age_sexe_reg.CSV.gz,001,002,sap-v1.0-amendments-001-002,8738069,0.12669928381395645
2020,84,Auvergne-Rhône-Alpes,60,2,observed,12622,12622,12622,1181351,1068.437746275239,1068.437746275239,1068.437746275239,136015,,,not_specified,definitive,data/raw/open_medic/2020/atc4/NB_2020_atc4_age_sexe_reg.CSV.gz,001,002,sap-v1.0-amendments-001-002,10786630,0.15640278141156097
2020,93,Provence-Alpes-Côte d'Azur and Corse,0,1,ambiguous_due_to_unknown_age,,0,22,617087,,0,3.5651374927684425,,22,205,not_specified,definitive,,001,002,sap-v1.0-amendments-001-002,8007375,0.11610444798842623
2020,93,Provence-Alpes-Côte d'Azur and Corse,0,2,observed,12,12,12,583354.5,2.0570682149533432,2.0570682149533432,2.0570682149533432,52,86,792,not_specified,definitive,data/raw/open_medic/2020/atc4/NB_2020_atc4_age_sexe_reg.CSV.gz,001,002,sap-v1.0-amendments-001-002,7596793.5,0.11015114388917273
2020,93,Provence-Alpes-Côte d'Azur and Corse,20,1,observed,6228,6228,6228,1276323.5,487.96406240267453,487.96406240267453,487.96406240267453,56969,22,205,not_specified,definitive,data/raw/open_medic/2020/atc4/NB_2020_atc4_age_sexe_reg.CSV.gz,001,002,sap-v1.0-amendments-001-002,16739998.5,0.24272477374540136
2020,93,Provence-Alpes-Côte d'Azur and Corse,20,2,observed,5503,5503,5503,1347737,408.31408501807107,408.31408501807107,408.31408501807107,50872,86,792,not_specified,definitive,data/raw/open_medic/2020/atc4/NB_2020_atc4_age_sexe_reg.CSV.gz,001,002,sap-v1.0-amendments-001-002,17098130,0.24791756915148225
2020,93,Provence-Alpes-Côte d'Azur and Corse,60,1,observed,13061,13061,13061,718948.5,1816.6808888258338,1816.6808888258338,1816.6808888258338,134221,22,205,not_specified,definitive,data/raw/open_medic/2020/atc4/NB_2020_atc4_age_sexe_reg.CSV.gz,001,002,sap-v1.0-amendments-001-002,8738069,0.12669928381395645
2020,93,Provence-Alpes-Côte d'Azur and Corse,60,2,observed,10433,10433,10433,915451.5,1139.6562242784025,1139.6562242784025,1139.6562242784025,108050,86,792,not_specified,definitive,data/raw/open_medic/2020/atc4/NB_2020_atc4_age_sexe_reg.CSV.gz,001,002,sap-v1.0-amendments-001-002,10786630,0.15640278141156097
2021,11,Île-de-France,0,1,observed,42,42,42,1586378.5,2.647539663453583,2.647539663453583,2.647539663453583,157,,,definitive,definitive,data/raw/open_medic/2021/atc4/NB_2021_atc4_age_sexe_reg.CSV.gz,001,002,sap-v1.0-amendments-001-002,8007375,0.11610444798842623
2021,11,Île-de-France,0,2,observed,75,75,75,1522282.5,4.926812204699194,4.926812204699194,4.926812204699194,315,,,definitive,definitive,data/raw/open_medic/2021/atc4/NB_2021_atc4_age_sexe_reg.CSV.gz,001,002,sap-v1.0-amendments-001-002,7596793.5,0.11015114388917273
2021,11,Île-de-France,20,1,observed,17473,17473,17473,3250861.5,537.4882934877417,537.4882934877417,537.4882934877417,152269,,,definitive,definitive,data/raw/open_medic/2021/atc4/NB_2021_atc4_age_sexe_reg.CSV.gz,001,002,sap-v1.0-amendments-001-002,16739998.5,0.24272477374540136
2021,11,Île-de-France,20,2,observed,16961,16961,16961,3411516,497.1690005264521,497.1690005264521,497.1690005264521,147450,,,definitive,definitive,data/raw/open_medic/2021/atc4/NB_2021_atc4_age_sexe_reg.CSV.gz,001,002,sap-v1.0-amendments-001-002,17098130,0.24791756915148225
2021,11,Île-de-France,60,1,observed,23452,23452,23452,1133653.5,2068.709707154788,2068.709707154788,2068.709707154788,229890,,,definitive,definitive,data/raw/open_medic/2021/atc4/NB_2021_atc4_age_sexe_reg.CSV.gz,001,002,sap-v1.0-amendments-001-002,8738069,0.12669928381395645
2021,11,Île-de-France,60,2,observed,19975,19975,19975,1444429.5,1382.898923069627,1382.898923069627,1382.898923069627,199117,,,definitive,definitive,data/raw/open_medic/2021/atc4/NB_2021_atc4_age_sexe_reg.CSV.gz,001,002,sap-v1.0-amendments-001-002,10786630,0.15640278141156097
2021,24,Centre-Val de Loire,0,1,structural_zero_supported,0,0,0,307340.5,0,0,0,0,,,definitive,definitive,,001,002,sap-v1.0-amendments-001-002,8007375,0.11610444798842623
2021,24,Centre-Val de Loire,0,2,structural_zero_supported,0,0,0,290624.5,0,0,0,0,,,definitive,definitive,,001,002,sap-v1.0-amendments-001-002,7596793.5,0.11015114388917273
2021,24,Centre-Val de Loire,20,1,observed,3700,3700,3700,601198.5,615.4373305987956,615.4373305987956,615.4373305987956,34419,,,definitive,definitive,data/raw/open_medic/2021/atc4/NB_2021_atc4_age_sexe_reg.CSV.gz,001,002,sap-v1.0-amendments-001-002,16739998.5,0.24272477374540136
2021,24,Centre-Val de Loire,20,2,observed,3278,3278,3278,611205.5,536.3171633763112,536.3171633763112,536.3171633763112,30416,,,definitive,definitive,data/raw/open_medic/2021/atc4/NB_2021_atc4_age_sexe_reg.CSV.gz,001,002,sap-v1.0-amendments-001-002,17098130,0.24791756915148225
2021,24,Centre-Val de Loire,60,1,observed,7398,7398,7398,342709.5,2158.679581394738,2158.679581394738,2158.679581394738,74712,,,definitive,definitive,data/raw/open_medic/2021/atc4/NB_2021_atc4_age_sexe_reg.CSV.gz,001,002,sap-v1.0-amendments-001-002,8738069,0.12669928381395645
2021,24,Centre-Val de Loire,60,2,observed,5926,5926,5926,424371.5,1396.4179969672798,1396.4179969672798,1396.4179969672798,59624,,,definitive,definitive,data/raw/open_medic/2021/atc4/NB_2021_atc4_age_sexe_reg.CSV.gz,001,002,sap-v1.0-amendments-001-002,10786630,0.15640278141156097
2021,27,Bourgogne-Franche-Comté,0,1,structural_zero_supported,0,0,0,323691,0,0,0,0,,,definitive,definitive,,001,002,sap-v1.0-amendments-001-002,8007375,0.11610444798842623
2021,27,Bourgogne-Franche-Comté,0,2,structural_zero_supported,0,0,0,304470.5,0,0,0,0,,,definitive,definitive,,001,002,sap-v1.0-amendments-001-002,7596793.5,0.11015114388917273
2021,27,Bourgogne-Franche-Comté,20,1,observed,4545,4545,4545,660280.5,688.3438175139203,688.3438175139203,688.3438175139203,43896,,,definitive,definitive,data/raw/open_medic/2021/atc4/NB_2021_atc4_age_sexe_reg.CSV.gz,001,002,sap-v1.0-amendments-001-002,16739998.5,0.24272477374540136
2021,27,Bourgogne-Franche-Comté,20,2,observed,3569,3569,3569,657784,542.5793269523126,542.5793269523126,542.5793269523126,35059,,,definitive,definitive,data/raw/open_medic/2021/atc4/NB_2021_atc4_age_sexe_reg.CSV.gz,001,002,sap-v1.0-amendments-001-002,17098130,0.24791756915148225
2021,27,Bourgogne-Franche-Comté,60,1,observed,9831,9831,9831,382857.5,2567.7961121304925,2567.7961121304925,2567.7961121304925,104681,,,definitive,definitive,data/raw/open_medic/2021/atc4/NB_2021_atc4_age_sexe_reg.CSV.gz,001,002,sap-v1.0-amendments-001-002,8738069,0.12669928381395645
2021,27,Bourgogne-Franche-Comté,60,2,observed,7798,7798,7798,473002,1648.6188219077296,1648.6188219077296,1648.6188219077296,83171,,,definitive,definitive,data/raw/open_medic/2021/atc4/NB_2021_atc4_age_sexe_reg.CSV.gz,001,002,sap-v1.0-amendments-001-002,10786630,0.15640278141156097
2021,28,Normandie,0,1,structural_zero_supported,0,0,0,401089,0,0,0,0,,,definitive,definitive,,001,002,sap-v1.0-amendments-001-002,8007375,0.11610444798842623
2021,28,Normandie,0,2,structural_zero_supported,0,0,0,380026,0,0,0,0,,,definitive,definitive,,001,002,sap-v1.0-amendments-001-002,7596793.5,0.11015114388917273
2021,28,Normandie,20,1,observed,4792,4792,4792,786660.5,609.1573175467689,609.1573175467689,609.1573175467689,45623,,,definitive,definitive,data/raw/open_medic/2021/atc4/NB_2021_atc4_age_sexe_reg.CSV.gz,001,002,sap-v1.0-amendments-001-002,16739998.5,0.24272477374540136
2021,28,Normandie,20,2,observed,4058,4058,4058,798392.5,508.27130765882697,508.27130765882697,508.27130765882697,39107,,,definitive,definitive,data/raw/open_medic/2021/atc4/NB_2021_atc4_age_sexe_reg.CSV.gz,001,002,sap-v1.0-amendments-001-002,17098130,0.24791756915148225
2021,28,Normandie,60,1,observed,9689,9689,9689,425743.5,2275.783423587207,2275.783423587207,2275.783423587207,100007,,,definitive,definitive,data/raw/open_medic/2021/atc4/NB_2021_atc4_age_sexe_reg.CSV.gz,001,002,sap-v1.0-amendments-001-002,8738069,0.12669928381395645
2021,28,Normandie,60,2,observed,7699,7699,7699,541608.5,1421.5064940819798,1421.5064940819798,1421.5064940819798,80303,,,definitive,definitive,data/raw/open_medic/2021/atc4/NB_2021_atc4_age_sexe_reg.CSV.gz,001,002,sap-v1.0-amendments-001-002,10786630,0.15640278141156097
2021,32,Hauts-de-France,0,1,structural_zero_supported,0,0,0,777469.5,0,0,0,0,,,definitive,definitive,,001,002,sap-v1.0-amendments-001-002,8007375,0.11610444798842623
2021,32,Hauts-de-France,0,2,observed,11,11,11,740536.5,1.485409564552186,1.485409564552186,1.485409564552186,31,,,definitive,definitive,data/raw/open_medic/2021/atc4/NB_2021_atc4_age_sexe_reg.CSV.gz,001,002,sap-v1.0-amendments-001-002,7596793.5,0.11015114388917273
2021,32,Hauts-de-France,20,1,observed,12139,12139,12139,1477415,821.637793037163,821.637793037163,821.637793037163,119471,,,definitive,definitive,data/raw/open_medic/2021/atc4/NB_2021_atc4_age_sexe_reg.CSV.gz,001,002,sap-v1.0-amendments-001-002,16739998.5,0.24272477374540136
2021,32,Hauts-de-France,20,2,observed,10161,10161,10161,1499474,677.6376249271411,677.6376249271411,677.6376249271411,100399,,,definitive,definitive,data/raw/open_medic/2021/atc4/NB_2021_atc4_age_sexe_reg.CSV.gz,001,002,sap-v1.0-amendments-001-002,17098130,0.24791756915148225
2021,32,Hauts-de-France,60,1,observed,20065,20065,20065,653115,3072.2001485190203,3072.2001485190203,3072.2001485190203,217342,,,definitive,definitive,data/raw/open_medic/2021/atc4/NB_2021_atc4_age_sexe_reg.CSV.gz,001,002,sap-v1.0-amendments-001-002,8738069,0.12669928381395645
2021,32,Hauts-de-France,60,2,observed,17781,17781,17781,849094,2094.114432559881,2094.114432559881,2094.114432559881,193035,,,definitive,definitive,data/raw/open_medic/2021/atc4/NB_2021_atc4_age_sexe_reg.CSV.gz,001,002,sap-v1.0-amendments-001-002,10786630,0.15640278141156097
2021,44,Grand Est,0,1,structural_zero_supported,0,0,0,647606,0,0,0,0,,,definitive,definitive,,001,002,sap-v1.0-amendments-001-002,8007375,0.11610444798842623
2021,44,Grand Est,0,2,observed,13,13,13,613295.5,2.1196959703764335,2.1196959703764335,2.1196959703764335,19,,,definitive,definitive,data/raw/open_medic/2021/atc4/NB_2021_atc4_age_sexe_reg.CSV.gz,001,002,sap-v1.0-amendments-001-002,7596793.5,0.11015114388917273
2021,44,Grand Est,20,1,observed,9738,9738,9738,1379136.5,706.0939943218093,706.0939943218093,706.0939943218093,93389,,,definitive,definitive,data/raw/open_medic/2021/atc4/NB_2021_atc4_age_sexe_reg.CSV.gz,001,002,sap-v1.0-amendments-001-002,16739998.5,0.24272477374540136
2021,44,Grand Est,20,2,observed,8200,8200,8200,1381737.5,593.4557034168936,593.4557034168936,593.4557034168936,78879,,,definitive,definitive,data/raw/open_medic/2021/atc4/NB_2021_atc4_age_sexe_reg.CSV.gz,001,002,sap-v1.0-amendments-001-002,17098130,0.24791756915148225
2021,44,Grand Est,60,1,observed,17306,17306,17306,686670,2520.27902777171,2520.27902777171,2520.27902777171,181627,,,definitive,definitive,data/raw/open_medic/2021/atc4/NB_2021_atc4_age_sexe_reg.CSV.gz,001,002,sap-v1.0-amendments-001-002,8738069,0.12669928381395645
2021,44,Grand Est,60,2,observed,14294,14294,14294,852237.5,1677.2319922556799,1677.2319922556799,1677.2319922556799,150183,,,definitive,definitive,data/raw/open_medic/2021/atc4/NB_2021_atc4_age_sexe_reg.CSV.gz,001,002,sap-v1.0-amendments-001-002,10786630,0.15640278141156097
2021,5,Overseas regions and departments,0,1,structural_zero_supported,0,0,0,354037,0,0,0,0,,,definitive,definitive,,001,002,sap-v1.0-amendments-001-002,8007375,0.11610444798842623
2021,5,Overseas regions and departments,0,2,observed,29,29,29,348114.5,8.330592376933453,8.330592376933453,8.330592376933453,138,,,definitive,definitive,data/raw/open_medic/2021/atc4/NB_2021_atc4_age_sexe_reg.CSV.gz,001,002,sap-v1.0-amendments-001-002,7596793.5,0.11015114388917273
2021,5,Overseas regions and departments,20,1,observed,4447,4447,4447,487389.5,912.4119415785527,912.4119415785527,912.4119415785527,38663,,,definitive,definitive,data/raw/open_medic/2021/atc4/NB_2021_atc4_age_sexe_reg.CSV.gz,001,002,sap-v1.0-amendments-001-002,16739998.5,0.24272477374540136
2021,5,Overseas regions and departments,20,2,observed,8091,8091,8091,578656,1398.2400597246033,1398.2400597246033,1398.2400597246033,73618,,,definitive,definitive,data/raw/open_medic/2021/atc4/NB_2021_atc4_age_sexe_reg.CSV.gz,001,002,sap-v1.0-amendments-001-002,17098130,0.24791756915148225
2021,5,Overseas regions and departments,60,1,observed,5114,5114,5114,196627.5,2600.8569503248527,2600.8569503248527,2600.8569503248527,49447,,,definitive,definitive,data/raw/open_medic/2021/atc4/NB_2021_atc4_age_sexe_reg.CSV.gz,001,002,sap-v1.0-amendments-001-002,8738069,0.12669928381395645
2021,5,Overseas regions and departments,60,2,observed,8141,8141,8141,238090.5,3419.288043832072,3419.288043832072,3419.288043832072,82304,,,definitive,definitive,data/raw/open_medic/2021/atc4/NB_2021_atc4_age_sexe_reg.CSV.gz,001,002,sap-v1.0-amendments-001-002,10786630,0.15640278141156097
2021,52,Pays de la Loire,0,1,observed,12,12,12,481945.5,2.4899080912675813,2.4899080912675813,2.4899080912675813,91,,,definitive,definitive,data/raw/open_medic/2021/atc4/NB_2021_atc4_age_sexe_reg.CSV.gz,001,002,sap-v1.0-amendments-001-002,8007375,0.11610444798842623
2021,52,Pays de la Loire,0,2,observed,11,11,11,455678.5,2.413982665409933,2.413982665409933,2.413982665409933,75,,,definitive,definitive,data/raw/open_medic/2021/atc4/NB_2021_atc4_age_sexe_reg.CSV.gz,001,002,sap-v1.0-amendments-001-002,7596793.5,0.11015114388917273
2021,52,Pays de la Loire,20,1,observed,4717,4717,4717,931229,506.53491246514017,506.53491246514017,506.53491246514017,44315,,,definitive,definitive,data/raw/open_medic/2021/atc4/NB_2021_atc4_age_sexe_reg.CSV.gz,001,002,sap-v1.0-amendments-001-002,16739998.5,0.24272477374540136
2021,52,Pays de la Loire,20,2,observed,3869,3869,3869,931317.5,415.43297532796277,415.43297532796277,415.43297532796277,37024,,,definitive,definitive,data/raw/open_medic/2021/atc4/NB_2021_atc4_age_sexe_reg.CSV.gz,001,002,sap-v1.0-amendments-001-002,17098130,0.24791756915148225
2021,52,Pays de la Loire,60,1,observed,8846,8846,8846,473664.5,1867.5666004102059,1867.5666004102059,1867.5666004102059,92453,,,definitive,definitive,data/raw/open_medic/2021/atc4/NB_2021_atc4_age_sexe_reg.CSV.gz,001,002,sap-v1.0-amendments-001-002,8738069,0.12669928381395645
2021,52,Pays de la Loire,60,2,observed,6514,6514,6514,592772.5,1098.9038796502873,1098.9038796502873,1098.9038796502873,67982,,,definitive,definitive,data/raw/open_medic/2021/atc4/NB_2021_atc4_age_sexe_reg.CSV.gz,001,002,sap-v1.0-amendments-001-002,10786630,0.15640278141156097
2021,53,Bretagne,0,1,structural_zero_supported,0,0,0,398916.5,0,0,0,0,,,definitive,definitive,,001,002,sap-v1.0-amendments-001-002,8007375,0.11610444798842623
2021,53,Bretagne,0,2,structural_zero_supported,0,0,0,377894.5,0,0,0,0,,,definitive,definitive,,001,002,sap-v1.0-amendments-001-002,7596793.5,0.11015114388917273
2021,53,Bretagne,20,1,observed,3139,3139,3139,811131,386.9905107806261,386.9905107806261,386.9905107806261,30197,,,definitive,definitive,data/raw/open_medic/2021/atc4/NB_2021_atc4_age_sexe_reg.CSV.gz,001,002,sap-v1.0-amendments-001-002,16739998.5,0.24272477374540136
2021,53,Bretagne,20,2,observed,2360,2360,2360,804487.5,293.354464799018,293.354464799018,293.354464799018,22758,,,definitive,definitive,data/raw/open_medic/2021/atc4/NB_2021_atc4_age_sexe_reg.CSV.gz,001,002,sap-v1.0-amendments-001-002,17098130,0.24791756915148225
2021,53,Bretagne,60,1,observed,6159,6159,6159,448388,1373.5871611193877,1373.5871611193877,1373.5871611193877,66034,,,definitive,definitive,data/raw/open_medic/2021/atc4/NB_2021_atc4_age_sexe_reg.CSV.gz,001,002,sap-v1.0-amendments-001-002,8738069,0.12669928381395645
2021,53,Bretagne,60,2,observed,4126,4126,4126,567888.5,726.551074726817,726.551074726817,726.551074726817,44017,,,definitive,definitive,data/raw/open_medic/2021/atc4/NB_2021_atc4_age_sexe_reg.CSV.gz,001,002,sap-v1.0-amendments-001-002,10786630,0.15640278141156097
2021,75,Nouvelle-Aquitaine,0,1,ambiguous_due_to_unknown_age,,0,11,663637.5,,0,1.6575314083366295,,11,64,definitive,definitive,,001,002,sap-v1.0-amendments-001-002,8007375,0.11610444798842623
2021,75,Nouvelle-Aquitaine,0,2,ambiguous_due_to_unknown_age,,0,24,629502,,0,3.8125375296663075,,24,206,definitive,definitive,,001,002,sap-v1.0-amendments-001-002,7596793.5,0.11015114388917273
2021,75,Nouvelle-Aquitaine,20,1,observed,7940,7940,7940,1424089.5,557.5492270675403,557.5492270675403,557.5492270675403,77349,11,64,definitive,definitive,data/raw/open_medic/2021/atc4/NB_2021_atc4_age_sexe_reg.CSV.gz,001,002,sap-v1.0-amendments-001-002,16739998.5,0.24272477374540136
2021,75,Nouvelle-Aquitaine,20,2,observed,6213,6213,6213,1459874,425.5846737458165,425.5846737458165,425.5846737458165,60474,24,206,definitive,definitive,data/raw/open_medic/2021/atc4/NB_2021_atc4_age_sexe_reg.CSV.gz,001,002,sap-v1.0-amendments-001-002,17098130,0.24791756915148225
2021,75,Nouvelle-Aquitaine,60,1,observed,17930,17930,17930,848828,2112.3242871347315,2112.3242871347315,2112.3242871347315,189976,11,64,definitive,definitive,data/raw/open_medic/2021/atc4/NB_2021_atc4_age_sexe_reg.CSV.gz,001,002,sap-v1.0-amendments-001-002,8738069,0.12669928381395645
2021,75,Nouvelle-Aquitaine,60,2,observed,13347,13347,13347,1065437,1252.7254075088438,1252.7254075088438,1252.7254075088438,142824,24,206,definitive,definitive,data/raw/open_medic/2021/atc4/NB_2021_atc4_age_sexe_reg.CSV.gz,001,002,sap-v1.0-amendments-001-002,10786630,0.15640278141156097
2021,76,Occitanie,0,1,observed,14,14,14,685309.5,2.042872599898294,2.042872599898294,2.042872599898294,22,57,420,definitive,definitive,data/raw/open_medic/2021/atc4/NB_2021_atc4_age_sexe_reg.CSV.gz,001,002,sap-v1.0-amendments-001-002,8007375,0.11610444798842623
2021,76,Occitanie,0,2,observed,15,15,15,650864.5,2.304627153578049,2.304627153578049,2.304627153578049,63,103,843,definitive,definitive,data/raw/open_medic/2021/atc4/NB_2021_atc4_age_sexe_reg.CSV.gz,001,002,sap-v1.0-amendments-001-002,7596793.5,0.11015114388917273
2021,76,Occitanie,20,1,observed,7658,7658,7658,1436339.5,533.1608578612507,533.1608578612507,533.1608578612507,70885,57,420,definitive,definitive,data/raw/open_medic/2021/atc4/NB_2021_atc4_age_sexe_reg.CSV.gz,001,002,sap-v1.0-amendments-001-002,16739998.5,0.24272477374540136
2021,76,Occitanie,20,2,observed,6212,6212,6212,1479178,419.9629794385801,419.9629794385801,419.9629794385801,57228,103,843,definitive,definitive,data/raw/open_medic/2021/atc4/NB_2021_atc4_age_sexe_reg.CSV.gz,001,002,sap-v1.0-amendments-001-002,17098130,0.24791756915148225
2021,76,Occitanie,60,1,observed,16677,16677,16677,804595,2072.7198155593805,2072.7198155593805,2072.7198155593805,171534,57,420,definitive,definitive,data/raw/open_medic/2021/atc4/NB_2021_atc4_age_sexe_reg.CSV.gz,001,002,sap-v1.0-amendments-001-002,8738069,0.12669928381395645
2021,76,Occitanie,60,2,observed,12637,12637,12637,995167,1269.8371228145627,1269.8371228145627,1269.8371228145627,130918,103,843,definitive,definitive,data/raw/open_medic/2021/atc4/NB_2021_atc4_age_sexe_reg.CSV.gz,001,002,sap-v1.0-amendments-001-002,10786630,0.15640278141156097
2021,84,Auvergne-Rhône-Alpes,0,1,observed,13,13,13,999057,1.3012270571148592,1.3012270571148592,1.3012270571148592,33,,,definitive,definitive,data/raw/open_medic/2021/atc4/NB_2021_atc4_age_sexe_reg.CSV.gz,001,002,sap-v1.0-amendments-001-002,8007375,0.11610444798842623
2021,84,Auvergne-Rhône-Alpes,0,2,observed,11,11,11,948420,1.1598237067965669,1.1598237067965669,1.1598237067965669,32,,,definitive,definitive,data/raw/open_medic/2021/atc4/NB_2021_atc4_age_sexe_reg.CSV.gz,001,002,sap-v1.0-amendments-001-002,7596793.5,0.11015114388917273
2021,84,Auvergne-Rhône-Alpes,20,1,observed,10703,10703,10703,2009362.5,532.6565017511773,532.6565017511773,532.6565017511773,101326,,,definitive,definitive,data/raw/open_medic/2021/atc4/NB_2021_atc4_age_sexe_reg.CSV.gz,001,002,sap-v1.0-amendments-001-002,16739998.5,0.24272477374540136
2021,84,Auvergne-Rhône-Alpes,20,2,observed,8240,8240,8240,2032001,405.5116114608211,405.5116114608211,405.5116114608211,78242,,,definitive,definitive,data/raw/open_medic/2021/atc4/NB_2021_atc4_age_sexe_reg.CSV.gz,001,002,sap-v1.0-amendments-001-002,17098130,0.24791756915148225
2021,84,Auvergne-Rhône-Alpes,60,1,observed,19258,19258,19258,955991.5,2014.45305737551,2014.45305737551,2014.45305737551,201282,,,definitive,definitive,data/raw/open_medic/2021/atc4/NB_2021_atc4_age_sexe_reg.CSV.gz,001,002,sap-v1.0-amendments-001-002,8738069,0.12669928381395645
2021,84,Auvergne-Rhône-Alpes,60,2,observed,15431,15431,15431,1194290.5,1292.0642004604406,1292.0642004604406,1292.0642004604406,161352,,,definitive,definitive,data/raw/open_medic/2021/atc4/NB_2021_atc4_age_sexe_reg.CSV.gz,001,002,sap-v1.0-amendments-001-002,10786630,0.15640278141156097
2021,93,Provence-Alpes-Côte d'Azur and Corse,0,1,observed,17,17,17,615098,2.763787233904191,2.763787233904191,2.763787233904191,61,48,312,definitive,definitive,data/raw/open_medic/2021/atc4/NB_2021_atc4_age_sexe_reg.CSV.gz,001,002,sap-v1.0-amendments-001-002,8007375,0.11610444798842623
2021,93,Provence-Alpes-Côte d'Azur and Corse,0,2,observed,39,39,39,581139.5,6.710953222074906,6.710953222074906,6.710953222074906,134,82,794,definitive,definitive,data/raw/open_medic/2021/atc4/NB_2021_atc4_age_sexe_reg.CSV.gz,001,002,sap-v1.0-amendments-001-002,7596793.5,0.11015114388917273
2021,93,Provence-Alpes-Côte d'Azur and Corse,20,1,observed,7495,7495,7495,1287221,582.2620979614222,582.2620979614222,582.2620979614222,66321,48,312,definitive,definitive,data/raw/open_medic/2021/atc4/NB_2021_atc4_age_sexe_reg.CSV.gz,001,002,sap-v1.0-amendments-001-002,16739998.5,0.24272477374540136
2021,93,Provence-Alpes-Côte d'Azur and Corse,20,2,observed,6616,6616,6616,1354879,488.3092881356933,488.3092881356933,488.3092881356933,58594,82,794,definitive,definitive,data/raw/open_medic/2021/atc4/NB_2021_atc4_age_sexe_reg.CSV.gz,001,002,sap-v1.0-amendments-001-002,17098130,0.24791756915148225
2021,93,Provence-Alpes-Côte d'Azur and Corse,60,1,observed,16236,16236,16236,730653,2222.121855381419,2222.121855381419,2222.121855381419,160224,48,312,definitive,definitive,data/raw/open_medic/2021/atc4/NB_2021_atc4_age_sexe_reg.CSV.gz,001,002,sap-v1.0-amendments-001-002,8738069,0.12669928381395645
2021,93,Provence-Alpes-Côte d'Azur and Corse,60,2,observed,12880,12880,12880,929522,1385.6584351957242,1385.6584351957242,1385.6584351957242,127370,82,794,definitive,definitive,data/raw/open_medic/2021/atc4/NB_2021_atc4_age_sexe_reg.CSV.gz,001,002,sap-v1.0-amendments-001-002,10786630,0.15640278141156097
2022,11,Île-de-France,0,1,observed,98,98,98,1576460,6.21645966278878,6.21645966278878,6.21645966278878,333,,,definitive,definitive,data/raw/open_medic/2022/atc4/NB_2022_atc4_age_sexe_reg.CSV.gz,001,002,sap-v1.0-amendments-001-002,8007375,0.11610444798842623
2022,11,Île-de-France,0,2,observed,142,142,142,1513218.5,9.383971977609315,9.383971977609315,9.383971977609315,542,,,definitive,definitive,data/raw/open_medic/2022/atc4/NB_2022_atc4_age_sexe_reg.CSV.gz,001,002,sap-v1.0-amendments-001-002,7596793.5,0.11015114388917273
2022,11,Île-de-France,20,1,observed,21468,21468,21468,3279826,654.5469180377252,654.5469180377252,654.5469180377252,185020,,,definitive,definitive,data/raw/open_medic/2022/atc4/NB_2022_atc4_age_sexe_reg.CSV.gz,001,002,sap-v1.0-amendments-001-002,16739998.5,0.24272477374540136
2022,11,Île-de-France,20,2,observed,22000,22000,22000,3433196.5,640.8022377979239,640.8022377979239,640.8022377979239,186140,,,definitive,definitive,data/raw/open_medic/2022/atc4/NB_2022_atc4_age_sexe_reg.CSV.gz,001,002,sap-v1.0-amendments-001-002,17098130,0.24791756915148225
2022,11,Île-de-France,60,1,observed,28919,28919,28919,1154286.5,2505.357205511803,2505.357205511803,2505.357205511803,287001,,,definitive,definitive,data/raw/open_medic/2022/atc4/NB_2022_atc4_age_sexe_reg.CSV.gz,001,002,sap-v1.0-amendments-001-002,8738069,0.12669928381395645
2022,11,Île-de-France,60,2,observed,24773,24773,24773,1465028,1690.9574424516118,1690.9574424516118,1690.9574424516118,245976,,,definitive,definitive,data/raw/open_medic/2022/atc4/NB_2022_atc4_age_sexe_reg.CSV.gz,001,002,sap-v1.0-amendments-001-002,10786630,0.15640278141156097
2022,24,Centre-Val de Loire,0,1,structural_zero_supported,0,0,0,306264.5,0,0,0,0,,,definitive,definitive,,001,002,sap-v1.0-amendments-001-002,8007375,0.11610444798842623
2022,24,Centre-Val de Loire,0,2,structural_zero_supported,0,0,0,288833,0,0,0,0,,,definitive,definitive,,001,002,sap-v1.0-amendments-001-002,7596793.5,0.11015114388917273
2022,24,Centre-Val de Loire,20,1,observed,4589,4589,4589,601878,762.4468746157859,762.4468746157859,762.4468746157859,42036,,,definitive,definitive,data/raw/open_medic/2022/atc4/NB_2022_atc4_age_sexe_reg.CSV.gz,001,002,sap-v1.0-amendments-001-002,16739998.5,0.24272477374540136
2022,24,Centre-Val de Loire,20,2,observed,4060,4060,4060,611938.5,663.4653645750349,663.4653645750349,663.4653645750349,37174,,,definitive,definitive,data/raw/open_medic/2022/atc4/NB_2022_atc4_age_sexe_reg.CSV.gz,001,002,sap-v1.0-amendments-001-002,17098130,0.24791756915148225
2022,24,Centre-Val de Loire,60,1,observed,9410,9410,9410,346788,2713.4733612466407,2713.4733612466407,2713.4733612466407,96218,,,definitive,definitive,data/raw/open_medic/2022/atc4/NB_2022_atc4_age_sexe_reg.CSV.gz,001,002,sap-v1.0-amendments-001-002,8738069,0.12669928381395645
2022,24,Centre-Val de Loire,60,2,observed,7573,7573,7573,428612,1766.8660700120388,1766.8660700120388,1766.8660700120388,77311,,,definitive,definitive,data/raw/open_medic/2022/atc4/NB_2022_atc4_age_sexe_reg.CSV.gz,001,002,sap-v1.0-amendments-001-002,10786630,0.15640278141156097
2022,27,Bourgogne-Franche-Comté,0,1,structural_zero_supported,0,0,0,320594,0,0,0,0,,,definitive,definitive,,001,002,sap-v1.0-amendments-001-002,8007375,0.11610444798842623
2022,27,Bourgogne-Franche-Comté,0,2,observed,24,24,24,301134,7.9698738767459,7.9698738767459,7.9698738767459,91,,,definitive,definitive,data/raw/open_medic/2022/atc4/NB_2022_atc4_age_sexe_reg.CSV.gz,001,002,sap-v1.0-amendments-001-002,7596793.5,0.11015114388917273
2022,27,Bourgogne-Franche-Comté,20,1,observed,5365,5365,5365,660977,811.6772595718156,811.6772595718156,811.6772595718156,51237,,,definitive,definitive,data/raw/open_medic/2022/atc4/NB_2022_atc4_age_sexe_reg.CSV.gz,001,002,sap-v1.0-amendments-001-002,16739998.5,0.24272477374540136
2022,27,Bourgogne-Franche-Comté,20,2,observed,4382,4382,4382,655973,668.0152994101891,668.0152994101891,668.0152994101891,41226,,,definitive,definitive,data/raw/open_medic/2022/atc4/NB_2022_atc4_age_sexe_reg.CSV.gz,001,002,sap-v1.0-amendments-001-002,17098130,0.24791756915148225
2022,27,Bourgogne-Franche-Comté,60,1,observed,12081,12081,12081,387454.5,3118.0435380154313,3118.0435380154313,3118.0435380154313,126773,,,definitive,definitive,data/raw/open_medic/2022/atc4/NB_2022_atc4_age_sexe_reg.CSV.gz,001,002,sap-v1.0-amendments-001-002,8738069,0.12669928381395645
2022,27,Bourgogne-Franche-Comté,60,2,observed,9409,9409,9409,477191,1971.7471620378421,1971.7471620378421,1971.7471620378421,99020,,,definitive,definitive,data/raw/open_medic/2022/atc4/NB_2022_atc4_age_sexe_reg.CSV.gz,001,002,sap-v1.0-amendments-001-002,10786630,0.15640278141156097
2022,28,Normandie,0,1,structural_zero_supported,0,0,0,397580,0,0,0,0,,,definitive,definitive,,001,002,sap-v1.0-amendments-001-002,8007375,0.11610444798842623
2022,28,Normandie,0,2,observed,11,11,11,377046.5,2.917412043342134,2.917412043342134,2.917412043342134,32,,,definitive,definitive,data/raw/open_medic/2022/atc4/NB_2022_atc4_age_sexe_reg.CSV.gz,001,002,sap-v1.0-amendments-001-002,7596793.5,0.11015114388917273
2022,28,Normandie,20,1,observed,5677,5677,5677,787614.5,720.784089170527,720.784089170527,720.784089170527,53819,,,definitive,definitive,data/raw/open_medic/2022/atc4/NB_2022_atc4_age_sexe_reg.CSV.gz,001,002,sap-v1.0-amendments-001-002,16739998.5,0.24272477374540136
2022,28,Normandie,20,2,observed,4685,4685,4685,798435,586.7728744356147,586.7728744356147,586.7728744356147,44968,,,definitive,definitive,data/raw/open_medic/2022/atc4/NB_2022_atc4_age_sexe_reg.CSV.gz,001,002,sap-v1.0-amendments-001-002,17098130,0.24791756915148225
2022,28,Normandie,60,1,observed,12013,12013,12013,432731.5,2776.0863260474453,2776.0863260474453,2776.0863260474453,125045,,,definitive,definitive,data/raw/open_medic/2022/atc4/NB_2022_atc4_age_sexe_reg.CSV.gz,001,002,sap-v1.0-amendments-001-002,8738069,0.12669928381395645
2022,28,Normandie,60,2,observed,9217,9217,9217,549050.5,1678.7162565192093,1678.7162565192093,1678.7162565192093,97247,,,definitive,definitive,data/raw/open_medic/2022/atc4/NB_2022_atc4_age_sexe_reg.CSV.gz,001,002,sap-v1.0-amendments-001-002,10786630,0.15640278141156097
2022,32,Hauts-de-France,0,1,observed,12,12,12,769051.5,1.5603636427469423,1.5603636427469423,1.5603636427469423,40,,,definitive,definitive,data/raw/open_medic/2022/atc4/NB_2022_atc4_age_sexe_reg.CSV.gz,001,002,sap-v1.0-amendments-001-002,8007375,0.11610444798842623
2022,32,Hauts-de-France,0,2,observed,35,35,35,731197,4.786671717745013,4.786671717745013,4.786671717745013,108,,,definitive,definitive,data/raw/open_medic/2022/atc4/NB_2022_atc4_age_sexe_reg.CSV.gz,001,002,sap-v1.0-amendments-001-002,7596793.5,0.11015114388917273
2022,32,Hauts-de-France,20,1,observed,14184,14184,14184,1477636.5,959.9113178376414,959.9113178376414,959.9113178376414,138818,,,definitive,definitive,data/raw/open_medic/2022/atc4/NB_2022_atc4_age_sexe_reg.CSV.gz,001,002,sap-v1.0-amendments-001-002,16739998.5,0.24272477374540136
2022,32,Hauts-de-France,20,2,observed,11950,11950,11950,1497010,798.2578606689335,798.2578606689335,798.2578606689335,115640,,,definitive,definitive,data/raw/open_medic/2022/atc4/NB_2022_atc4_age_sexe_reg.CSV.gz,001,002,sap-v1.0-amendments-001-002,17098130,0.24791756915148225
2022,32,Hauts-de-France,60,1,observed,24790,24790,24790,663229,3737.773830758305,3737.773830758305,3737.773830758305,265459,,,definitive,definitive,data/raw/open_medic/2022/atc4/NB_2022_atc4_age_sexe_reg.CSV.gz,001,002,sap-v1.0-amendments-001-002,8738069,0.12669928381395645
2022,32,Hauts-de-France,60,2,observed,21800,21800,21800,857431,2542.478636764941,2542.478636764941,2542.478636764941,233446,,,definitive,definitive,data/raw/open_medic/2022/atc4/NB_2022_atc4_age_sexe_reg.CSV.gz,001,002,sap-v1.0-amendments-001-002,10786630,0.15640278141156097
2022,44,Grand Est,0,1,observed,21,21,21,642957,3.2661593232517885,3.2661593232517885,3.2661593232517885,72,,,definitive,definitive,data/raw/open_medic/2022/atc4/NB_2022_atc4_age_sexe_reg.CSV.gz,001,002,sap-v1.0-amendments-001-002,8007375,0.11610444798842623
2022,44,Grand Est,0,2,observed,33,33,33,607147,5.435257030010854,5.435257030010854,5.435257030010854,118,,,definitive,definitive,data/raw/open_medic/2022/atc4/NB_2022_atc4_age_sexe_reg.CSV.gz,001,002,sap-v1.0-amendments-001-002,7596793.5,0.11015114388917273
2022,44,Grand Est,20,1,observed,11663,11663,11663,1375856.5,847.6901479187692,847.6901479187692,847.6901479187692,112150,,,definitive,definitive,data/raw/open_medic/2022/atc4/NB_2022_atc4_age_sexe_reg.CSV.gz,001,002,sap-v1.0-amendments-001-002,16739998.5,0.24272477374540136
2022,44,Grand Est,20,2,observed,10103,10103,10103,1376850,733.7763736064204,733.7763736064204,733.7763736064204,95562,,,definitive,definitive,data/raw/open_medic/2022/atc4/NB_2022_atc4_age_sexe_reg.CSV.gz,001,002,sap-v1.0-amendments-001-002,17098130,0.24791756915148225
2022,44,Grand Est,60,1,observed,21660,21660,21660,697447,3105.612326097897,3105.612326097897,3105.612326097897,227084,,,definitive,definitive,data/raw/open_medic/2022/atc4/NB_2022_atc4_age_sexe_reg.CSV.gz,001,002,sap-v1.0-amendments-001-002,8738069,0.12669928381395645
2022,44,Grand Est,60,2,observed,17707,17707,17707,861471,2055.4377338296936,2055.4377338296936,2055.4377338296936,186529,,,definitive,definitive,data/raw/open_medic/2022/atc4/NB_2022_atc4_age_sexe_reg.CSV.gz,001,002,sap-v1.0-amendments-001-002,10786630,0.15640278141156097
2022,5,Overseas regions and departments,0,1,structural_zero_supported,0,0,0,354811.5,0,0,0,0,,,definitive,definitive,,001,002,sap-v1.0-amendments-001-002,8007375,0.11610444798842623
2022,5,Overseas regions and departments,0,2,observed,50,50,50,349072,14.323692533345557,14.323692533345557,14.323692533345557,211,,,definitive,definitive,data/raw/open_medic/2022/atc4/NB_2022_atc4_age_sexe_reg.CSV.gz,001,002,sap-v1.0-amendments-001-002,7596793.5,0.11015114388917273
2022,5,Overseas regions and departments,20,1,observed,5392,5392,5392,488210.5,1104.4416291743007,1104.4416291743007,1104.4416291743007,46331,,,definitive,definitive,data/raw/open_medic/2022/atc4/NB_2022_atc4_age_sexe_reg.CSV.gz,001,002,sap-v1.0-amendments-001-002,16739998.5,0.24272477374540136
2022,5,Overseas regions and departments,20,2,observed,9701,9701,9701,580840.5,1670.165906130857,1670.165906130857,1670.165906130857,86179,,,definitive,definitive,data/raw/open_medic/2022/atc4/NB_2022_atc4_age_sexe_reg.CSV.gz,001,002,sap-v1.0-amendments-001-002,17098130,0.24791756915148225
2022,5,Overseas regions and departments,60,1,observed,6423,6423,6423,205912,3119.2936788531024,3119.2936788531024,3119.2936788531024,61784,,,definitive,definitive,data/raw/open_medic/2022/atc4/NB_2022_atc4_age_sexe_reg.CSV.gz,001,002,sap-v1.0-amendments-001-002,8738069,0.12669928381395645
2022,5,Overseas regions and departments,60,2,observed,9983,9983,9983,247643.5,4031.198073036441,4031.198073036441,4031.198073036441,99551,,,definitive,definitive,data/raw/open_medic/2022/atc4/NB_2022_atc4_age_sexe_reg.CSV.gz,001,002,sap-v1.0-amendments-001-002,10786630,0.15640278141156097
2022,52,Pays de la Loire,0,1,structural_zero_supported,0,0,0,479983,0,0,0,0,,,definitive,definitive,,001,002,sap-v1.0-amendments-001-002,8007375,0.11610444798842623
2022,52,Pays de la Loire,0,2,observed,11,11,11,452480.5,2.4310439897409943,2.4310439897409943,2.4310439897409943,65,,,definitive,definitive,data/raw/open_medic/2022/atc4/NB_2022_atc4_age_sexe_reg.CSV.gz,001,002,sap-v1.0-amendments-001-002,7596793.5,0.11015114388917273
2022,52,Pays de la Loire,20,1,observed,5755,5755,5755,938347.5,613.3122324085693,613.3122324085693,613.3122324085693,53858,,,definitive,definitive,data/raw/open_medic/2022/atc4/NB_2022_atc4_age_sexe_reg.CSV.gz,001,002,sap-v1.0-amendments-001-002,16739998.5,0.24272477374540136
2022,52,Pays de la Loire,20,2,observed,4650,4650,4650,936565.5,496.49490612242283,496.49490612242283,496.49490612242283,44430,,,definitive,definitive,data/raw/open_medic/2022/atc4/NB_2022_atc4_age_sexe_reg.CSV.gz,001,002,sap-v1.0-amendments-001-002,17098130,0.24791756915148225
2022,52,Pays de la Loire,60,1,observed,11221,11221,11221,483430.5,2321.1195818219994,2321.1195818219994,2321.1195818219994,117886,,,definitive,definitive,data/raw/open_medic/2022/atc4/NB_2022_atc4_age_sexe_reg.CSV.gz,001,002,sap-v1.0-amendments-001-002,8738069,0.12669928381395645
2022,52,Pays de la Loire,60,2,observed,8112,8112,8112,602379,1346.6604911525799,1346.6604911525799,1346.6604911525799,84935,,,definitive,definitive,data/raw/open_medic/2022/atc4/NB_2022_atc4_age_sexe_reg.CSV.gz,001,002,sap-v1.0-amendments-001-002,10786630,0.15640278141156097
2022,53,Bretagne,0,1,structural_zero_supported,0,0,0,396985.5,0,0,0,0,,,definitive,definitive,,001,002,sap-v1.0-amendments-001-002,8007375,0.11610444798842623
2022,53,Bretagne,0,2,structural_zero_supported,0,0,0,375640.5,0,0,0,0,,,definitive,definitive,,001,002,sap-v1.0-amendments-001-002,7596793.5,0.11015114388917273
2022,53,Bretagne,20,1,observed,3834,3834,3834,816743.5,469.42522346367,469.42522346367,469.42522346367,36467,,,definitive,definitive,data/raw/open_medic/2022/atc4/NB_2022_atc4_age_sexe_reg.CSV.gz,001,002,sap-v1.0-amendments-001-002,16739998.5,0.24272477374540136
2022,53,Bretagne,20,2,observed,2925,2925,2925,809697.5,361.24602089051774,361.24602089051774,361.24602089051774,27722,,,definitive,definitive,data/raw/open_medic/2022/atc4/NB_2022_atc4_age_sexe_reg.CSV.gz,001,002,sap-v1.0-amendments-001-002,17098130,0.24791756915148225
2022,53,Bretagne,60,1,observed,7875,7875,7875,459004,1715.6713231257243,1715.6713231257243,1715.6713231257243,83553,,,definitive,definitive,data/raw/open_medic/2022/atc4/NB_2022_atc4_age_sexe_reg.CSV.gz,001,002,sap-v1.0-amendments-001-002,8738069,0.12669928381395645
2022,53,Bretagne,60,2,observed,5231,5231,5231,578036.5,904.9601539003161,904.9601539003161,904.9601539003161,54991,,,definitive,definitive,data/raw/open_medic/2022/atc4/NB_2022_atc4_age_sexe_reg.CSV.gz,001,002,sap-v1.0-amendments-001-002,10786630,0.15640278141156097
2022,75,Nouvelle-Aquitaine,0,1,observed,24,24,24,661065,3.630505320959361,3.630505320959361,3.630505320959361,107,11,81,definitive,definitive,data/raw/open_medic/2022/atc4/NB_2022_atc4_age_sexe_reg.CSV.gz,001,002,sap-v1.0-amendments-001-002,8007375,0.11610444798842623
2022,75,Nouvelle-Aquitaine,0,2,observed,11,11,11,626426.5,1.7559921235771474,1.7559921235771474,1.7559921235771474,62,12,86,definitive,definitive,data/raw/open_medic/2022/atc4/NB_2022_atc4_age_sexe_reg.CSV.gz,001,002,sap-v1.0-amendments-001-002,7596793.5,0.11015114388917273
2022,75,Nouvelle-Aquitaine,20,1,observed,9390,9390,9390,1433221.5,655.1673973632129,655.1673973632129,655.1673973632129,91442,11,81,definitive,definitive,data/raw/open_medic/2022/atc4/NB_2022_atc4_age_sexe_reg.CSV.gz,001,002,sap-v1.0-amendments-001-002,16739998.5,0.24272477374540136
2022,75,Nouvelle-Aquitaine,20,2,observed,7302,7302,7302,1466651,497.8689545092868,497.8689545092868,497.8689545092868,70477,12,86,definitive,definitive,data/raw/open_medic/2022/atc4/NB_2022_atc4_age_sexe_reg.CSV.gz,001,002,sap-v1.0-amendments-001-002,17098130,0.24791756915148225
2022,75,Nouvelle-Aquitaine,60,1,observed,22350,22350,22350,865153,2583.3580881069593,2583.3580881069593,2583.3580881069593,235041,11,81,definitive,definitive,data/raw/open_medic/2022/atc4/NB_2022_atc4_age_sexe_reg.CSV.gz,001,002,sap-v1.0-amendments-001-002,8738069,0.12669928381395645
2022,75,Nouvelle-Aquitaine,60,2,observed,16183,16183,16183,1079400.5,1499.2581530210518,1499.2581530210518,1499.2581530210518,172698,12,86,definitive,definitive,data/raw/open_medic/2022/atc4/NB_2022_atc4_age_sexe_reg.CSV.gz,001,002,sap-v1.0-amendments-001-002,10786630,0.15640278141156097
2022,76,Occitanie,0,1,observed,23,23,23,685331.5,3.356040106138416,3.356040106138416,3.356040106138416,64,63,432,definitive,definitive,data/raw/open_medic/2022/atc4/NB_2022_atc4_age_sexe_reg.CSV.gz,001,002,sap-v1.0-amendments-001-002,8007375,0.11610444798842623
2022,76,Occitanie,0,2,observed,44,44,44,650949,6.759362100563947,6.759362100563947,6.759362100563947,155,101,835,definitive,definitive,data/raw/open_medic/2022/atc4/NB_2022_atc4_age_sexe_reg.CSV.gz,001,002,sap-v1.0-amendments-001-002,7596793.5,0.11015114388917273
2022,76,Occitanie,20,1,observed,8985,8985,8985,1446937.5,620.9666969029415,620.9666969029415,620.9666969029415,83597,63,432,definitive,definitive,data/raw/open_medic/2022/atc4/NB_2022_atc4_age_sexe_reg.CSV.gz,001,002,sap-v1.0-amendments-001-002,16739998.5,0.24272477374540136
2022,76,Occitanie,20,2,observed,7662,7662,7662,1488298,514.8162531966044,514.8162531966044,514.8162531966044,68788,101,835,definitive,definitive,data/raw/open_medic/2022/atc4/NB_2022_atc4_age_sexe_reg.CSV.gz,001,002,sap-v1.0-amendments-001-002,17098130,0.24791756915148225
2022,76,Occitanie,60,1,observed,20492,20492,20492,820401.5,2497.801381396792,2497.801381396792,2497.801381396792,211080,63,432,definitive,definitive,data/raw/open_medic/2022/atc4/NB_2022_atc4_age_sexe_reg.CSV.gz,001,002,sap-v1.0-amendments-001-002,8738069,0.12669928381395645
2022,76,Occitanie,60,2,observed,15364,15364,15364,1010774.5,1520.02251738642,1520.02251738642,1520.02251738642,158139,101,835,definitive,definitive,data/raw/open_medic/2022/atc4/NB_2022_atc4_age_sexe_reg.CSV.gz,001,002,sap-v1.0-amendments-001-002,10786630,0.15640278141156097
2022,84,Auvergne-Rhône-Alpes,0,1,observed,12,12,12,995818.5,1.2050388700350514,1.2050388700350514,1.2050388700350514,45,,,definitive,definitive,data/raw/open_medic/2022/atc4/NB_2022_atc4_age_sexe_reg.CSV.gz,001,002,sap-v1.0-amendments-001-002,8007375,0.11610444798842623
2022,84,Auvergne-Rhône-Alpes,0,2,observed,32,32,32,943354,3.3921518327160323,3.3921518327160323,3.3921518327160323,107,,,definitive,definitive,data/raw/open_medic/2022/atc4/NB_2022_atc4_age_sexe_reg.CSV.gz,001,002,sap-v1.0-amendments-001-002,7596793.5,0.11015114388917273
2022,84,Auvergne-Rhône-Alpes,20,1,observed,12605,12605,12605,2020833,623.7526802066276,623.7526802066276,623.7526802066276,119322,,,definitive,definitive,data/raw/open_medic/2022/atc4/NB_2022_atc4_age_sexe_reg.CSV.gz,001,002,sap-v1.0-amendments-001-002,16739998.5,0.24272477374540136
2022,84,Auvergne-Rhône-Alpes,20,2,observed,9931,9931,9931,2040354,486.7292636473867,486.7292636473867,486.7292636473867,92464,,,definitive,definitive,data/raw/open_medic/2022/atc4/NB_2022_atc4_age_sexe_reg.CSV.gz,001,002,sap-v1.0-amendments-001-002,17098130,0.24791756915148225
2022,84,Auvergne-Rhône-Alpes,60,1,observed,23658,23658,23658,974319.5,2428.156267015081,2428.156267015081,2428.156267015081,246813,,,definitive,definitive,data/raw/open_medic/2022/atc4/NB_2022_atc4_age_sexe_reg.CSV.gz,001,002,sap-v1.0-amendments-001-002,8738069,0.12669928381395645
2022,84,Auvergne-Rhône-Alpes,60,2,observed,18636,18636,18636,1210041.5,1540.1124672170336,1540.1124672170336,1540.1124672170336,195450,,,definitive,definitive,data/raw/open_medic/2022/atc4/NB_2022_atc4_age_sexe_reg.CSV.gz,001,002,sap-v1.0-amendments-001-002,10786630,0.15640278141156097
2022,93,Provence-Alpes-Côte d'Azur and Corse,0,1,observed,43,43,43,614571,6.996750578859074,6.996750578859074,6.996750578859074,278,62,438,definitive,definitive,data/raw/open_medic/2022/atc4/NB_2022_atc4_age_sexe_reg.CSV.gz,001,002,sap-v1.0-amendments-001-002,8007375,0.11610444798842623
2022,93,Provence-Alpes-Côte d'Azur and Corse,0,2,observed,57,57,57,579917.5,9.828984295179918,9.828984295179918,9.828984295179918,383,104,834,definitive,definitive,data/raw/open_medic/2022/atc4/NB_2022_atc4_age_sexe_reg.CSV.gz,001,002,sap-v1.0-amendments-001-002,7596793.5,0.11015114388917273
2022,93,Provence-Alpes-Côte d'Azur and Corse,20,1,observed,9092,9092,9092,1298506.5,700.1890248527828,700.1890248527828,700.1890248527828,82593,62,438,definitive,definitive,data/raw/open_medic/2022/atc4/NB_2022_atc4_age_sexe_reg.CSV.gz,001,002,sap-v1.0-amendments-001-002,16739998.5,0.24272477374540136
2022,93,Provence-Alpes-Côte d'Azur and Corse,20,2,observed,8207,8207,8207,1363900,601.7303321357871,601.7303321357871,601.7303321357871,72416,104,834,definitive,definitive,data/raw/open_medic/2022/atc4/NB_2022_atc4_age_sexe_reg.CSV.gz,001,002,sap-v1.0-amendments-001-002,17098130,0.24791756915148225
2022,93,Provence-Alpes-Côte d'Azur and Corse,60,1,observed,20113,20113,20113,745566,2697.682029491688,2697.682029491688,2697.682029491688,201859,62,438,definitive,definitive,data/raw/open_medic/2022/atc4/NB_2022_atc4_age_sexe_reg.CSV.gz,001,002,sap-v1.0-amendments-001-002,8738069,0.12669928381395645
2022,93,Provence-Alpes-Côte d'Azur and Corse,60,2,observed,15875,15875,15875,945556,1678.906378892419,1678.906378892419,1678.906378892419,159068,104,834,definitive,definitive,data/raw/open_medic/2022/atc4/NB_2022_atc4_age_sexe_reg.CSV.gz,001,002,sap-v1.0-amendments-001-002,10786630,0.15640278141156097
2023,11,Île-de-France,0,1,observed,143,143,143,1563586.5,9.145640487430661,9.145640487430661,9.145640487430661,532,,,definitive,provisional,data/raw/open_medic/2023/atc4/NB_2023_atc4_age_sexe_reg.CSV.gz,001,002,sap-v1.0-amendments-001-002,8007375,0.11610444798842623
2023,11,Île-de-France,0,2,observed,198,198,198,1501604.5,13.18589548712727,13.18589548712727,13.18589548712727,932,,,definitive,provisional,data/raw/open_medic/2023/atc4/NB_2023_atc4_age_sexe_reg.CSV.gz,001,002,sap-v1.0-amendments-001-002,7596793.5,0.11015114388917273
2023,11,Île-de-France,20,1,observed,25859,25859,25859,3302690,782.9678231986653,782.9678231986653,782.9678231986653,224067,,,definitive,provisional,data/raw/open_medic/2023/atc4/NB_2023_atc4_age_sexe_reg.CSV.gz,001,002,sap-v1.0-amendments-001-002,16739998.5,0.24272477374540136
2023,11,Île-de-France,20,2,observed,27829,27829,27829,3447517,807.2186446071187,807.2186446071187,807.2186446071187,233392,,,definitive,provisional,data/raw/open_medic/2023/atc4/NB_2023_atc4_age_sexe_reg.CSV.gz,001,002,sap-v1.0-amendments-001-002,17098130,0.24791756915148225
2023,11,Île-de-France,60,1,observed,34944,34944,34944,1179435,2962.774548830584,2962.774548830584,2962.774548830584,344829,,,definitive,provisional,data/raw/open_medic/2023/atc4/NB_2023_atc4_age_sexe_reg.CSV.gz,001,002,sap-v1.0-amendments-001-002,8738069,0.12669928381395645
2023,11,Île-de-France,60,2,observed,30027,30027,30027,1490471.5,2014.5973941802981,2014.5973941802981,2014.5973941802981,295475,,,definitive,provisional,data/raw/open_medic/2023/atc4/NB_2023_atc4_age_sexe_reg.CSV.gz,001,002,sap-v1.0-amendments-001-002,10786630,0.15640278141156097
2023,24,Centre-Val de Loire,0,1,observed,15,15,15,304353.5,4.928479547631291,4.928479547631291,4.928479547631291,113,,,definitive,provisional,data/raw/open_medic/2023/atc4/NB_2023_atc4_age_sexe_reg.CSV.gz,001,002,sap-v1.0-amendments-001-002,8007375,0.11610444798842623
2023,24,Centre-Val de Loire,0,2,observed,11,11,11,286599.5,3.8381085800917307,3.8381085800917307,3.8381085800917307,42,,,definitive,provisional,data/raw/open_medic/2023/atc4/NB_2023_atc4_age_sexe_reg.CSV.gz,001,002,sap-v1.0-amendments-001-002,7596793.5,0.11015114388917273
2023,24,Centre-Val de Loire,20,1,observed,5553,5553,5553,601608,923.026289544022,923.026289544022,923.026289544022,51346,,,definitive,provisional,data/raw/open_medic/2023/atc4/NB_2023_atc4_age_sexe_reg.CSV.gz,001,002,sap-v1.0-amendments-001-002,16739998.5,0.24272477374540136
2023,24,Centre-Val de Loire,20,2,observed,5035,5035,5035,610865,824.2410352532884,824.2410352532884,824.2410352532884,46279,,,definitive,provisional,data/raw/open_medic/2023/atc4/NB_2023_atc4_age_sexe_reg.CSV.gz,001,002,sap-v1.0-amendments-001-002,17098130,0.24791756915148225
2023,24,Centre-Val de Loire,60,1,observed,11412,11412,11412,351233.5,3249.120599259467,3249.120599259467,3249.120599259467,117205,,,definitive,provisional,data/raw/open_medic/2023/atc4/NB_2023_atc4_age_sexe_reg.CSV.gz,001,002,sap-v1.0-amendments-001-002,8738069,0.12669928381395645
2023,24,Centre-Val de Loire,60,2,observed,9098,9098,9098,432859,2101.839167026676,2101.839167026676,2101.839167026676,93093,,,definitive,provisional,data/raw/open_medic/2023/atc4/NB_2023_atc4_age_sexe_reg.CSV.gz,001,002,sap-v1.0-amendments-001-002,10786630,0.15640278141156097
2023,27,Bourgogne-Franche-Comté,0,1,structural_zero_supported,0,0,0,317110,0,0,0,0,,,definitive,provisional,,001,002,sap-v1.0-amendments-001-002,8007375,0.11610444798842623
2023,27,Bourgogne-Franche-Comté,0,2,observed,21,21,21,297898,7.049392745167809,7.049392745167809,7.049392745167809,122,,,definitive,provisional,data/raw/open_medic/2023/atc4/NB_2023_atc4_age_sexe_reg.CSV.gz,001,002,sap-v1.0-amendments-001-002,7596793.5,0.11015114388917273
2023,27,Bourgogne-Franche-Comté,20,1,observed,6360,6360,6360,659864,963.8349720548476,963.8349720548476,963.8349720548476,60611,,,definitive,provisional,data/raw/open_medic/2023/atc4/NB_2023_atc4_age_sexe_reg.CSV.gz,001,002,sap-v1.0-amendments-001-002,16739998.5,0.24272477374540136
2023,27,Bourgogne-Franche-Comté,20,2,observed,5319,5319,5319,652492,815.1824083666926,815.1824083666926,815.1824083666926,50053,,,definitive,provisional,data/raw/open_medic/2023/atc4/NB_2023_atc4_age_sexe_reg.CSV.gz,001,002,sap-v1.0-amendments-001-002,17098130,0.24791756915148225
2023,27,Bourgogne-Franche-Comté,60,1,observed,14498,14498,14498,392491.5,3693.8379557264298,3693.8379557264298,3693.8379557264298,152140,,,definitive,provisional,data/raw/open_medic/2023/atc4/NB_2023_atc4_age_sexe_reg.CSV.gz,001,002,sap-v1.0-amendments-001-002,8738069,0.12669928381395645
2023,27,Bourgogne-Franche-Comté,60,2,observed,11132,11132,11132,481569.5,2311.608189472132,2311.608189472132,2311.608189472132,116351,,,definitive,provisional,data/raw/open_medic/2023/atc4/NB_2023_atc4_age_sexe_reg.CSV.gz,001,002,sap-v1.0-amendments-001-002,10786630,0.15640278141156097
2023,28,Normandie,0,1,structural_zero_supported,0,0,0,393791,0,0,0,0,,,definitive,provisional,,001,002,sap-v1.0-amendments-001-002,8007375,0.11610444798842623
2023,28,Normandie,0,2,observed,11,11,11,373946,2.9416011937552478,2.9416011937552478,2.9416011937552478,25,,,definitive,provisional,data/raw/open_medic/2023/atc4/NB_2023_atc4_age_sexe_reg.CSV.gz,001,002,sap-v1.0-amendments-001-002,7596793.5,0.11015114388917273
2023,28,Normandie,20,1,observed,6496,6496,6496,787144.5,825.2614354797626,825.2614354797626,825.2614354797626,62687,,,definitive,provisional,data/raw/open_medic/2023/atc4/NB_2023_atc4_age_sexe_reg.CSV.gz,001,002,sap-v1.0-amendments-001-002,16739998.5,0.24272477374540136
2023,28,Normandie,20,2,observed,5412,5412,5412,796616.5,679.3733245545379,679.3733245545379,679.3733245545379,51533,,,definitive,provisional,data/raw/open_medic/2023/atc4/NB_2023_atc4_age_sexe_reg.CSV.gz,001,002,sap-v1.0-amendments-001-002,17098130,0.24791756915148225
2023,28,Normandie,60,1,observed,14298,14298,14298,439690.5,3251.832823315491,3251.832823315491,3251.832823315491,150947,,,definitive,provisional,data/raw/open_medic/2023/atc4/NB_2023_atc4_age_sexe_reg.CSV.gz,001,002,sap-v1.0-amendments-001-002,8738069,0.12669928381395645
2023,28,Normandie,60,2,observed,10968,10968,10968,556212.5,1971.9082185315865,1971.9082185315865,1971.9082185315865,115614,,,definitive,provisional,data/raw/open_medic/2023/atc4/NB_2023_atc4_age_sexe_reg.CSV.gz,001,002,sap-v1.0-amendments-001-002,10786630,0.15640278141156097
2023,32,Hauts-de-France,0,1,observed,35,35,35,759896,4.605893438049417,4.605893438049417,4.605893438049417,176,,,definitive,provisional,data/raw/open_medic/2023/atc4/NB_2023_atc4_age_sexe_reg.CSV.gz,001,002,sap-v1.0-amendments-001-002,8007375,0.11610444798842623
2023,32,Hauts-de-France,0,2,observed,55,55,55,720791.5,7.630500637146803,7.630500637146803,7.630500637146803,251,,,definitive,provisional,data/raw/open_medic/2023/atc4/NB_2023_atc4_age_sexe_reg.CSV.gz,001,002,sap-v1.0-amendments-001-002,7596793.5,0.11015114388917273
2023,32,Hauts-de-France,20,1,observed,16594,16594,16594,1475188,1124.873575435809,1124.873575435809,1124.873575435809,162311,,,definitive,provisional,data/raw/open_medic/2023/atc4/NB_2023_atc4_age_sexe_reg.CSV.gz,001,002,sap-v1.0-amendments-001-002,16739998.5,0.24272477374540136
2023,32,Hauts-de-France,20,2,observed,14073,14073,14073,1491557.5,943.5103909839211,943.5103909839211,943.5103909839211,136958,,,definitive,provisional,data/raw/open_medic/2023/atc4/NB_2023_atc4_age_sexe_reg.CSV.gz,001,002,sap-v1.0-amendments-001-002,17098130,0.24791756915148225
2023,32,Hauts-de-France,60,1,observed,29679,29679,29679,674161.5,4402.357595323969,4402.357595323969,4402.357595323969,319691,,,definitive,provisional,data/raw/open_medic/2023/atc4/NB_2023_atc4_age_sexe_reg.CSV.gz,001,002,sap-v1.0-amendments-001-002,8738069,0.12669928381395645
2023,32,Hauts-de-France,60,2,observed,25803,25803,25803,866422.5,2978.108255498905,2978.108255498905,2978.108255498905,276282,,,definitive,provisional,data/raw/open_medic/2023/atc4/NB_2023_atc4_age_sexe_reg.CSV.gz,001,002,sap-v1.0-amendments-001-002,10786630,0.15640278141156097
2023,44,Grand Est,0,1,observed,11,11,11,637002,1.7268391622004327,1.7268391622004327,1.7268391622004327,24,,,definitive,provisional,data/raw/open_medic/2023/atc4/NB_2023_atc4_age_sexe_reg.CSV.gz,001,002,sap-v1.0-amendments-001-002,8007375,0.11610444798842623
2023,44,Grand Est,0,2,observed,49,49,49,599642,8.171542353604318,8.171542353604318,8.171542353604318,304,,,definitive,provisional,data/raw/open_medic/2023/atc4/NB_2023_atc4_age_sexe_reg.CSV.gz,001,002,sap-v1.0-amendments-001-002,7596793.5,0.11015114388917273
2023,44,Grand Est,20,1,observed,13772,13772,13772,1371850,1003.8998432773262,1003.8998432773262,1003.8998432773262,131538,,,definitive,provisional,data/raw/open_medic/2023/atc4/NB_2023_atc4_age_sexe_reg.CSV.gz,001,002,sap-v1.0-amendments-001-002,16739998.5,0.24272477374540136
2023,44,Grand Est,20,2,observed,12138,12138,12138,1370754.5,885.4977313588976,885.4977313588976,885.4977313588976,113034,,,definitive,provisional,data/raw/open_medic/2023/atc4/NB_2023_atc4_age_sexe_reg.CSV.gz,001,002,sap-v1.0-amendments-001-002,17098130,0.24791756915148225
2023,44,Grand Est,60,1,observed,26300,26300,26300,709346,3707.6405590501677,3707.6405590501677,3707.6405590501677,277214,,,definitive,provisional,data/raw/open_medic/2023/atc4/NB_2023_atc4_age_sexe_reg.CSV.gz,001,002,sap-v1.0-amendments-001-002,8738069,0.12669928381395645
2023,44,Grand Est,60,2,observed,21402,21402,21402,871823,2454.856088907955,2454.856088907955,2454.856088907955,224584,,,definitive,provisional,data/raw/open_medic/2023/atc4/NB_2023_atc4_age_sexe_reg.CSV.gz,001,002,sap-v1.0-amendments-001-002,10786630,0.15640278141156097
2023,5,Overseas regions and departments,0,1,observed,14,14,14,356525.5,3.926787845469679,3.926787845469679,3.926787845469679,37,,,definitive,provisional,data/raw/open_medic/2023/atc4/NB_2023_atc4_age_sexe_reg.CSV.gz,001,002,sap-v1.0-amendments-001-002,8007375,0.11610444798842623
2023,5,Overseas regions and departments,0,2,observed,71,71,71,349990.5,20.28626491290478,20.28626491290478,20.28626491290478,348,,,definitive,provisional,data/raw/open_medic/2023/atc4/NB_2023_atc4_age_sexe_reg.CSV.gz,001,002,sap-v1.0-amendments-001-002,7596793.5,0.11015114388917273
2023,5,Overseas regions and departments,20,1,observed,6424,6424,6424,487729,1317.1248787748934,1317.1248787748934,1317.1248787748934,54119,,,definitive,provisional,data/raw/open_medic/2023/atc4/NB_2023_atc4_age_sexe_reg.CSV.gz,001,002,sap-v1.0-amendments-001-002,16739998.5,0.24272477374540136
2023,5,Overseas regions and departments,20,2,observed,11904,11904,11904,582137,2044.8794699529492,2044.8794699529492,2044.8794699529492,102083,,,definitive,provisional,data/raw/open_medic/2023/atc4/NB_2023_atc4_age_sexe_reg.CSV.gz,001,002,sap-v1.0-amendments-001-002,17098130,0.24791756915148225
2023,5,Overseas regions and departments,60,1,observed,7967,7967,7967,215033,3705.0127189780173,3705.0127189780173,3705.0127189780173,75124,,,definitive,provisional,data/raw/open_medic/2023/atc4/NB_2023_atc4_age_sexe_reg.CSV.gz,001,002,sap-v1.0-amendments-001-002,8738069,0.12669928381395645
2023,5,Overseas regions and departments,60,2,observed,12158,12158,12158,257362,4724.085140774473,4724.085140774473,4724.085140774473,118806,,,definitive,provisional,data/raw/open_medic/2023/atc4/NB_2023_atc4_age_sexe_reg.CSV.gz,001,002,sap-v1.0-amendments-001-002,10786630,0.15640278141156097
2023,52,Pays de la Loire,0,1,observed,11,11,11,477223,2.3050020640245754,2.3050020640245754,2.3050020640245754,93,,,definitive,provisional,data/raw/open_medic/2023/atc4/NB_2023_atc4_age_sexe_reg.CSV.gz,001,002,sap-v1.0-amendments-001-002,8007375,0.11610444798842623
2023,52,Pays de la Loire,0,2,observed,19,19,19,448809,4.233426691532478,4.233426691532478,4.233426691532478,121,,,definitive,provisional,data/raw/open_medic/2023/atc4/NB_2023_atc4_age_sexe_reg.CSV.gz,001,002,sap-v1.0-amendments-001-002,7596793.5,0.11015114388917273
2023,52,Pays de la Loire,20,1,observed,6619,6619,6619,944018.5,701.1515134502131,701.1515134502131,701.1515134502131,63608,,,definitive,provisional,data/raw/open_medic/2023/atc4/NB_2023_atc4_age_sexe_reg.CSV.gz,001,002,sap-v1.0-amendments-001-002,16739998.5,0.24272477374540136
2023,52,Pays de la Loire,20,2,observed,5479,5479,5479,941074.5,582.2068284710722,582.2068284710722,582.2068284710722,52628,,,definitive,provisional,data/raw/open_medic/2023/atc4/NB_2023_atc4_age_sexe_reg.CSV.gz,001,002,sap-v1.0-amendments-001-002,17098130,0.24791756915148225
2023,52,Pays de la Loire,60,1,observed,13426,13426,13426,493578,2720.1374453480503,2720.1374453480503,2720.1374453480503,142996,,,definitive,provisional,data/raw/open_medic/2023/atc4/NB_2023_atc4_age_sexe_reg.CSV.gz,001,002,sap-v1.0-amendments-001-002,8738069,0.12669928381395645
2023,52,Pays de la Loire,60,2,observed,9781,9781,9781,612310.5,1597.392172762022,1597.392172762022,1597.392172762022,102859,,,definitive,provisional,data/raw/open_medic/2023/atc4/NB_2023_atc4_age_sexe_reg.CSV.gz,001,002,sap-v1.0-amendments-001-002,10786630,0.15640278141156097
2023,53,Bretagne,0,1,structural_zero_supported,0,0,0,394190,0,0,0,0,,,definitive,provisional,,001,002,sap-v1.0-amendments-001-002,8007375,0.11610444798842623
2023,53,Bretagne,0,2,structural_zero_supported,0,0,0,372789,0,0,0,0,,,definitive,provisional,,001,002,sap-v1.0-amendments-001-002,7596793.5,0.11015114388917273
2023,53,Bretagne,20,1,observed,4500,4500,4500,820726,548.2950460933369,548.2950460933369,548.2950460933369,43567,,,definitive,provisional,data/raw/open_medic/2023/atc4/NB_2023_atc4_age_sexe_reg.CSV.gz,001,002,sap-v1.0-amendments-001-002,16739998.5,0.24272477374540136
2023,53,Bretagne,20,2,observed,3485,3485,3485,813645,428.31947593852357,428.31947593852357,428.31947593852357,33005,,,definitive,provisional,data/raw/open_medic/2023/atc4/NB_2023_atc4_age_sexe_reg.CSV.gz,001,002,sap-v1.0-amendments-001-002,17098130,0.24791756915148225
2023,53,Bretagne,60,1,observed,9647,9647,9647,470042.5,2052.3676050569898,2052.3676050569898,2052.3676050569898,102600,,,definitive,provisional,data/raw/open_medic/2023/atc4/NB_2023_atc4_age_sexe_reg.CSV.gz,001,002,sap-v1.0-amendments-001-002,8738069,0.12669928381395645
2023,53,Bretagne,60,2,observed,6426,6426,6426,588148,1092.5821391894558,1092.5821391894558,1092.5821391894558,67904,,,definitive,provisional,data/raw/open_medic/2023/atc4/NB_2023_atc4_age_sexe_reg.CSV.gz,001,002,sap-v1.0-amendments-001-002,10786630,0.15640278141156097
2023,75,Nouvelle-Aquitaine,0,1,observed,20,20,20,657810,3.040391602438394,3.040391602438394,3.040391602438394,117,11,79,definitive,provisional,data/raw/open_medic/2023/atc4/NB_2023_atc4_age_sexe_reg.CSV.gz,001,002,sap-v1.0-amendments-001-002,8007375,0.11610444798842623
2023,75,Nouvelle-Aquitaine,0,2,observed,36,36,36,623606.5,5.77287119361328,5.77287119361328,5.77287119361328,142,12,106,definitive,provisional,data/raw/open_medic/2023/atc4/NB_2023_atc4_age_sexe_reg.CSV.gz,001,002,sap-v1.0-amendments-001-002,7596793.5,0.11015114388917273
2023,75,Nouvelle-Aquitaine,20,1,observed,11000,11000,11000,1438423,764.7263704765566,764.7263704765566,764.7263704765566,106961,11,79,definitive,provisional,data/raw/open_medic/2023/atc4/NB_2023_atc4_age_sexe_reg.CSV.gz,001,002,sap-v1.0-amendments-001-002,16739998.5,0.24272477374540136
2023,75,Nouvelle-Aquitaine,20,2,observed,8680,8680,8680,1469114.5,590.8320964771636,590.8320964771636,590.8320964771636,82628,12,106,definitive,provisional,data/raw/open_medic/2023/atc4/NB_2023_atc4_age_sexe_reg.CSV.gz,001,002,sap-v1.0-amendments-001-002,17098130,0.24791756915148225
2023,75,Nouvelle-Aquitaine,60,1,observed,26814,26814,26814,882525,3038.3275261324043,3038.3275261324043,3038.3275261324043,284249,11,79,definitive,provisional,data/raw/open_medic/2023/atc4/NB_2023_atc4_age_sexe_reg.CSV.gz,001,002,sap-v1.0-amendments-001-002,8738069,0.12669928381395645
2023,75,Nouvelle-Aquitaine,60,2,observed,19248,19248,19248,1094689,1758.3076106547155,1758.3076106547155,1758.3076106547155,203573,12,106,definitive,provisional,data/raw/open_medic/2023/atc4/NB_2023_atc4_age_sexe_reg.CSV.gz,001,002,sap-v1.0-amendments-001-002,10786630,0.15640278141156097
2023,76,Occitanie,0,1,observed,37,37,37,682529.5,5.4210111064796465,5.4210111064796465,5.4210111064796465,142,72,454,definitive,provisional,data/raw/open_medic/2023/atc4/NB_2023_atc4_age_sexe_reg.CSV.gz,001,002,sap-v1.0-amendments-001-002,8007375,0.11610444798842623
2023,76,Occitanie,0,2,observed,57,57,57,648431.5,8.79044278385612,8.79044278385612,8.79044278385612,249,109,803,definitive,provisional,data/raw/open_medic/2023/atc4/NB_2023_atc4_age_sexe_reg.CSV.gz,001,002,sap-v1.0-amendments-001-002,7596793.5,0.11015114388917273
2023,76,Occitanie,20,1,observed,10514,10514,10514,1454628,722.7964812996862,722.7964812996862,722.7964812996862,97705,72,454,definitive,provisional,data/raw/open_medic/2023/atc4/NB_2023_atc4_age_sexe_reg.CSV.gz,001,002,sap-v1.0-amendments-001-002,16739998.5,0.24272477374540136
2023,76,Occitanie,20,2,observed,9272,9272,9272,1495112,620.154209182991,620.154209182991,620.154209182991,82522,109,803,definitive,provisional,data/raw/open_medic/2023/atc4/NB_2023_atc4_age_sexe_reg.CSV.gz,001,002,sap-v1.0-amendments-001-002,17098130,0.24791756915148225
2023,76,Occitanie,60,1,observed,24711,24711,24711,837147.5,2951.8095676090534,2951.8095676090534,2951.8095676090534,253715,72,454,definitive,provisional,data/raw/open_medic/2023/atc4/NB_2023_atc4_age_sexe_reg.CSV.gz,001,002,sap-v1.0-amendments-001-002,8738069,0.12669928381395645
2023,76,Occitanie,60,2,observed,18509,18509,18509,1027412.5,1801.5159441801611,1801.5159441801611,1801.5159441801611,188655,109,803,definitive,provisional,data/raw/open_medic/2023/atc4/NB_2023_atc4_age_sexe_reg.CSV.gz,001,002,sap-v1.0-amendments-001-002,10786630,0.15640278141156097
2023,84,Auvergne-Rhône-Alpes,0,1,observed,30,30,30,989603.5,3.0315171682396027,3.0315171682396027,3.0315171682396027,129,,,definitive,provisional,data/raw/open_medic/2023/atc4/NB_2023_atc4_age_sexe_reg.CSV.gz,001,002,sap-v1.0-amendments-001-002,8007375,0.11610444798842623
2023,84,Auvergne-Rhône-Alpes,0,2,observed,29,29,29,936539.5,3.0965058067492084,3.0965058067492084,3.0965058067492084,102,,,definitive,provisional,data/raw/open_medic/2023/atc4/NB_2023_atc4_age_sexe_reg.CSV.gz,001,002,sap-v1.0-amendments-001-002,7596793.5,0.11015114388917273
2023,84,Auvergne-Rhône-Alpes,20,1,observed,14796,14796,14796,2028451,729.4235847945057,729.4235847945057,729.4235847945057,139032,,,definitive,provisional,data/raw/open_medic/2023/atc4/NB_2023_atc4_age_sexe_reg.CSV.gz,001,002,sap-v1.0-amendments-001-002,16739998.5,0.24272477374540136
2023,84,Auvergne-Rhône-Alpes,20,2,observed,11973,11973,11973,2044665.5,585.5725545327585,585.5725545327585,585.5725545327585,109689,,,definitive,provisional,data/raw/open_medic/2023/atc4/NB_2023_atc4_age_sexe_reg.CSV.gz,001,002,sap-v1.0-amendments-001-002,17098130,0.24791756915148225
2023,84,Auvergne-Rhône-Alpes,60,1,observed,28348,28348,28348,994924.5,2849.2614263695386,2849.2614263695386,2849.2614263695386,294906,,,definitive,provisional,data/raw/open_medic/2023/atc4/NB_2023_atc4_age_sexe_reg.CSV.gz,001,002,sap-v1.0-amendments-001-002,8738069,0.12669928381395645
2023,84,Auvergne-Rhône-Alpes,60,2,observed,22249,22249,22249,1227762,1812.1590340798948,1812.1590340798948,1812.1590340798948,230228,,,definitive,provisional,data/raw/open_medic/2023/atc4/NB_2023_atc4_age_sexe_reg.CSV.gz,001,002,sap-v1.0-amendments-001-002,10786630,0.15640278141156097
2023,93,Provence-Alpes-Côte d'Azur and Corse,0,1,observed,41,41,41,613343,6.684677252369392,6.684677252369392,6.684677252369392,226,44,341,definitive,provisional,data/raw/open_medic/2023/atc4/NB_2023_atc4_age_sexe_reg.CSV.gz,001,002,sap-v1.0-amendments-001-002,8007375,0.11610444798842623
2023,93,Provence-Alpes-Côte d'Azur and Corse,0,2,observed,75,75,75,577839.5,12.97938268325374,12.97938268325374,12.97938268325374,392,109,778,definitive,provisional,data/raw/open_medic/2023/atc4/NB_2023_atc4_age_sexe_reg.CSV.gz,001,002,sap-v1.0-amendments-001-002,7596793.5,0.11015114388917273
2023,93,Provence-Alpes-Côte d'Azur and Corse,20,1,observed,10866,10866,10866,1305807.5,832.1287785527346,832.1287785527346,832.1287785527346,96676,44,341,definitive,provisional,data/raw/open_medic/2023/atc4/NB_2023_atc4_age_sexe_reg.CSV.gz,001,002,sap-v1.0-amendments-001-002,16739998.5,0.24272477374540136
2023,93,Provence-Alpes-Côte d'Azur and Corse,20,2,observed,10150,10150,10150,1369905,740.9272905785438,740.9272905785438,740.9272905785438,87722,109,778,definitive,provisional,data/raw/open_medic/2023/atc4/NB_2023_atc4_age_sexe_reg.CSV.gz,001,002,sap-v1.0-amendments-001-002,17098130,0.24791756915148225
2023,93,Provence-Alpes-Côte d'Azur and Corse,60,1,observed,24414,24414,24414,762568.5,3201.5484510571837,3201.5484510571837,3201.5484510571837,245156,44,341,definitive,provisional,data/raw/open_medic/2023/atc4/NB_2023_atc4_age_sexe_reg.CSV.gz,001,002,sap-v1.0-amendments-001-002,8738069,0.12669928381395645
2023,93,Provence-Alpes-Côte d'Azur and Corse,60,2,observed,19161,19161,19161,963357,1988.9822775980244,1988.9822775980244,1988.9822775980244,190954,109,778,definitive,provisional,data/raw/open_medic/2023/atc4/NB_2023_atc4_age_sexe_reg.CSV.gz,001,002,sap-v1.0-amendments-001-002,10786630,0.15640278141156097
2024,11,Île-de-France,0,1,observed,159,159,159,1549333.5,10.262477381403036,10.262477381403036,10.262477381403036,675,,,provisional,provisional,data/raw/open_medic/2024/atc4/NB_2024_atc4_age_sexe_reg.CSV.gz,001,002,sap-v1.0-amendments-001-002,8007375,0.11610444798842623
2024,11,Île-de-France,0,2,observed,236,236,236,1485849,15.883175208247945,15.883175208247945,15.883175208247945,1065,,,provisional,provisional,data/raw/open_medic/2024/atc4/NB_2024_atc4_age_sexe_reg.CSV.gz,001,002,sap-v1.0-amendments-001-002,7596793.5,0.11015114388917273
2024,11,Île-de-France,20,1,observed,26803,26803,26803,3316422.5,808.1901506819472,808.1901506819472,808.1901506819472,227617,,,provisional,provisional,data/raw/open_medic/2024/atc4/NB_2024_atc4_age_sexe_reg.CSV.gz,001,002,sap-v1.0-amendments-001-002,16739998.5,0.24272477374540136
2024,11,Île-de-France,20,2,observed,30025,30025,30025,3455806.5,868.8275804794048,868.8275804794048,868.8275804794048,242845,,,provisional,provisional,data/raw/open_medic/2024/atc4/NB_2024_atc4_age_sexe_reg.CSV.gz,001,002,sap-v1.0-amendments-001-002,17098130,0.24791756915148225
2024,11,Île-de-France,60,1,observed,37323,37323,37323,1205669.5,3095.6244642499455,3095.6244642499455,3095.6244642499455,362944,,,provisional,provisional,data/raw/open_medic/2024/atc4/NB_2024_atc4_age_sexe_reg.CSV.gz,001,002,sap-v1.0-amendments-001-002,8738069,0.12669928381395645
2024,11,Île-de-France,60,2,observed,32364,32364,32364,1515334,2135.766768250432,2135.766768250432,2135.766768250432,309439,,,provisional,provisional,data/raw/open_medic/2024/atc4/NB_2024_atc4_age_sexe_reg.CSV.gz,001,002,sap-v1.0-amendments-001-002,10786630,0.15640278141156097
2024,24,Centre-Val de Loire,0,1,observed,14,14,14,301851.5,4.6380422161228285,4.6380422161228285,4.6380422161228285,84,,,provisional,provisional,data/raw/open_medic/2024/atc4/NB_2024_atc4_age_sexe_reg.CSV.gz,001,002,sap-v1.0-amendments-001-002,8007375,0.11610444798842623
2024,24,Centre-Val de Loire,0,2,observed,12,12,12,283987.5,4.225538095866896,4.225538095866896,4.225538095866896,80,,,provisional,provisional,data/raw/open_medic/2024/atc4/NB_2024_atc4_age_sexe_reg.CSV.gz,001,002,sap-v1.0-amendments-001-002,7596793.5,0.11015114388917273
2024,24,Centre-Val de Loire,20,1,observed,5483,5483,5483,600718.5,912.740326792,912.740326792,912.740326792,49277,,,provisional,provisional,data/raw/open_medic/2024/atc4/NB_2024_atc4_age_sexe_reg.CSV.gz,001,002,sap-v1.0-amendments-001-002,16739998.5,0.24272477374540136
2024,24,Centre-Val de Loire,20,2,observed,5027,5027,5027,609030,825.410899298885,825.410899298885,825.410899298885,44277,,,provisional,provisional,data/raw/open_medic/2024/atc4/NB_2024_atc4_age_sexe_reg.CSV.gz,001,002,sap-v1.0-amendments-001-002,17098130,0.24791756915148225
2024,24,Centre-Val de Loire,60,1,observed,11598,11598,11598,355652,3261.05293939019,3261.05293939019,3261.05293939019,114101,,,provisional,provisional,data/raw/open_medic/2024/atc4/NB_2024_atc4_age_sexe_reg.CSV.gz,001,002,sap-v1.0-amendments-001-002,8738069,0.12669928381395645
2024,24,Centre-Val de Loire,60,2,observed,9281,9281,9281,436916.5,2124.204510472825,2124.204510472825,2124.204510472825,88660,,,provisional,provisional,data/raw/open_medic/2024/atc4/NB_2024_atc4_age_sexe_reg.CSV.gz,001,002,sap-v1.0-amendments-001-002,10786630,0.15640278141156097
2024,27,Bourgogne-Franche-Comté,0,1,structural_zero_supported,0,0,0,313738.5,0,0,0,0,,,provisional,provisional,,001,002,sap-v1.0-amendments-001-002,8007375,0.11610444798842623
2024,27,Bourgogne-Franche-Comté,0,2,observed,15,15,15,294289,5.09703047004815,5.09703047004815,5.09703047004815,90,,,provisional,provisional,data/raw/open_medic/2024/atc4/NB_2024_atc4_age_sexe_reg.CSV.gz,001,002,sap-v1.0-amendments-001-002,7596793.5,0.11015114388917273
2024,27,Bourgogne-Franche-Comté,20,1,observed,6217,6217,6217,658065.5,944.7387836013285,944.7387836013285,944.7387836013285,56687,,,provisional,provisional,data/raw/open_medic/2024/atc4/NB_2024_atc4_age_sexe_reg.CSV.gz,001,002,sap-v1.0-amendments-001-002,16739998.5,0.24272477374540136
2024,27,Bourgogne-Franche-Comté,20,2,observed,5166,5166,5166,649137.5,795.8252296316266,795.8252296316266,795.8252296316266,45889,,,provisional,provisional,data/raw/open_medic/2024/atc4/NB_2024_atc4_age_sexe_reg.CSV.gz,001,002,sap-v1.0-amendments-001-002,17098130,0.24791756915148225
2024,27,Bourgogne-Franche-Comté,60,1,observed,14615,14615,14615,397472.5,3676.9839422853156,3676.9839422853156,3676.9839422853156,143911,,,provisional,provisional,data/raw/open_medic/2024/atc4/NB_2024_atc4_age_sexe_reg.CSV.gz,001,002,sap-v1.0-amendments-001-002,8738069,0.12669928381395645
2024,27,Bourgogne-Franche-Comté,60,2,observed,11199,11199,11199,485826,2305.1462869422385,2305.1462869422385,2305.1462869422385,108084,,,provisional,provisional,data/raw/open_medic/2024/atc4/NB_2024_atc4_age_sexe_reg.CSV.gz,001,002,sap-v1.0-amendments-001-002,10786630,0.15640278141156097
2024,28,Normandie,0,1,structural_zero_supported,0,0,0,390133,0,0,0,0,,,provisional,provisional,,001,002,sap-v1.0-amendments-001-002,8007375,0.11610444798842623
2024,28,Normandie,0,2,structural_zero_supported,0,0,0,370453,0,0,0,0,,,provisional,provisional,,001,002,sap-v1.0-amendments-001-002,7596793.5,0.11015114388917273
2024,28,Normandie,20,1,observed,6327,6327,6327,785680.5,805.2891728889797,805.2891728889797,805.2891728889797,58676,,,provisional,provisional,data/raw/open_medic/2024/atc4/NB_2024_atc4_age_sexe_reg.CSV.gz,001,002,sap-v1.0-amendments-001-002,16739998.5,0.24272477374540136
2024,28,Normandie,20,2,observed,5466,5466,5466,793617.5,688.744892848255,688.744892848255,688.744892848255,48518,,,provisional,provisional,data/raw/open_medic/2024/atc4/NB_2024_atc4_age_sexe_reg.CSV.gz,001,002,sap-v1.0-amendments-001-002,17098130,0.24791756915148225
2024,28,Normandie,60,1,observed,14654,14654,14654,446751,3280.1269611036128,3280.1269611036128,3280.1269611036128,148869,,,provisional,provisional,data/raw/open_medic/2024/atc4/NB_2024_atc4_age_sexe_reg.CSV.gz,001,002,sap-v1.0-amendments-001-002,8738069,0.12669928381395645
2024,28,Normandie,60,2,observed,11245,11245,11245,563336,1996.1443969496004,1996.1443969496004,1996.1443969496004,111969,,,provisional,provisional,data/raw/open_medic/2024/atc4/NB_2024_atc4_age_sexe_reg.CSV.gz,001,002,sap-v1.0-amendments-001-002,10786630,0.15640278141156097
2024,32,Hauts-de-France,0,1,observed,24,24,24,750191,3.1991852741501834,3.1991852741501834,3.1991852741501834,121,,,provisional,provisional,data/raw/open_medic/2024/atc4/NB_2024_atc4_age_sexe_reg.CSV.gz,001,002,sap-v1.0-amendments-001-002,8007375,0.11610444798842623
2024,32,Hauts-de-France,0,2,observed,62,62,62,710875.5,8.721639724536855,8.721639724536855,8.721639724536855,277,,,provisional,provisional,data/raw/open_medic/2024/atc4/NB_2024_atc4_age_sexe_reg.CSV.gz,001,002,sap-v1.0-amendments-001-002,7596793.5,0.11015114388917273
2024,32,Hauts-de-France,20,1,observed,16091,16091,16091,1470653,1094.139814082588,1094.139814082588,1094.139814082588,149008,,,provisional,provisional,data/raw/open_medic/2024/atc4/NB_2024_atc4_age_sexe_reg.CSV.gz,001,002,sap-v1.0-amendments-001-002,16739998.5,0.24272477374540136
2024,32,Hauts-de-France,20,2,observed,13926,13926,13926,1485263,937.6117226376743,937.6117226376743,937.6117226376743,126526,,,provisional,provisional,data/raw/open_medic/2024/atc4/NB_2024_atc4_age_sexe_reg.CSV.gz,001,002,sap-v1.0-amendments-001-002,17098130,0.24791756915148225
2024,32,Hauts-de-France,60,1,observed,30467,30467,30467,686054,4440.904068775927,4440.904068775927,4440.904068775927,310591,,,provisional,provisional,data/raw/open_medic/2024/atc4/NB_2024_atc4_age_sexe_reg.CSV.gz,001,002,sap-v1.0-amendments-001-002,8738069,0.12669928381395645
2024,32,Hauts-de-France,60,2,observed,26041,26041,26041,876107,2972.353833492941,2972.353833492941,2972.353833492941,260140,,,provisional,provisional,data/raw/open_medic/2024/atc4/NB_2024_atc4_age_sexe_reg.CSV.gz,001,002,sap-v1.0-amendments-001-002,10786630,0.15640278141156097
2024,44,Grand Est,0,1,observed,17,17,17,629289.5,2.70145934422869,2.70145934422869,2.70145934422869,58,,,provisional,provisional,data/raw/open_medic/2024/atc4/NB_2024_atc4_age_sexe_reg.CSV.gz,001,002,sap-v1.0-amendments-001-002,8007375,0.11610444798842623
2024,44,Grand Est,0,2,observed,42,42,42,591708.5,7.098089684363162,7.098089684363162,7.098089684363162,215,,,provisional,provisional,data/raw/open_medic/2024/atc4/NB_2024_atc4_age_sexe_reg.CSV.gz,001,002,sap-v1.0-amendments-001-002,7596793.5,0.11015114388917273
2024,44,Grand Est,20,1,observed,13452,13452,13452,1366224,984.6116010258933,984.6116010258933,984.6116010258933,124211,,,provisional,provisional,data/raw/open_medic/2024/atc4/NB_2024_atc4_age_sexe_reg.CSV.gz,001,002,sap-v1.0-amendments-001-002,16739998.5,0.24272477374540136
2024,44,Grand Est,20,2,observed,12164,12164,12164,1362900,892.5086213221807,892.5086213221807,892.5086213221807,108936,,,provisional,provisional,data/raw/open_medic/2024/atc4/NB_2024_atc4_age_sexe_reg.CSV.gz,001,002,sap-v1.0-amendments-001-002,17098130,0.24791756915148225
2024,44,Grand Est,60,1,observed,27162,27162,27162,721266,3765.8783306020246,3765.8783306020246,3765.8783306020246,275271,,,provisional,provisional,data/raw/open_medic/2024/atc4/NB_2024_atc4_age_sexe_reg.CSV.gz,001,002,sap-v1.0-amendments-001-002,8738069,0.12669928381395645
2024,44,Grand Est,60,2,observed,21895,21895,21895,882418,2481.250382471799,2481.250382471799,2481.250382471799,217488,,,provisional,provisional,data/raw/open_medic/2024/atc4/NB_2024_atc4_age_sexe_reg.CSV.gz,001,002,sap-v1.0-amendments-001-002,10786630,0.15640278141156097
2024,5,Overseas regions and departments,0,1,observed,28,28,28,356499,7.854159478708215,7.854159478708215,7.854159478708215,82,,,provisional,provisional,data/raw/open_medic/2024/atc4/NB_2024_atc4_age_sexe_reg.CSV.gz,001,002,sap-v1.0-amendments-001-002,8007375,0.11610444798842623
2024,5,Overseas regions and departments,0,2,observed,88,88,88,349536.5,25.176197621707608,25.176197621707608,25.176197621707608,352,,,provisional,provisional,data/raw/open_medic/2024/atc4/NB_2024_atc4_age_sexe_reg.CSV.gz,001,002,sap-v1.0-amendments-001-002,7596793.5,0.11015114388917273
2024,5,Overseas regions and departments,20,1,observed,7038,7038,7038,486423.5,1446.8873317181426,1446.8873317181426,1446.8873317181426,59761,,,provisional,provisional,data/raw/open_medic/2024/atc4/NB_2024_atc4_age_sexe_reg.CSV.gz,001,002,sap-v1.0-amendments-001-002,16739998.5,0.24272477374540136
2024,5,Overseas regions and departments,20,2,observed,13123,13123,13123,581824,2255.4930700692994,2255.4930700692994,2255.4930700692994,114383,,,provisional,provisional,data/raw/open_medic/2024/atc4/NB_2024_atc4_age_sexe_reg.CSV.gz,001,002,sap-v1.0-amendments-001-002,17098130,0.24791756915148225
2024,5,Overseas regions and departments,60,1,observed,9089,9089,9089,224188.5,4054.177622848629,4054.177622848629,4054.177622848629,86831,,,provisional,provisional,data/raw/open_medic/2024/atc4/NB_2024_atc4_age_sexe_reg.CSV.gz,001,002,sap-v1.0-amendments-001-002,8738069,0.12669928381395645
2024,5,Overseas regions and departments,60,2,observed,13759,13759,13759,267516,5143.243768597019,5143.243768597019,5143.243768597019,136275,,,provisional,provisional,data/raw/open_medic/2024/atc4/NB_2024_atc4_age_sexe_reg.CSV.gz,001,002,sap-v1.0-amendments-001-002,10786630,0.15640278141156097
2024,52,Pays de la Loire,0,1,observed,14,14,14,473490.5,2.9567647080564448,2.9567647080564448,2.9567647080564448,109,,,provisional,provisional,data/raw/open_medic/2024/atc4/NB_2024_atc4_age_sexe_reg.CSV.gz,001,002,sap-v1.0-amendments-001-002,8007375,0.11610444798842623
2024,52,Pays de la Loire,0,2,observed,16,16,16,444980.5,3.5956631807461226,3.5956631807461226,3.5956631807461226,124,,,provisional,provisional,data/raw/open_medic/2024/atc4/NB_2024_atc4_age_sexe_reg.CSV.gz,001,002,sap-v1.0-amendments-001-002,7596793.5,0.11015114388917273
2024,52,Pays de la Loire,20,1,observed,6623,6623,6623,949008,697.8866353076054,697.8866353076054,697.8866353076054,62888,,,provisional,provisional,data/raw/open_medic/2024/atc4/NB_2024_atc4_age_sexe_reg.CSV.gz,001,002,sap-v1.0-amendments-001-002,16739998.5,0.24272477374540136
2024,52,Pays de la Loire,20,2,observed,5584,5584,5584,943976,591.5404628931244,591.5404628931244,591.5404628931244,51652,,,provisional,provisional,data/raw/open_medic/2024/atc4/NB_2024_atc4_age_sexe_reg.CSV.gz,001,002,sap-v1.0-amendments-001-002,17098130,0.24791756915148225
2024,52,Pays de la Loire,60,1,observed,13982,13982,13982,503189,2778.677594303532,2778.677594303532,2778.677594303532,145097,,,provisional,provisional,data/raw/open_medic/2024/atc4/NB_2024_atc4_age_sexe_reg.CSV.gz,001,002,sap-v1.0-amendments-001-002,8738069,0.12669928381395645
2024,52,Pays de la Loire,60,2,observed,10074,10074,10074,621471,1620.9927735968372,1620.9927735968372,1620.9927735968372,102530,,,provisional,provisional,data/raw/open_medic/2024/atc4/NB_2024_atc4_age_sexe_reg.CSV.gz,001,002,sap-v1.0-amendments-001-002,10786630,0.15640278141156097
2024,53,Bretagne,0,1,structural_zero_supported,0,0,0,391092,0,0,0,0,,,provisional,provisional,,001,002,sap-v1.0-amendments-001-002,8007375,0.11610444798842623
2024,53,Bretagne,0,2,structural_zero_supported,0,0,0,370031,0,0,0,0,,,provisional,provisional,,001,002,sap-v1.0-amendments-001-002,7596793.5,0.11015114388917273
2024,53,Bretagne,20,1,observed,4641,4641,4641,823973,563.2466112360478,563.2466112360478,563.2466112360478,43448,,,provisional,provisional,data/raw/open_medic/2024/atc4/NB_2024_atc4_age_sexe_reg.CSV.gz,001,002,sap-v1.0-amendments-001-002,16739998.5,0.24272477374540136
2024,53,Bretagne,20,2,observed,3716,3716,3716,816332,455.20695011343423,455.20695011343423,455.20695011343423,33919,,,provisional,provisional,data/raw/open_medic/2024/atc4/NB_2024_atc4_age_sexe_reg.CSV.gz,001,002,sap-v1.0-amendments-001-002,17098130,0.24791756915148225
2024,53,Bretagne,60,1,observed,10338,10338,10338,480526.5,2151.390193881087,2151.390193881087,2151.390193881087,107658,,,provisional,provisional,data/raw/open_medic/2024/atc4/NB_2024_atc4_age_sexe_reg.CSV.gz,001,002,sap-v1.0-amendments-001-002,8738069,0.12669928381395645
2024,53,Bretagne,60,2,observed,6954,6954,6954,597527,1163.796782404812,1163.796782404812,1163.796782404812,70760,,,provisional,provisional,data/raw/open_medic/2024/atc4/NB_2024_atc4_age_sexe_reg.CSV.gz,001,002,sap-v1.0-amendments-001-002,10786630,0.15640278141156097
2024,75,Nouvelle-Aquitaine,0,1,observed,16,16,16,653943.5,2.446694553887301,2.446694553887301,2.446694553887301,108,11,64,provisional,provisional,data/raw/open_medic/2024/atc4/NB_2024_atc4_age_sexe_reg.CSV.gz,001,002,sap-v1.0-amendments-001-002,8007375,0.11610444798842623
2024,75,Nouvelle-Aquitaine,0,2,observed,27,27,27,620032,4.354613955408753,4.354613955408753,4.354613955408753,123,23,121,provisional,provisional,data/raw/open_medic/2024/atc4/NB_2024_atc4_age_sexe_reg.CSV.gz,001,002,sap-v1.0-amendments-001-002,7596793.5,0.11015114388917273
2024,75,Nouvelle-Aquitaine,20,1,observed,11157,11157,11157,1443278,773.0319453355486,773.0319453355486,773.0319453355486,106140,11,64,provisional,provisional,data/raw/open_medic/2024/atc4/NB_2024_atc4_age_sexe_reg.CSV.gz,001,002,sap-v1.0-amendments-001-002,16739998.5,0.24272477374540136
2024,75,Nouvelle-Aquitaine,20,2,observed,8985,8985,8985,1470309.5,611.0958271030692,611.0958271030692,611.0958271030692,82189,23,121,provisional,provisional,data/raw/open_medic/2024/atc4/NB_2024_atc4_age_sexe_reg.CSV.gz,001,002,sap-v1.0-amendments-001-002,17098130,0.24791756915148225
2024,75,Nouvelle-Aquitaine,60,1,observed,28116,28116,28116,898749,3128.348404281952,3128.348404281952,3128.348404281952,290447,11,64,provisional,provisional,data/raw/open_medic/2024/atc4/NB_2024_atc4_age_sexe_reg.CSV.gz,001,002,sap-v1.0-amendments-001-002,8738069,0.12669928381395645
2024,75,Nouvelle-Aquitaine,60,2,observed,20125,20125,20125,1110050,1812.9813972343588,1812.9813972343588,1812.9813972343588,204317,23,121,provisional,provisional,data/raw/open_medic/2024/atc4/NB_2024_atc4_age_sexe_reg.CSV.gz,001,002,sap-v1.0-amendments-001-002,10786630,0.15640278141156097
2024,76,Occitanie,0,1,observed,29,29,29,679326.5,4.268934010376454,4.268934010376454,4.268934010376454,94,63,391,provisional,provisional,data/raw/open_medic/2024/atc4/NB_2024_atc4_age_sexe_reg.CSV.gz,001,002,sap-v1.0-amendments-001-002,8007375,0.11610444798842623
2024,76,Occitanie,0,2,observed,48,48,48,645772,7.432963956318949,7.432963956318949,7.432963956318949,214,113,668,provisional,provisional,data/raw/open_medic/2024/atc4/NB_2024_atc4_age_sexe_reg.CSV.gz,001,002,sap-v1.0-amendments-001-002,7596793.5,0.11015114388917273
2024,76,Occitanie,20,1,observed,10630,10630,10630,1461077.5,727.5452534174266,727.5452534174266,727.5452534174266,96753,63,391,provisional,provisional,data/raw/open_medic/2024/atc4/NB_2024_atc4_age_sexe_reg.CSV.gz,001,002,sap-v1.0-amendments-001-002,16739998.5,0.24272477374540136
2024,76,Occitanie,20,2,observed,9556,9556,9556,1500044,637.0479799259222,637.0479799259222,637.0479799259222,83073,113,668,provisional,provisional,data/raw/open_medic/2024/atc4/NB_2024_atc4_age_sexe_reg.CSV.gz,001,002,sap-v1.0-amendments-001-002,17098130,0.24791756915148225
2024,76,Occitanie,60,1,observed,25950,25950,25950,854689,3036.1921119845933,3036.1921119845933,3036.1921119845933,262648,63,391,provisional,provisional,data/raw/open_medic/2024/atc4/NB_2024_atc4_age_sexe_reg.CSV.gz,001,002,sap-v1.0-amendments-001-002,8738069,0.12669928381395645
2024,76,Occitanie,60,2,observed,19160,19160,19160,1044813,1833.820980405106,1833.820980405106,1833.820980405106,190869,113,668,provisional,provisional,data/raw/open_medic/2024/atc4/NB_2024_atc4_age_sexe_reg.CSV.gz,001,002,sap-v1.0-amendments-001-002,10786630,0.15640278141156097
2024,84,Auvergne-Rhône-Alpes,0,1,observed,39,39,39,982023,3.971393745360343,3.971393745360343,3.971393745360343,148,,,provisional,provisional,data/raw/open_medic/2024/atc4/NB_2024_atc4_age_sexe_reg.CSV.gz,001,002,sap-v1.0-amendments-001-002,8007375,0.11610444798842623
2024,84,Auvergne-Rhône-Alpes,0,2,observed,55,55,55,928951.5,5.920653554033769,5.920653554033769,5.920653554033769,226,,,provisional,provisional,data/raw/open_medic/2024/atc4/NB_2024_atc4_age_sexe_reg.CSV.gz,001,002,sap-v1.0-amendments-001-002,7596793.5,0.11015114388917273
2024,84,Auvergne-Rhône-Alpes,20,1,observed,14417,14417,14417,2034351.5,708.6779251274914,708.6779251274914,708.6779251274914,132596,,,provisional,provisional,data/raw/open_medic/2024/atc4/NB_2024_atc4_age_sexe_reg.CSV.gz,001,002,sap-v1.0-amendments-001-002,16739998.5,0.24272477374540136
2024,84,Auvergne-Rhône-Alpes,20,2,observed,12162,12162,12162,2047206,594.0779774971351,594.0779774971351,594.0779774971351,106862,,,provisional,provisional,data/raw/open_medic/2024/atc4/NB_2024_atc4_age_sexe_reg.CSV.gz,001,002,sap-v1.0-amendments-001-002,17098130,0.24791756915148225
2024,84,Auvergne-Rhône-Alpes,60,1,observed,29037,29037,29037,1015693.5,2858.8348748908998,2858.8348748908998,2858.8348748908998,294176,,,provisional,provisional,data/raw/open_medic/2024/atc4/NB_2024_atc4_age_sexe_reg.CSV.gz,001,002,sap-v1.0-amendments-001-002,8738069,0.12669928381395645
2024,84,Auvergne-Rhône-Alpes,60,2,observed,22556,22556,22556,1245986,1810.2932135674077,1810.2932135674077,1810.2932135674077,224307,,,provisional,provisional,data/raw/open_medic/2024/atc4/NB_2024_atc4_age_sexe_reg.CSV.gz,001,002,sap-v1.0-amendments-001-002,10786630,0.15640278141156097
2024,93,Provence-Alpes-Côte d'Azur and Corse,0,1,observed,55,55,55,610325,9.01159218449187,9.01159218449187,9.01159218449187,263,46,277,provisional,provisional,data/raw/open_medic/2024/atc4/NB_2024_atc4_age_sexe_reg.CSV.gz,001,002,sap-v1.0-amendments-001-002,8007375,0.11610444798842623
2024,93,Provence-Alpes-Côte d'Azur and Corse,0,2,observed,65,65,65,575040,11.303561491374513,11.303561491374513,11.303561491374513,298,103,668,provisional,provisional,data/raw/open_medic/2024/atc4/NB_2024_atc4_age_sexe_reg.CSV.gz,001,002,sap-v1.0-amendments-001-002,7596793.5,0.11015114388917273
2024,93,Provence-Alpes-Côte d'Azur and Corse,20,1,observed,11280,11280,11280,1310311,860.8643291554448,860.8643291554448,860.8643291554448,98950,46,277,provisional,provisional,data/raw/open_medic/2024/atc4/NB_2024_atc4_age_sexe_reg.CSV.gz,001,002,sap-v1.0-amendments-001-002,16739998.5,0.24272477374540136
2024,93,Provence-Alpes-Côte d'Azur and Corse,20,2,observed,11093,11093,11093,1371818,808.634964696483,808.634964696483,808.634964696483,89913,103,668,provisional,provisional,data/raw/open_medic/2024/atc4/NB_2024_atc4_age_sexe_reg.CSV.gz,001,002,sap-v1.0-amendments-001-002,17098130,0.24791756915148225
2024,93,Provence-Alpes-Côte d'Azur and Corse,60,1,observed,26074,26074,26074,779847.5,3343.4742048926237,3343.4742048926237,3343.4742048926237,257827,46,277,provisional,provisional,data/raw/open_medic/2024/atc4/NB_2024_atc4_age_sexe_reg.CSV.gz,001,002,sap-v1.0-amendments-001-002,8738069,0.12669928381395645
2024,93,Provence-Alpes-Côte d'Azur and Corse,60,2,observed,20594,20594,20594,981945,2097.2661401605997,2097.2661401605997,2097.2661401605997,198565,103,668,provisional,provisional,data/raw/open_medic/2024/atc4/NB_2024_atc4_age_sexe_reg.CSV.gz,001,002,sap-v1.0-amendments-001-002,10786630,0.15640278141156097
2025,11,Île-de-France,0,1,observed,184,184,184,1534059.5,11.994319646662989,11.994319646662989,11.994319646662989,775,12,59,provisional,early,data/raw/open_medic/2025/atc4/NB_2025_atc4_age_sexe_reg.CSV.gz,001,002,sap-v1.0-amendments-001-002,8007375,0.11610444798842623
2025,11,Île-de-France,0,2,observed,303,303,303,1468829.5,20.628670652380006,20.628670652380006,20.628670652380006,1532,,,provisional,early,data/raw/open_medic/2025/atc4/NB_2025_atc4_age_sexe_reg.CSV.gz,001,002,sap-v1.0-amendments-001-002,7596793.5,0.11015114388917273
2025,11,Île-de-France,20,1,observed,31224,31224,31224,3331026.5,937.3687060129962,937.3687060129962,937.3687060129962,260785,12,59,provisional,early,data/raw/open_medic/2025/atc4/NB_2025_atc4_age_sexe_reg.CSV.gz,001,002,sap-v1.0-amendments-001-002,16739998.5,0.24272477374540136
2025,11,Île-de-France,20,2,observed,36198,36198,36198,3466488.5,1044.2267441533413,1044.2267441533413,1044.2267441533413,286571,,,provisional,early,data/raw/open_medic/2025/atc4/NB_2025_atc4_age_sexe_reg.CSV.gz,001,002,sap-v1.0-amendments-001-002,17098130,0.24791756915148225
2025,11,Île-de-France,60,1,observed,43381,43381,43381,1231916.5,3521.4237328585177,3521.4237328585177,3521.4237328585177,414590,12,59,provisional,early,data/raw/open_medic/2025/atc4/NB_2025_atc4_age_sexe_reg.CSV.gz,001,002,sap-v1.0-amendments-001-002,8738069,0.12669928381395645
2025,11,Île-de-France,60,2,observed,38090,38090,38090,1539574.5,2474.0602029976462,2474.0602029976462,2474.0602029976462,359596,,,provisional,early,data/raw/open_medic/2025/atc4/NB_2025_atc4_age_sexe_reg.CSV.gz,001,002,sap-v1.0-amendments-001-002,10786630,0.15640278141156097
2025,24,Centre-Val de Loire,0,1,observed,14,14,14,298747,4.686239527091486,4.686239527091486,4.686239527091486,84,,,provisional,early,data/raw/open_medic/2025/atc4/NB_2025_atc4_age_sexe_reg.CSV.gz,001,002,sap-v1.0-amendments-001-002,8007375,0.11610444798842623
2025,24,Centre-Val de Loire,0,2,observed,26,26,26,280942.5,9.254562766402378,9.254562766402378,9.254562766402378,110,,,provisional,early,data/raw/open_medic/2025/atc4/NB_2025_atc4_age_sexe_reg.CSV.gz,001,002,sap-v1.0-amendments-001-002,7596793.5,0.11015114388917273
2025,24,Centre-Val de Loire,20,1,observed,6618,6618,6618,600409.5,1102.247715933875,1102.247715933875,1102.247715933875,58480,,,provisional,early,data/raw/open_medic/2025/atc4/NB_2025_atc4_age_sexe_reg.CSV.gz,001,002,sap-v1.0-amendments-001-002,16739998.5,0.24272477374540136
2025,24,Centre-Val de Loire,20,2,observed,6313,6313,6313,607564,1039.0674891863243,1039.0674891863243,1039.0674891863243,54209,,,provisional,early,data/raw/open_medic/2025/atc4/NB_2025_atc4_age_sexe_reg.CSV.gz,001,002,sap-v1.0-amendments-001-002,17098130,0.24791756915148225
2025,24,Centre-Val de Loire,60,1,observed,13623,13623,13623,360277.5,3781.251951620626,3781.251951620626,3781.251951620626,133649,,,provisional,early,data/raw/open_medic/2025/atc4/NB_2025_atc4_age_sexe_reg.CSV.gz,001,002,sap-v1.0-amendments-001-002,8738069,0.12669928381395645
2025,24,Centre-Val de Loire,60,2,observed,10981,10981,10981,440855.5,2490.838834947052,2490.838834947052,2490.838834947052,106635,,,provisional,early,data/raw/open_medic/2025/atc4/NB_2025_atc4_age_sexe_reg.CSV.gz,001,002,sap-v1.0-amendments-001-002,10786630,0.15640278141156097
2025,27,Bourgogne-Franche-Comté,0,1,structural_zero_supported,0,0,0,310003,0,0,0,0,,,provisional,early,,001,002,sap-v1.0-amendments-001-002,8007375,0.11610444798842623
2025,27,Bourgogne-Franche-Comté,0,2,observed,13,13,13,290164,4.480224976220344,4.480224976220344,4.480224976220344,85,,,provisional,early,data/raw/open_medic/2025/atc4/NB_2025_atc4_age_sexe_reg.CSV.gz,001,002,sap-v1.0-amendments-001-002,7596793.5,0.11015114388917273
2025,27,Bourgogne-Franche-Comté,20,1,observed,7418,7418,7418,656532.5,1129.8755202522343,1129.8755202522343,1129.8755202522343,67200,,,provisional,early,data/raw/open_medic/2025/atc4/NB_2025_atc4_age_sexe_reg.CSV.gz,001,002,sap-v1.0-amendments-001-002,16739998.5,0.24272477374540136
2025,27,Bourgogne-Franche-Comté,20,2,observed,6393,6393,6393,646229.5,989.2770292906778,989.2770292906778,989.2770292906778,56594,,,provisional,early,data/raw/open_medic/2025/atc4/NB_2025_atc4_age_sexe_reg.CSV.gz,001,002,sap-v1.0-amendments-001-002,17098130,0.24791756915148225
2025,27,Bourgogne-Franche-Comté,60,1,observed,16802,16802,16802,402474.5,4174.674420367005,4174.674420367005,4174.674420367005,169904,,,provisional,early,data/raw/open_medic/2025/atc4/NB_2025_atc4_age_sexe_reg.CSV.gz,001,002,sap-v1.0-amendments-001-002,8738069,0.12669928381395645
2025,27,Bourgogne-Franche-Comté,60,2,observed,13014,13014,13014,490057,2655.609449513016,2655.609449513016,2655.609449513016,129002,,,provisional,early,data/raw/open_medic/2025/atc4/NB_2025_atc4_age_sexe_reg.CSV.gz,001,002,sap-v1.0-amendments-001-002,10786630,0.15640278141156097
2025,28,Normandie,0,1,structural_zero_supported,0,0,0,386121.5,0,0,0,0,,,provisional,early,,001,002,sap-v1.0-amendments-001-002,8007375,0.11610444798842623
2025,28,Normandie,0,2,observed,42,42,42,366697.5,11.453582312396458,11.453582312396458,11.453582312396458,181,,,provisional,early,data/raw/open_medic/2025/atc4/NB_2025_atc4_age_sexe_reg.CSV.gz,001,002,sap-v1.0-amendments-001-002,7596793.5,0.11015114388917273
2025,28,Normandie,20,1,observed,7636,7636,7636,784695.5,973.116323465599,973.116323465599,973.116323465599,69865,,,provisional,early,data/raw/open_medic/2025/atc4/NB_2025_atc4_age_sexe_reg.CSV.gz,001,002,sap-v1.0-amendments-001-002,16739998.5,0.24272477374540136
2025,28,Normandie,20,2,observed,6935,6935,6935,791127.5,876.5970086996091,876.5970086996091,876.5970086996091,61857,,,provisional,early,data/raw/open_medic/2025/atc4/NB_2025_atc4_age_sexe_reg.CSV.gz,001,002,sap-v1.0-amendments-001-002,17098130,0.24791756915148225
2025,28,Normandie,60,1,observed,17060,17060,17060,453536,3761.5536583644957,3761.5536583644957,3761.5536583644957,172962,,,provisional,early,data/raw/open_medic/2025/atc4/NB_2025_atc4_age_sexe_reg.CSV.gz,001,002,sap-v1.0-amendments-001-002,8738069,0.12669928381395645
2025,28,Normandie,60,2,observed,13326,13326,13326,570176,2337.17308339881,2337.17308339881,2337.17308339881,134214,,,provisional,early,data/raw/open_medic/2025/atc4/NB_2025_atc4_age_sexe_reg.CSV.gz,001,002,sap-v1.0-amendments-001-002,10786630,0.15640278141156097
2025,32,Hauts-de-France,0,1,observed,44,44,44,739871.5,5.946978630748718,5.946978630748718,5.946978630748718,207,13,41,provisional,early,data/raw/open_medic/2025/atc4/NB_2025_atc4_age_sexe_reg.CSV.gz,001,002,sap-v1.0-amendments-001-002,8007375,0.11610444798842623
2025,32,Hauts-de-France,0,2,observed,61,61,61,700695,8.705642255189492,8.705642255189492,8.705642255189492,322,,,provisional,early,data/raw/open_medic/2025/atc4/NB_2025_atc4_age_sexe_reg.CSV.gz,001,002,sap-v1.0-amendments-001-002,7596793.5,0.11015114388917273
2025,32,Hauts-de-France,20,1,observed,18796,18796,18796,1466755.5,1281.467838368426,1281.467838368426,1281.467838368426,172062,13,41,provisional,early,data/raw/open_medic/2025/atc4/NB_2025_atc4_age_sexe_reg.CSV.gz,001,002,sap-v1.0-amendments-001-002,16739998.5,0.24272477374540136
2025,32,Hauts-de-France,20,2,observed,16779,16779,16779,1479582.5,1134.036121676216,1134.036121676216,1134.036121676216,151634,,,provisional,early,data/raw/open_medic/2025/atc4/NB_2025_atc4_age_sexe_reg.CSV.gz,001,002,sap-v1.0-amendments-001-002,17098130,0.24791756915148225
2025,32,Hauts-de-France,60,1,observed,34600,34600,34600,697760.5,4958.72150974439,4958.72150974439,4958.72150974439,357254,13,41,provisional,early,data/raw/open_medic/2025/atc4/NB_2025_atc4_age_sexe_reg.CSV.gz,001,002,sap-v1.0-amendments-001-002,8738069,0.12669928381395645
2025,32,Hauts-de-France,60,2,observed,29725,29725,29725,885440.5,3357.086105729295,3357.086105729295,3357.086105729295,303974,,,provisional,early,data/raw/open_medic/2025/atc4/NB_2025_atc4_age_sexe_reg.CSV.gz,001,002,sap-v1.0-amendments-001-002,10786630,0.15640278141156097
2025,44,Grand Est,0,1,observed,34,34,34,620972.5,5.475282721859664,5.475282721859664,5.475282721859664,127,,,provisional,early,data/raw/open_medic/2025/atc4/NB_2025_atc4_age_sexe_reg.CSV.gz,001,002,sap-v1.0-amendments-001-002,8007375,0.11610444798842623
2025,44,Grand Est,0,2,observed,66,66,66,583149,11.317862158727873,11.317862158727873,11.317862158727873,371,,,provisional,early,data/raw/open_medic/2025/atc4/NB_2025_atc4_age_sexe_reg.CSV.gz,001,002,sap-v1.0-amendments-001-002,7596793.5,0.11015114388917273
2025,44,Grand Est,20,1,observed,16069,16069,16069,1361355,1180.3680891464753,1180.3680891464753,1180.3680891464753,145481,,,provisional,early,data/raw/open_medic/2025/atc4/NB_2025_atc4_age_sexe_reg.CSV.gz,001,002,sap-v1.0-amendments-001-002,16739998.5,0.24272477374540136
2025,44,Grand Est,20,2,observed,15076,15076,15076,1356120.5,1111.7006195245924,1111.7006195245924,1111.7006195245924,133057,,,provisional,early,data/raw/open_medic/2025/atc4/NB_2025_atc4_age_sexe_reg.CSV.gz,001,002,sap-v1.0-amendments-001-002,17098130,0.24791756915148225
2025,44,Grand Est,60,1,observed,31905,31905,31905,732962,4352.885961345882,4352.885961345882,4352.885961345882,324101,,,provisional,early,data/raw/open_medic/2025/atc4/NB_2025_atc4_age_sexe_reg.CSV.gz,001,002,sap-v1.0-amendments-001-002,8738069,0.12669928381395645
2025,44,Grand Est,60,2,observed,25836,25836,25836,892654,2894.2905089766023,2894.2905089766023,2894.2905089766023,259122,,,provisional,early,data/raw/open_medic/2025/atc4/NB_2025_atc4_age_sexe_reg.CSV.gz,001,002,sap-v1.0-amendments-001-002,10786630,0.15640278141156097
2025,5,Overseas regions and departments,0,1,observed,31,31,31,355416.5,8.722161182725056,8.722161182725056,8.722161182725056,105,,,provisional,early,data/raw/open_medic/2025/atc4/NB_2025_atc4_age_sexe_reg.CSV.gz,001,002,sap-v1.0-amendments-001-002,8007375,0.11610444798842623
2025,5,Overseas regions and departments,0,2,observed,94,94,94,348149.5,26.99989515998156,26.99989515998156,26.99989515998156,410,,,provisional,early,data/raw/open_medic/2025/atc4/NB_2025_atc4_age_sexe_reg.CSV.gz,001,002,sap-v1.0-amendments-001-002,7596793.5,0.11015114388917273
2025,5,Overseas regions and departments,20,1,observed,7627,7627,7627,485073.5,1572.3390372799174,1572.3390372799174,1572.3390372799174,64911,,,provisional,early,data/raw/open_medic/2025/atc4/NB_2025_atc4_age_sexe_reg.CSV.gz,001,002,sap-v1.0-amendments-001-002,16739998.5,0.24272477374540136
2025,5,Overseas regions and departments,20,2,observed,14515,14515,14515,581547.5,2495.9268159522653,2495.9268159522653,2495.9268159522653,123661,,,provisional,early,data/raw/open_medic/2025/atc4/NB_2025_atc4_age_sexe_reg.CSV.gz,001,002,sap-v1.0-amendments-001-002,17098130,0.24791756915148225
2025,5,Overseas regions and departments,60,1,observed,10246,10246,10246,233490.5,4388.18709968928,4388.18709968928,4388.18709968928,95977,,,provisional,early,data/raw/open_medic/2025/atc4/NB_2025_atc4_age_sexe_reg.CSV.gz,001,002,sap-v1.0-amendments-001-002,8738069,0.12669928381395645
2025,5,Overseas regions and departments,60,2,observed,15540,15540,15540,277622.5,5597.529018721465,5597.529018721465,5597.529018721465,150857,,,provisional,early,data/raw/open_medic/2025/atc4/NB_2025_atc4_age_sexe_reg.CSV.gz,001,002,sap-v1.0-amendments-001-002,10786630,0.15640278141156097
2025,52,Pays de la Loire,0,1,observed,19,19,19,469372,4.047961957679623,4.047961957679623,4.047961957679623,114,,,provisional,early,data/raw/open_medic/2025/atc4/NB_2025_atc4_age_sexe_reg.CSV.gz,001,002,sap-v1.0-amendments-001-002,8007375,0.11610444798842623
2025,52,Pays de la Loire,0,2,observed,27,27,27,440832,6.124782229965157,6.124782229965157,6.124782229965157,149,,,provisional,early,data/raw/open_medic/2025/atc4/NB_2025_atc4_age_sexe_reg.CSV.gz,001,002,sap-v1.0-amendments-001-002,7596793.5,0.11015114388917273
2025,52,Pays de la Loire,20,1,observed,8026,8026,8026,954159.5,841.15915630458,841.15915630458,841.15915630458,73718,,,provisional,early,data/raw/open_medic/2025/atc4/NB_2025_atc4_age_sexe_reg.CSV.gz,001,002,sap-v1.0-amendments-001-002,16739998.5,0.24272477374540136
2025,52,Pays de la Loire,20,2,observed,6929,6929,6929,947575,731.2349945914572,731.2349945914572,731.2349945914572,63520,,,provisional,early,data/raw/open_medic/2025/atc4/NB_2025_atc4_age_sexe_reg.CSV.gz,001,002,sap-v1.0-amendments-001-002,17098130,0.24791756915148225
2025,52,Pays de la Loire,60,1,observed,16555,16555,16555,513029.5,3226.9099535211913,3226.9099535211913,3226.9099535211913,170982,,,provisional,early,data/raw/open_medic/2025/atc4/NB_2025_atc4_age_sexe_reg.CSV.gz,001,002,sap-v1.0-amendments-001-002,8738069,0.12669928381395645
2025,52,Pays de la Loire,60,2,observed,11997,11997,11997,630324.5,1903.3053609688343,1903.3053609688343,1903.3053609688343,123076,,,provisional,early,data/raw/open_medic/2025/atc4/NB_2025_atc4_age_sexe_reg.CSV.gz,001,002,sap-v1.0-amendments-001-002,10786630,0.15640278141156097
2025,53,Bretagne,0,1,structural_zero_supported,0,0,0,387829,0,0,0,0,,,provisional,early,,001,002,sap-v1.0-amendments-001-002,8007375,0.11610444798842623
2025,53,Bretagne,0,2,structural_zero_supported,0,0,0,367287.5,0,0,0,0,,,provisional,early,,001,002,sap-v1.0-amendments-001-002,7596793.5,0.11015114388917273
2025,53,Bretagne,20,1,observed,5781,5781,5781,827493,698.616181647458,698.616181647458,698.616181647458,52856,,,provisional,early,data/raw/open_medic/2025/atc4/NB_2025_atc4_age_sexe_reg.CSV.gz,001,002,sap-v1.0-amendments-001-002,16739998.5,0.24272477374540136
2025,53,Bretagne,20,2,observed,4878,4878,4878,819109,595.525137680089,595.525137680089,595.525137680089,43699,,,provisional,early,data/raw/open_medic/2025/atc4/NB_2025_atc4_age_sexe_reg.CSV.gz,001,002,sap-v1.0-amendments-001-002,17098130,0.24791756915148225
2025,53,Bretagne,60,1,observed,12692,12692,12692,490975.5,2585.0577065454386,2585.0577065454386,2585.0577065454386,128559,,,provisional,early,data/raw/open_medic/2025/atc4/NB_2025_atc4_age_sexe_reg.CSV.gz,001,002,sap-v1.0-amendments-001-002,8738069,0.12669928381395645
2025,53,Bretagne,60,2,observed,8672,8672,8672,606961,1428.7573666182836,1428.7573666182836,1428.7573666182836,86763,,,provisional,early,data/raw/open_medic/2025/atc4/NB_2025_atc4_age_sexe_reg.CSV.gz,001,002,sap-v1.0-amendments-001-002,10786630,0.15640278141156097
2025,75,Nouvelle-Aquitaine,0,1,observed,13,13,13,649227.5,2.002379751319838,2.002379751319838,2.002379751319838,63,11,84,provisional,early,data/raw/open_medic/2025/atc4/NB_2025_atc4_age_sexe_reg.CSV.gz,001,002,sap-v1.0-amendments-001-002,8007375,0.11610444798842623
2025,75,Nouvelle-Aquitaine,0,2,observed,37,37,37,615562,6.010767396298017,6.010767396298017,6.010767396298017,131,24,133,provisional,early,data/raw/open_medic/2025/atc4/NB_2025_atc4_age_sexe_reg.CSV.gz,001,002,sap-v1.0-amendments-001-002,7596793.5,0.11015114388917273
2025,75,Nouvelle-Aquitaine,20,1,observed,13593,13593,13593,1448683,938.3005115680932,938.3005115680932,938.3005115680932,125804,11,84,provisional,early,data/raw/open_medic/2025/atc4/NB_2025_atc4_age_sexe_reg.CSV.gz,001,002,sap-v1.0-amendments-001-002,16739998.5,0.24272477374540136
2025,75,Nouvelle-Aquitaine,20,2,observed,11657,11657,11657,1472097,791.8635796418307,791.8635796418307,791.8635796418307,104345,24,133,provisional,early,data/raw/open_medic/2025/atc4/NB_2025_atc4_age_sexe_reg.CSV.gz,001,002,sap-v1.0-amendments-001-002,17098130,0.24791756915148225
2025,75,Nouvelle-Aquitaine,60,1,observed,33650,33650,33650,915111,3677.1495479783325,3677.1495479783325,3677.1495479783325,342873,11,84,provisional,early,data/raw/open_medic/2025/atc4/NB_2025_atc4_age_sexe_reg.CSV.gz,001,002,sap-v1.0-amendments-001-002,8738069,0.12669928381395645
2025,75,Nouvelle-Aquitaine,60,2,observed,24401,24401,24401,1125631,2167.7619042119486,2167.7619042119486,2167.7619042119486,245927,24,133,provisional,early,data/raw/open_medic/2025/atc4/NB_2025_atc4_age_sexe_reg.CSV.gz,001,002,sap-v1.0-amendments-001-002,10786630,0.15640278141156097
2025,76,Occitanie,0,1,observed,48,48,48,675018,7.110921486538137,7.110921486538137,7.110921486538137,155,74,585,provisional,early,data/raw/open_medic/2025/atc4/NB_2025_atc4_age_sexe_reg.CSV.gz,001,002,sap-v1.0-amendments-001-002,8007375,0.11610444798842623
2025,76,Occitanie,0,2,observed,71,71,71,641970.5,11.059698226008827,11.059698226008827,11.059698226008827,329,128,996,provisional,early,data/raw/open_medic/2025/atc4/NB_2025_atc4_age_sexe_reg.CSV.gz,001,002,sap-v1.0-amendments-001-002,7596793.5,0.11015114388917273
2025,76,Occitanie,20,1,observed,13094,13094,13094,1468441.5,891.6936765952202,891.6936765952202,891.6936765952202,116219,74,585,provisional,early,data/raw/open_medic/2025/atc4/NB_2025_atc4_age_sexe_reg.CSV.gz,001,002,sap-v1.0-amendments-001-002,16739998.5,0.24272477374540136
2025,76,Occitanie,20,2,observed,12309,12309,12309,1506151.5,817.2484640489354,817.2484640489354,817.2484640489354,104131,128,996,provisional,early,data/raw/open_medic/2025/atc4/NB_2025_atc4_age_sexe_reg.CSV.gz,001,002,sap-v1.0-amendments-001-002,17098130,0.24791756915148225
2025,76,Occitanie,60,1,observed,30846,30846,30846,872436,3535.617512344745,3535.617512344745,3535.617512344745,307666,74,585,provisional,early,data/raw/open_medic/2025/atc4/NB_2025_atc4_age_sexe_reg.CSV.gz,001,002,sap-v1.0-amendments-001-002,8738069,0.12669928381395645
2025,76,Occitanie,60,2,observed,23093,23093,23093,1062264,2173.941694343402,2173.941694343402,2173.941694343402,227837,128,996,provisional,early,data/raw/open_medic/2025/atc4/NB_2025_atc4_age_sexe_reg.CSV.gz,001,002,sap-v1.0-amendments-001-002,10786630,0.15640278141156097
2025,84,Auvergne-Rhône-Alpes,0,1,observed,48,48,48,974081.5,4.927719087160572,4.927719087160572,4.927719087160572,192,12,58,provisional,early,data/raw/open_medic/2025/atc4/NB_2025_atc4_age_sexe_reg.CSV.gz,001,002,sap-v1.0-amendments-001-002,8007375,0.11610444798842623
2025,84,Auvergne-Rhône-Alpes,0,2,observed,67,67,67,920772,7.276502760726868,7.276502760726868,7.276502760726868,249,,,provisional,early,data/raw/open_medic/2025/atc4/NB_2025_atc4_age_sexe_reg.CSV.gz,001,002,sap-v1.0-amendments-001-002,7596793.5,0.11015114388917273
2025,84,Auvergne-Rhône-Alpes,20,1,observed,17783,17783,17783,2040409,871.5409508583817,871.5409508583817,871.5409508583817,159933,12,58,provisional,early,data/raw/open_medic/2025/atc4/NB_2025_atc4_age_sexe_reg.CSV.gz,001,002,sap-v1.0-amendments-001-002,16739998.5,0.24272477374540136
2025,84,Auvergne-Rhône-Alpes,20,2,observed,15543,15543,15543,2050630.5,757.9620024182807,757.9620024182807,757.9620024182807,135531,,,provisional,early,data/raw/open_medic/2025/atc4/NB_2025_atc4_age_sexe_reg.CSV.gz,001,002,sap-v1.0-amendments-001-002,17098130,0.24791756915148225
2025,84,Auvergne-Rhône-Alpes,60,1,observed,34693,34693,34693,1036698.5,3346.4888779138773,3346.4888779138773,3346.4888779138773,347809,12,58,provisional,early,data/raw/open_medic/2025/atc4/NB_2025_atc4_age_sexe_reg.CSV.gz,001,002,sap-v1.0-amendments-001-002,8738069,0.12669928381395645
2025,84,Auvergne-Rhône-Alpes,60,2,observed,27148,27148,27148,1264048,2147.703251775249,2147.703251775249,2147.703251775249,268968,,,provisional,early,data/raw/open_medic/2025/atc4/NB_2025_atc4_age_sexe_reg.CSV.gz,001,002,sap-v1.0-amendments-001-002,10786630,0.15640278141156097
2025,93,Provence-Alpes-Côte d'Azur and Corse,0,1,observed,74,74,74,606655.5,12.19802672192043,12.19802672192043,12.19802672192043,344,43,264,provisional,early,data/raw/open_medic/2025/atc4/NB_2025_atc4_age_sexe_reg.CSV.gz,001,002,sap-v1.0-amendments-001-002,8007375,0.11610444798842623
2025,93,Provence-Alpes-Côte d'Azur and Corse,0,2,observed,115,115,115,571742.5,20.11394989877436,20.11394989877436,20.11394989877436,552,115,872,provisional,early,data/raw/open_medic/2025/atc4/NB_2025_atc4_age_sexe_reg.CSV.gz,001,002,sap-v1.0-amendments-001-002,7596793.5,0.11015114388917273
2025,93,Provence-Alpes-Côte d'Azur and Corse,20,1,observed,13630,13630,13630,1314964.5,1036.5298835063609,1036.5298835063609,1036.5298835063609,117928,43,264,provisional,early,data/raw/open_medic/2025/atc4/NB_2025_atc4_age_sexe_reg.CSV.gz,001,002,sap-v1.0-amendments-001-002,16739998.5,0.24272477374540136
2025,93,Provence-Alpes-Côte d'Azur and Corse,20,2,observed,14029,14029,14029,1373907,1021.1025928246962,1021.1025928246962,1021.1025928246962,112009,115,872,provisional,early,data/raw/open_medic/2025/atc4/NB_2025_atc4_age_sexe_reg.CSV.gz,001,002,sap-v1.0-amendments-001-002,17098130,0.24791756915148225
2025,93,Provence-Alpes-Côte d'Azur and Corse,60,1,observed,30599,30599,30599,797401,3837.3415634041094,3837.3415634041094,3837.3415634041094,297859,43,264,provisional,early,data/raw/open_medic/2025/atc4/NB_2025_atc4_age_sexe_reg.CSV.gz,001,002,sap-v1.0-amendments-001-002,8738069,0.12669928381395645
2025,93,Provence-Alpes-Côte d'Azur and Corse,60,2,observed,24667,24667,24667,1001021.5,2464.1828372317677,2464.1828372317677,2464.1828372317677,234827,115,872,provisional,early,data/raw/open_medic/2025/atc4/NB_2025_atc4_age_sexe_reg.CSV.gz,001,002,sap-v1.0-amendments-001-002,10786630,0.15640278141156097
