{"type":"FeatureCollection","features":[{"type":"Feature","properties":{"code":"11","nom":"Île-de-France","analysis_region_code":"11"},"geometry":{"type":"Polygon","coordinates":[[[2.52,48.194],[2.523,48.1949],[2.5229,48.1978],[2.5228,48.2004],[2.5186,48.2012],[2.521,48.2066],[2.5169,48.21],[2.5175,48.2144],[2.5141,48.2145],[2.5153,48.2176],[2.5143,48.2185],[2.5133,48.2245],[2.5104,48.2258],[2.5066,48.2258],[2.5077,48.233],[2.5063,48.2386],[2.4943,48.2388],[2.4876,48.2395],[2.4842,48.2389],[2.4761,48.2446],[2.4788,48.2498],[2.4687,48.2553],[2.4532,48.2501],[2.4501,48.2513],[2.4462,48.2553],[2.4402,48.2533],[2.4385,48.2547],[2.4324,48.2548],[2.428,48.2567],[2.4264,48.2599],[2.4235,48.2602],[2.4216,48.2638],[2.4199,48.2669],[2.4213,48.2679],[2.4178,48.2719],[2.4192,48.2771],[2.4176,48.2783],[2.4182,48.2809],[2.4233,48.2885],[2.4224,48.2906],[2.4234,48.2944],[2.4211,48.2962],[2.4203,48.2998],[2.415,48.3043],[2.4134,48.3068],[2.4098,48.3093],[2.4043,48.3149],[2.4026,48.3183],[2.403,48.3206],[2.3985,48.3188],[2.3998,48.3162],[2.3976,48.3149],[2.3944,48.3148],[2.3903,48.3128],[2.3852,48.3114],[2.3815,48.3116],[2.3696,48.3088],[2.3667,48.312],[2.3609,48.3091],[2.3581,48.3089],[2.353,48.3145],[2.3486,48.3152],[2.346,48.3173],[2.3421,48.3167],[2.3362,48.3263],[2.3345,48.3273],[2.3289,48.3265],[2.3293,48.3328],[2.3264,48.3297],[2.3245,48.3297],[2.3237,48.3323],[2.318,48.3302],[2.3171,48.3317],[2.3127,48.3306],[2.3083,48.3243],[2.3074,48.3242],[2.3036,48.3182],[2.2985,48.3121],[2.3002,48.3113],[2.2956,48.3079],[2.2859,48.3111],[2.2833,48.3128],[2.2778,48.313],[2.2724,48.3119],[2.2722,48.3136],[2.2693,48.315],[2.2668,48.3147],[2.2624,48.3103],[2.2648,48.3094],[2.262,48.3069],[2.259,48.3075],[2.255,48.3015],[2.2515,48.2999],[2.2452,48.2982],[2.2448,48.3016],[2.2467,48.3055],[2.2462,48.3084],[2.2494,48.3145],[2.2524,48.3166],[2.238,48.3163],[2.2438,48.3244],[2.2462,48.3296],[2.2462,48.3312],[2.2433,48.3326],[2.24,48.3309],[2.2378,48.3322],[2.2344,48.3302],[2.2344,48.3277],[2.2299,48.3293],[2.2292,48.3314],[2.2267,48.3327],[2.2239,48.3364],[2.2194,48.3354],[2.2178,48.3336],[2.2152,48.3343],[2.2157,48.3372],[2.2127,48.3375],[2.2126,48.3405],[2.2072,48.3418],[2.2073,48.3449],[2.2022,48.3446],[2.2052,48.3423],[2.2029,48.3388],[2.1913,48.3336],[2.188,48.3324],[2.1881,48.328],[2.182,48.3241],[2.1851,48.3211],[2.1816,48.3135],[2.1807,48.3116],[2.1716,48.316],[2.171,48.3153],[2.1692,48.3128],[2.1549,48.3151],[2.1517,48.3141],[2.1536,48.3083],[2.1556,48.3041],[2.1609,48.3047],[2.1619,48.3026],[2.1639,48.2984],[2.1618,48.2984],[2.1536,48.2992],[2.1352,48.2992],[2.1201,48.2977],[2.1104,48.297],[2.1134,48.3073],[2.1054,48.3077],[2.0993,48.3047],[2.0989,48.3029],[2.0921,48.2998],[2.0895,48.2977],[2.0894,48.2948],[2.0828,48.2939],[2.0781,48.2938],[2.0585,48.2947],[2.0527,48.2954],[2.0511,48.2901],[2.0486,48.2893],[2.0408,48.2846],[2.0343,48.2881],[2.0249,48.2892],[2.0242,48.2877],[2.0204,48.2879],[2.0201,48.2863],[2.0076,48.2855],[2.0047,48.2849],[2.0029,48.2863],[1.9938,48.2868],[1.9901,48.2867],[1.9813,48.2883],[1.9806,48.287],[1.9747,48.2873],[1.9723,48.2882],[1.9742,48.2929],[1.9804,48.2925],[1.9822,48.2952],[1.9756,48.296],[1.9738,48.2932],[1.9712,48.2932],[1.9726,48.2967],[1.9708,48.2969],[1.9652,48.2955],[1.9621,48.3028],[1.9613,48.3049],[1.9588,48.3066],[1.9592,48.3087],[1.9695,48.3142],[1.9735,48.316],[1.9742,48.3128],[1.9786,48.3138],[1.9791,48.3186],[1.9743,48.3233],[1.9824,48.3285],[1.9705,48.339],[1.9685,48.3414],[1.9699,48.3431],[1.9749,48.3447],[1.9741,48.3511],[1.9728,48.3559],[1.9766,48.358],[1.9849,48.361],[1.9875,48.364],[1.984,48.3657],[1.9824,48.3688],[1.9802,48.3703],[1.9818,48.3747],[1.9799,48.3747],[1.98,48.3784],[1.9772,48.3799],[1.9667,48.3806],[1.9697,48.3841],[1.9726,48.389],[1.974,48.3901],[1.9728,48.3939],[1.9733,48.3957],[1.9772,48.3996],[1.9782,48.4018],[1.9733,48.4014],[1.9622,48.4044],[1.9522,48.4063],[1.9435,48.4061],[1.9321,48.4034],[1.9303,48.404],[1.9283,48.4061],[1.9327,48.4109],[1.9258,48.4128],[1.9275,48.4166],[1.9321,48.4165],[1.9322,48.4205],[1.9397,48.4198],[1.9407,48.4258],[1.9378,48.4264],[1.937,48.4303],[1.9395,48.4342],[1.9363,48.4345],[1.9429,48.4411],[1.9383,48.4418],[1.9357,48.441],[1.933,48.4422],[1.9346,48.4438],[1.9315,48.4448],[1.9326,48.4494],[1.9285,48.4511],[1.9304,48.4536],[1.9277,48.4545],[1.9295,48.4571],[1.922,48.4577],[1.9231,48.4533],[1.9209,48.448],[1.9119,48.4478],[1.9116,48.4454],[1.907,48.4453],[1.9065,48.4398],[1.9043,48.4386],[1.9013,48.4394],[1.8968,48.4392],[1.8928,48.4404],[1.8877,48.4397],[1.8842,48.4401],[1.8798,48.4409],[1.8708,48.4398],[1.8694,48.4411],[1.8643,48.4422],[1.8639,48.4445],[1.861,48.4443],[1.8575,48.4468],[1.8449,48.4463],[1.846,48.4472],[1.8444,48.452],[1.8397,48.4523],[1.8394,48.4581],[1.8355,48.4636],[1.8367,48.4671],[1.8324,48.4675],[1.8202,48.4656],[1.8105,48.4661],[1.8013,48.466],[1.8032,48.4692],[1.801,48.4716],[1.8033,48.4725],[1.7951,48.4775],[1.7913,48.4811],[1.7965,48.4846],[1.7921,48.488],[1.7854,48.4901],[1.7889,48.4938],[1.7905,48.4971],[1.789,48.5002],[1.7829,48.5003],[1.7803,48.5093],[1.7771,48.5088],[1.7756,48.5139],[1.7783,48.5177],[1.7756,48.5277],[1.7791,48.536],[1.7818,48.5395],[1.7815,48.5407],[1.7839,48.5448],[1.7834,48.5464],[1.7856,48.5488],[1.7875,48.5538],[1.778,48.5526],[1.7772,48.5551],[1.7688,48.5585],[1.7628,48.5647],[1.7653,48.5694],[1.7591,48.5732],[1.7575,48.5751],[1.7533,48.5746],[1.7483,48.5756],[1.746,48.5761],[1.7426,48.5734],[1.7367,48.5724],[1.7321,48.5755],[1.727,48.5726],[1.7181,48.5762],[1.7092,48.578],[1.71,48.5815],[1.7019,48.585],[1.7053,48.5892],[1.709,48.5953],[1.7129,48.5973],[1.7136,48.5998],[1.7188,48.6057],[1.7181,48.6072],[1.7185,48.61],[1.7168,48.6111],[1.715,48.6147],[1.7048,48.6128],[1.6989,48.6122],[1.6926,48.6146],[1.6892,48.6115],[1.6868,48.6112],[1.6823,48.6156],[1.6909,48.6171],[1.6858,48.6203],[1.6789,48.6188],[1.6764,48.6173],[1.6744,48.6147],[1.6698,48.6167],[1.6674,48.617],[1.6665,48.6135],[1.6636,48.6169],[1.6572,48.6217],[1.655,48.6226],[1.6583,48.6279],[1.6574,48.6298],[1.6493,48.6323],[1.649,48.6348],[1.6512,48.6382],[1.6458,48.6399],[1.6384,48.6452],[1.6438,48.6481],[1.6431,48.6513],[1.6387,48.6507],[1.6351,48.6492],[1.6305,48.6491],[1.6271,48.6507],[1.6229,48.6511],[1.6213,48.6497],[1.6127,48.6547],[1.6077,48.6599],[1.6027,48.6633],[1.6011,48.6684],[1.608,48.6725],[1.6043,48.6754],[1.6061,48.6789],[1.6102,48.6841],[1.6113,48.6884],[1.6055,48.6893],[1.5976,48.6927],[1.5943,48.6951],[1.5911,48.6928],[1.5867,48.6951],[1.5823,48.6964],[1.5852,48.6994],[1.579,48.7021],[1.58,48.7034],[1.5865,48.7056],[1.5947,48.7091],[1.5919,48.7087],[1.5871,48.7103],[1.5897,48.7129],[1.5947,48.7168],[1.5969,48.7212],[1.6011,48.7207],[1.6037,48.7246],[1.61,48.7289],[1.6161,48.7364],[1.6206,48.7361],[1.6233,48.74],[1.6217,48.7418],[1.6268,48.7481],[1.6251,48.749],[1.6174,48.7531],[1.61,48.7577],[1.6084,48.7607],[1.5997,48.7605],[1.5892,48.7616],[1.5848,48.7634],[1.5815,48.7655],[1.5829,48.7676],[1.5879,48.7737],[1.5831,48.7759],[1.5845,48.7773],[1.5801,48.7783],[1.5815,48.7801],[1.5779,48.7813],[1.5767,48.783],[1.5762,48.7871],[1.577,48.7892],[1.5754,48.7909],[1.5809,48.7935],[1.5776,48.7951],[1.5793,48.7966],[1.5783,48.7986],[1.58,48.8001],[1.5781,48.8021],[1.5773,48.8049],[1.5831,48.8074],[1.5789,48.8091],[1.5834,48.8106],[1.5916,48.815],[1.5904,48.8174],[1.5869,48.8231],[1.5837,48.8268],[1.579,48.8297],[1.5844,48.8325],[1.5935,48.834],[1.5947,48.8363],[1.5981,48.8389],[1.5928,48.8401],[1.5934,48.8411],[1.5868,48.8433],[1.5774,48.8446],[1.578,48.8484],[1.5798,48.8507],[1.5842,48.8604],[1.5782,48.8607],[1.5718,48.864],[1.5682,48.8659],[1.5613,48.8674],[1.559,48.8638],[1.5552,48.8649],[1.5538,48.8668],[1.546,48.8724],[1.5487,48.8759],[1.5514,48.875],[1.5546,48.8802],[1.5566,48.8821],[1.5595,48.8818],[1.5613,48.886],[1.5608,48.8877],[1.5634,48.8905],[1.5571,48.8918],[1.5536,48.8951],[1.5511,48.8957],[1.5502,48.8985],[1.5441,48.9012],[1.542,48.9038],[1.5383,48.9067],[1.5452,48.9109],[1.5452,48.913],[1.5417,48.9158],[1.5404,48.9185],[1.5384,48.9225],[1.5354,48.9226],[1.5285,48.9243],[1.5185,48.9253],[1.5143,48.9219],[1.5113,48.9235],[1.5073,48.9276],[1.5085,48.931],[1.5112,48.932],[1.5118,48.935],[1.5014,48.941],[1.5109,48.9536],[1.5058,48.9539],[1.5055,48.9523],[1.5011,48.9527],[1.4952,48.9568],[1.499,48.9568],[1.4988,48.9603],[1.4969,48.9622],[1.4918,48.9646],[1.4966,48.9695],[1.5054,48.9726],[1.505,48.9731],[1.5152,48.9765],[1.5183,48.9784],[1.5124,48.9787],[1.5079,48.9839],[1.4978,48.9797],[1.4916,48.9791],[1.4842,48.9798],[1.4813,48.9785],[1.4787,48.9807],[1.4753,48.9795],[1.4776,48.977],[1.471,48.975],[1.4675,48.9798],[1.4668,48.9829],[1.4652,48.9848],[1.4627,48.9848],[1.461,48.9867],[1.4615,48.989],[1.4717,48.9897],[1.4691,48.9932],[1.4741,48.9978],[1.477,48.9973],[1.4807,49.001],[1.4803,49.0052],[1.48,49.0072],[1.4739,49.0097],[1.4777,49.0139],[1.477,49.0168],[1.4716,49.0186],[1.461,49.0237],[1.458,49.026],[1.4574,49.0305],[1.4582,49.0345],[1.454,49.0383],[1.4463,49.0463],[1.4502,49.048],[1.4528,49.0504],[1.4473,49.0535],[1.4558,49.0573],[1.4618,49.064],[1.4648,49.0609],[1.4719,49.0581],[1.4741,49.0546],[1.4788,49.0522],[1.4829,49.0523],[1.4871,49.0516],[1.4878,49.0533],[1.4934,49.0569],[1.4971,49.0584],[1.5029,49.0593],[1.5048,49.0604],[1.5097,49.0663],[1.5093,49.0699],[1.5143,49.0794],[1.5098,49.0842],[1.5125,49.0838],[1.5179,49.0792],[1.5167,49.0761],[1.5213,49.0683],[1.5298,49.0704],[1.5342,49.071],[1.5417,49.0737],[1.5425,49.0725],[1.5466,49.0723],[1.5504,49.0726],[1.5532,49.0704],[1.5579,49.0691],[1.5688,49.073],[1.5719,49.0767],[1.5729,49.0781],[1.5905,49.0814],[1.5942,49.0827],[1.598,49.084],[1.605,49.0852],[1.6035,49.0833],[1.6087,49.0777],[1.6157,49.0823],[1.6234,49.086],[1.6192,49.0877],[1.6228,49.091],[1.6226,49.0934],[1.6176,49.094],[1.6191,49.0973],[1.6213,49.0982],[1.6214,49.1007],[1.6273,49.1029],[1.6267,49.1047],[1.6294,49.1073],[1.6297,49.1102],[1.6395,49.1164],[1.6424,49.1166],[1.6466,49.1214],[1.6464,49.1237],[1.6499,49.1252],[1.6503,49.1271],[1.6556,49.1308],[1.6578,49.1319],[1.6568,49.1339],[1.6567,49.1376],[1.6532,49.1369],[1.6524,49.1411],[1.6531,49.1449],[1.6585,49.1491],[1.6595,49.1515],[1.6641,49.1541],[1.6607,49.1576],[1.663,49.1594],[1.6648,49.166],[1.6702,49.1701],[1.6663,49.1755],[1.6674,49.1797],[1.6716,49.1808],[1.6708,49.1845],[1.6692,49.1875],[1.6705,49.1899],[1.6705,49.1934],[1.6748,49.1968],[1.6769,49.2027],[1.675,49.2041],[1.6722,49.2063],[1.6742,49.2088],[1.6748,49.2117],[1.6774,49.2136],[1.6861,49.2181],[1.6886,49.2185],[1.6908,49.2226],[1.6925,49.2239],[1.6987,49.2249],[1.6987,49.2261],[1.7038,49.2295],[1.7044,49.2324],[1.7053,49.2344],[1.7083,49.2359],[1.7096,49.2387],[1.7094,49.2415],[1.7126,49.2413],[1.7132,49.2348],[1.7153,49.2334],[1.7253,49.2298],[1.7297,49.2292],[1.7333,49.2265],[1.7362,49.2263],[1.7405,49.2237],[1.7341,49.2213],[1.7357,49.2161],[1.7323,49.2156],[1.7337,49.211],[1.7294,49.2097],[1.7229,49.2097],[1.7202,49.2068],[1.7149,49.2074],[1.7155,49.2027],[1.7248,49.1999],[1.7259,49.1943],[1.7291,49.1952],[1.7373,49.1948],[1.7364,49.1928],[1.7399,49.1921],[1.7411,49.1884],[1.741,49.1857],[1.7443,49.1833],[1.7401,49.1808],[1.7424,49.1798],[1.7549,49.1746],[1.767,49.18],[1.7769,49.1842],[1.7764,49.1849],[1.777,49.185],[1.7775,49.184],[1.7848,49.1858],[1.7864,49.1831],[1.7909,49.18],[1.7936,49.1803],[1.7955,49.1853],[1.797,49.1852],[1.8031,49.1851],[1.8036,49.18],[1.8063,49.1801],[1.8131,49.1783],[1.8145,49.1761],[1.8195,49.1769],[1.8268,49.1797],[1.8281,49.1784],[1.8375,49.1728],[1.8343,49.1652],[1.8364,49.1645],[1.8388,49.1668],[1.8447,49.1707],[1.8489,49.1706],[1.8565,49.172],[1.8582,49.17],[1.8673,49.172],[1.8735,49.1741],[1.8761,49.1751],[1.8767,49.1714],[1.8809,49.1673],[1.8837,49.1661],[1.883,49.1626],[1.8874,49.163],[1.8951,49.165],[1.8947,49.1661],[1.9069,49.1686],[1.915,49.1709],[1.9312,49.1743],[1.9344,49.1735],[1.9348,49.17],[1.9389,49.1706],[1.9423,49.17],[1.9453,49.1715],[1.9497,49.1705],[1.96,49.1735],[1.9624,49.1746],[1.9647,49.1769],[1.9717,49.1814],[1.9736,49.1839],[1.9813,49.1817],[1.9832,49.1801],[1.9879,49.179],[1.9909,49.1766],[1.9962,49.1768],[1.9991,49.1754],[2.0047,49.1772],[2.0218,49.1888],[2.0284,49.188],[2.0346,49.1896],[2.038,49.1922],[2.0382,49.1924],[2.0462,49.1964],[2.0473,49.1987],[2.0558,49.1989],[2.0668,49.2029],[2.0721,49.2043],[2.0748,49.2088],[2.0807,49.2107],[2.0807,49.2069],[2.0847,49.2059],[2.0879,49.2091],[2.0909,49.2086],[2.0914,49.205],[2.0905,49.2017],[2.0922,49.2012],[2.0903,49.1982],[2.0925,49.1975],[2.0927,49.1953],[2.0889,49.1961],[2.089,49.1938],[2.0925,49.1934],[2.0958,49.1916],[2.0953,49.1901],[2.0977,49.1892],[2.1021,49.1904],[2.1036,49.1889],[2.1095,49.1908],[2.111,49.187],[2.1133,49.1865],[2.1186,49.1874],[2.125,49.1906],[2.1255,49.1928],[2.128,49.1936],[2.1318,49.1907],[2.1352,49.1912],[2.1351,49.1883],[2.1368,49.1813],[2.1365,49.179],[2.1408,49.1789],[2.1412,49.1859],[2.1473,49.1881],[2.148,49.185],[2.1524,49.1838],[2.1592,49.1815],[2.1617,49.1796],[2.165,49.1789],[2.158,49.1726],[2.1638,49.1663],[2.1706,49.1644],[2.1715,49.1679],[2.1793,49.1708],[2.1798,49.1732],[2.1761,49.176],[2.182,49.1737],[2.1868,49.1734],[2.196,49.1734],[2.1991,49.1753],[2.2013,49.1741],[2.2063,49.1746],[2.2121,49.1765],[2.2175,49.1797],[2.2198,49.1796],[2.2238,49.174],[2.2315,49.1705],[2.2347,49.1673],[2.2343,49.166],[2.2292,49.1638],[2.2242,49.1624],[2.2231,49.1597],[2.2168,49.1541],[2.2223,49.1523],[2.2321,49.1514],[2.2388,49.152],[2.2413,49.1516],[2.2419,49.1534],[2.2504,49.1535],[2.2538,49.1526],[2.2622,49.1584],[2.2682,49.1558],[2.2704,49.157],[2.2767,49.159],[2.2812,49.1589],[2.2865,49.1599],[2.2851,49.1657],[2.2895,49.168],[2.2888,49.1707],[2.2942,49.1717],[2.2966,49.1762],[2.2995,49.176],[2.3001,49.1812],[2.3013,49.184],[2.3104,49.185],[2.3132,49.1858],[2.3216,49.1844],[2.3196,49.1824],[2.3258,49.1787],[2.326,49.1777],[2.3355,49.1707],[2.3413,49.1649],[2.346,49.1623],[2.3505,49.1572],[2.3554,49.1533],[2.3534,49.1512],[2.3551,49.1493],[2.3593,49.1473],[2.3618,49.1502],[2.3622,49.1525],[2.3649,49.1523],[2.3666,49.1553],[2.3693,49.1562],[2.3711,49.1593],[2.3733,49.1594],[2.381,49.1577],[2.3913,49.1493],[2.4043,49.1519],[2.4131,49.1524],[2.4156,49.1518],[2.4155,49.1499],[2.4247,49.1495],[2.4353,49.1477],[2.4408,49.1459],[2.4389,49.1416],[2.4355,49.134],[2.4403,49.1342],[2.4477,49.136],[2.4589,49.1408],[2.4625,49.1393],[2.4611,49.1367],[2.4676,49.1361],[2.4717,49.1351],[2.4753,49.131],[2.4775,49.131],[2.4753,49.1285],[2.4873,49.1256],[2.4991,49.1222],[2.503,49.1177],[2.4912,49.1114],[2.4901,49.1062],[2.505,49.1038],[2.5104,49.1043],[2.5201,49.102],[2.5268,49.1009],[2.5313,49.0995],[2.533,49.1195],[2.5367,49.1201],[2.5385,49.1218],[2.5421,49.1222],[2.5441,49.1213],[2.5424,49.1193],[2.5391,49.1193],[2.5396,49.1164],[2.5471,49.1164],[2.5477,49.1203],[2.5533,49.1246],[2.5569,49.1237],[2.5562,49.119],[2.5518,49.1124],[2.556,49.1094],[2.5579,49.1043],[2.5575,49.1002],[2.5596,49.0975],[2.5624,49.0978],[2.5652,49.0949],[2.571,49.0951],[2.5729,49.0943],[2.5786,49.092],[2.5801,49.0898],[2.5777,49.0878],[2.5798,49.0868],[2.5789,49.0843],[2.5827,49.0824],[2.583,49.0807],[2.5903,49.0799],[2.596,49.0818],[2.6029,49.0857],[2.6072,49.0893],[2.6102,49.0929],[2.6101,49.095],[2.6155,49.0939],[2.6194,49.0946],[2.6221,49.0948],[2.625,49.099],[2.6242,49.1006],[2.6302,49.1025],[2.6332,49.1086],[2.6364,49.1067],[2.6352,49.1047],[2.6354,49.102],[2.6408,49.1011],[2.6411,49.0991],[2.6505,49.1009],[2.6562,49.0986],[2.6586,49.096],[2.6613,49.0968],[2.6629,49.0936],[2.6731,49.0911],[2.6775,49.0882],[2.6782,49.0861],[2.6832,49.082],[2.695,49.075],[2.6911,49.0706],[2.6897,49.0676],[2.6983,49.0645],[2.703,49.0648],[2.7062,49.0653],[2.7091,49.0677],[2.7141,49.0701],[2.721,49.0751],[2.7203,49.0796],[2.7242,49.0807],[2.7249,49.0756],[2.7298,49.075],[2.7323,49.0705],[2.7318,49.0687],[2.7331,49.0628],[2.7348,49.0605],[2.7405,49.0611],[2.7538,49.0608],[2.761,49.0631],[2.7663,49.0648],[2.7693,49.0673],[2.7744,49.0705],[2.7779,49.0703],[2.7873,49.0755],[2.783,49.0776],[2.7775,49.0789],[2.7687,49.0831],[2.7712,49.084],[2.7797,49.0828],[2.7891,49.083],[2.7881,49.0851],[2.7839,49.0889],[2.7917,49.0903],[2.7986,49.0929],[2.8092,49.0975],[2.82,49.0874],[2.8224,49.0862],[2.833,49.083],[2.8372,49.0833],[2.8414,49.0846],[2.8451,49.0848],[2.8484,49.0817],[2.8489,49.079],[2.855,49.0735],[2.8544,49.0715],[2.8561,49.0701],[2.8664,49.0707],[2.8702,49.0701],[2.8734,49.0717],[2.8759,49.0741],[2.8796,49.0738],[2.8803,49.0759],[2.8836,49.0761],[2.8875,49.0795],[2.895,49.0771],[2.9014,49.0853],[2.9064,49.0832],[2.9114,49.0821],[2.9159,49.0802],[2.9259,49.0781],[2.933,49.081],[2.9341,49.0791],[2.9366,49.0789],[2.9415,49.0773],[2.9429,49.0783],[2.9445,49.0826],[2.9444,49.0855],[2.9458,49.0883],[2.9484,49.0869],[2.9565,49.0853],[2.9652,49.0911],[2.9714,49.089],[2.9702,49.0863],[2.974,49.0797],[2.9746,49.075],[2.9773,49.0743],[2.9829,49.0711],[2.9868,49.0709],[2.9883,49.072],[2.9877,49.0767],[2.9884,49.0795],[2.9912,49.084],[2.9954,49.0855],[2.9964,49.0877],[2.9994,49.0874],[3.004,49.0887],[3.006,49.0864],[3.0085,49.0916],[3.0155,49.0913],[3.0244,49.0877],[3.0317,49.0857],[3.0342,49.0885],[3.0397,49.0864],[3.041,49.0873],[3.0545,49.0858],[3.0585,49.0885],[3.0606,49.087],[3.0661,49.0852],[3.0629,49.0906],[3.0574,49.094],[3.0555,49.0965],[3.0562,49.1019],[3.0626,49.1066],[3.0634,49.1098],[3.0674,49.1141],[3.0695,49.1176],[3.072,49.1178],[3.0754,49.1152],[3.0785,49.1145],[3.0802,49.112],[3.0833,49.1127],[3.0882,49.1112],[3.0929,49.1109],[3.0951,49.1118],[3.1026,49.108],[3.1118,49.1079],[3.1144,49.1072],[3.1161,49.1085],[3.1202,49.1093],[3.1237,49.1069],[3.126,49.106],[3.1327,49.1074],[3.1369,49.1077],[3.1395,49.1068],[3.1407,49.1041],[3.1438,49.1021],[3.1521,49.1001],[3.1599,49.0994],[3.1652,49.0999],[3.1588,49.088],[3.1534,49.0834],[3.1588,49.0803],[3.1662,49.078],[3.1764,49.0701],[3.1799,49.0658],[3.182,49.0621],[3.1809,49.0564],[3.1822,49.0519],[3.1901,49.0526],[3.1903,49.0467],[3.1899,49.046],[3.1807,49.0446],[3.1798,49.0427],[3.183,49.0417],[3.1814,49.0389],[3.1789,49.0381],[3.1796,49.0339],[3.1767,49.0326],[3.1772,49.0301],[3.1741,49.0285],[3.1713,49.0298],[3.164,49.0268],[3.1611,49.0243],[3.1632,49.02],[3.166,49.0207],[3.1686,49.017],[3.1675,49.0125],[3.1733,49.0124],[3.181,49.013],[3.1866,49.0098],[3.1914,49.0086],[3.1982,49.0088],[3.196,49.0066],[3.1995,49.0062],[3.2006,49.0036],[3.2035,49.0017],[3.2073,49.0007],[3.2086,48.9985],[3.2094,48.994],[3.2251,48.9913],[3.2238,48.9901],[3.2247,48.9875],[3.2294,48.9886],[3.2267,48.9848],[3.2272,48.9819],[3.231,48.9814],[3.2312,48.9769],[3.2395,48.9776],[3.245,48.9765],[3.2515,48.9729],[3.2543,48.9673],[3.2552,48.9621],[3.2593,48.9536],[3.2585,48.9511],[3.263,48.949],[3.2624,48.9485],[3.2602,48.9448],[3.2639,48.9417],[3.2649,48.9388],[3.2719,48.9376],[3.2738,48.9389],[3.2784,48.9396],[3.2845,48.9405],[3.2907,48.9433],[3.3004,48.9467],[3.3044,48.9488],[3.3074,48.9454],[3.3106,48.9388],[3.3127,48.9335],[3.3133,48.929],[3.3133,48.9213],[3.3203,48.9165],[3.3267,48.9129],[3.3303,48.9087],[3.3343,48.9107],[3.3367,48.9094],[3.3382,48.9116],[3.3468,48.9171],[3.3503,48.918],[3.3536,48.9152],[3.3616,48.9191],[3.3661,48.9231],[3.368,48.9263],[3.3675,48.9283],[3.371,48.9257],[3.3724,48.9226],[3.3714,48.9186],[3.3761,48.9106],[3.3758,48.9075],[3.3707,48.9052],[3.3693,48.8938],[3.3713,48.8923],[3.3751,48.8921],[3.3799,48.8887],[3.3836,48.8845],[3.3811,48.8839],[3.3828,48.8808],[3.3803,48.8797],[3.3811,48.8769],[3.3805,48.8742],[3.3814,48.8716],[3.3859,48.8723],[3.3906,48.871],[3.3932,48.8717],[3.3934,48.8756],[3.3974,48.8762],[3.4059,48.8761],[3.406,48.871],[3.4016,48.8706],[3.3997,48.8663],[3.4044,48.864],[3.4082,48.8632],[3.4109,48.8645],[3.4134,48.864],[3.4155,48.8658],[3.4179,48.8653],[3.421,48.8674],[3.4233,48.8675],[3.4261,48.8634],[3.4329,48.8596],[3.4379,48.8606],[3.4458,48.8605],[3.4521,48.8561],[3.4485,48.8529],[3.4505,48.8489],[3.4457,48.8472],[3.4458,48.8433],[3.4521,48.8419],[3.4556,48.8419],[3.4605,48.8408],[3.4628,48.8374],[3.4627,48.8398],[3.4662,48.8426],[3.4702,48.8512],[3.485,48.8518],[3.4867,48.8493],[3.4864,48.8472],[3.4877,48.8432],[3.4905,48.8387],[3.4913,48.8346],[3.4886,48.8315],[3.4852,48.8252],[3.4863,48.8163],[3.487,48.8151],[3.4808,48.8122],[3.4774,48.8143],[3.474,48.8182],[3.4746,48.8192],[3.4699,48.8211],[3.4652,48.8189],[3.4594,48.818],[3.4605,48.8154],[3.4515,48.8131],[3.4481,48.811],[3.4468,48.8123],[3.4412,48.8115],[3.4412,48.8131],[3.4363,48.8118],[3.4317,48.8123],[3.421,48.8158],[3.4163,48.818],[3.4053,48.8102],[3.4045,48.8091],[3.4113,48.8037],[3.4146,48.8031],[3.4199,48.8034],[3.4231,48.8007],[3.4341,48.8027],[3.4383,48.8046],[3.4421,48.8037],[3.4399,48.799],[3.442,48.7955],[3.4419,48.7921],[3.4436,48.7907],[3.4427,48.7883],[3.4428,48.7859],[3.4402,48.7841],[3.436,48.7844],[3.4328,48.7803],[3.4271,48.78],[3.4245,48.7826],[3.4214,48.7843],[3.4146,48.7845],[3.4131,48.7831],[3.4094,48.7837],[3.4079,48.7788],[3.4028,48.77],[3.3979,48.7636],[3.3959,48.7593],[3.3991,48.7549],[3.4082,48.7524],[3.4119,48.7532],[3.4142,48.7547],[3.4235,48.754],[3.4259,48.7546],[3.4285,48.7584],[3.4308,48.7564],[3.4365,48.7532],[3.4377,48.7467],[3.436,48.7436],[3.4389,48.7404],[3.4442,48.7368],[3.4471,48.7364],[3.4552,48.7381],[3.465,48.738],[3.4674,48.7386],[3.4697,48.7379],[3.4673,48.7342],[3.4666,48.7289],[3.4671,48.7231],[3.468,48.7188],[3.4676,48.7161],[3.465,48.7118],[3.4668,48.7088],[3.4639,48.7072],[3.4692,48.7034],[3.47,48.7012],[3.473,48.7015],[3.4778,48.6979],[3.4724,48.6978],[3.4705,48.6938],[3.4727,48.6913],[3.4734,48.6888],[3.4714,48.6857],[3.4645,48.686],[3.4561,48.6829],[3.4511,48.68],[3.4476,48.6772],[3.4469,48.6749],[3.4427,48.6723],[3.4464,48.6669],[3.4406,48.6637],[3.4428,48.6622],[3.4459,48.6621],[3.4509,48.6575],[3.4548,48.6564],[3.4606,48.653],[3.4592,48.6497],[3.4562,48.6457],[3.4558,48.6414],[3.4536,48.6407],[3.452,48.6379],[3.4536,48.6362],[3.4515,48.6345],[3.4565,48.6338],[3.4583,48.6346],[3.4679,48.6367],[3.471,48.6363],[3.4801,48.6393],[3.4856,48.6419],[3.4894,48.6466],[3.4923,48.6475],[3.4985,48.6472],[3.5019,48.6456],[3.5104,48.6441],[3.5176,48.6435],[3.5286,48.6459],[3.5336,48.6465],[3.5292,48.6451],[3.5253,48.6402],[3.5211,48.6377],[3.5183,48.6374],[3.5193,48.6331],[3.5241,48.6325],[3.5321,48.6331],[3.5382,48.6316],[3.5445,48.6288],[3.5482,48.6266],[3.5511,48.6229],[3.5555,48.6202],[3.559,48.6177],[3.5583,48.6164],[3.5489,48.6161],[3.5406,48.6163],[3.5395,48.6125],[3.5352,48.6103],[3.5261,48.6087],[3.5122,48.6067],[3.503,48.6046],[3.5077,48.5996],[3.5121,48.5963],[3.5163,48.5898],[3.5087,48.5893],[3.4935,48.5901],[3.4853,48.5803],[3.4731,48.5766],[3.4687,48.5729],[3.4654,48.5705],[3.4685,48.5681],[3.4718,48.564],[3.474,48.5647],[3.4747,48.5603],[3.4771,48.5574],[3.4756,48.5548],[3.4765,48.5518],[3.4783,48.5507],[3.484,48.55],[3.4862,48.547],[3.4862,48.5451],[3.4795,48.5453],[3.4818,48.5415],[3.4769,48.5416],[3.4695,48.5384],[3.467,48.5353],[3.4635,48.5338],[3.4592,48.5307],[3.4509,48.5286],[3.4496,48.5304],[3.4467,48.5289],[3.439,48.5281],[3.434,48.5287],[3.4304,48.5312],[3.4262,48.5309],[3.4235,48.5336],[3.4155,48.5323],[3.4142,48.5335],[3.4054,48.5279],[3.4204,48.5174],[3.4212,48.5156],[3.4239,48.5143],[3.4271,48.5064],[3.4352,48.4969],[3.4333,48.4931],[3.4346,48.4903],[3.4285,48.4908],[3.4164,48.4898],[3.4148,48.4873],[3.4077,48.4868],[3.4042,48.488],[3.4037,48.4858],[3.4008,48.4863],[3.3994,48.4834],[3.3934,48.4842],[3.3931,48.4812],[3.3851,48.4797],[3.3842,48.478],[3.3885,48.4772],[3.3905,48.4735],[3.3911,48.4704],[3.3959,48.4705],[3.3981,48.4665],[3.394,48.4644],[3.3959,48.4612],[3.4002,48.4592],[3.4037,48.4545],[3.4058,48.4533],[3.4065,48.4526],[3.4067,48.4464],[3.4039,48.4421],[3.4049,48.4394],[3.3971,48.4347],[3.3947,48.4313],[3.3945,48.4278],[3.3918,48.4268],[3.3933,48.4241],[3.4011,48.424],[3.4049,48.4234],[3.4119,48.4214],[3.4115,48.4175],[3.4091,48.4176],[3.4077,48.4156],[3.4024,48.4176],[3.4017,48.4163],[3.4094,48.4143],[3.4134,48.4142],[3.4198,48.4167],[3.4223,48.4161],[3.4209,48.4091],[3.4186,48.4046],[3.4155,48.3964],[3.4147,48.3902],[3.4097,48.3903],[3.4059,48.3911],[3.402,48.3896],[3.4003,48.3921],[3.3946,48.3935],[3.3947,48.3955],[3.3881,48.3971],[3.3879,48.3985],[3.3834,48.3992],[3.3755,48.3986],[3.3736,48.3934],[3.3672,48.3943],[3.3629,48.3825],[3.3629,48.3761],[3.3657,48.3759],[3.3652,48.3723],[3.3593,48.3722],[3.3565,48.3716],[3.3559,48.3769],[3.3567,48.3785],[3.3511,48.3787],[3.3483,48.3733],[3.3364,48.3731],[3.3355,48.3702],[3.332,48.3722],[3.3298,48.3722],[3.3225,48.3736],[3.3172,48.3765],[3.3093,48.377],[3.311,48.373],[3.3052,48.373],[3.3017,48.3739],[3.2995,48.3756],[3.2989,48.3789],[3.2952,48.377],[3.2898,48.3769],[3.2913,48.38],[3.2829,48.3816],[3.2825,48.3774],[3.2732,48.3772],[3.2723,48.3788],[3.268,48.3778],[3.2672,48.3736],[3.2611,48.373],[3.2618,48.3684],[3.2567,48.3679],[3.2545,48.3651],[3.2512,48.3652],[3.2481,48.3675],[3.2383,48.3679],[3.2321,48.3693],[3.2258,48.3699],[3.223,48.3704],[3.2156,48.368],[3.2137,48.367],[3.2042,48.3644],[3.2002,48.3636],[3.1974,48.3676],[3.1905,48.371],[3.1868,48.3685],[3.1846,48.3681],[3.1812,48.3744],[3.1762,48.3767],[3.1716,48.3774],[3.167,48.3711],[3.159,48.3713],[3.1553,48.3702],[3.1524,48.3714],[3.1479,48.3685],[3.1466,48.3666],[3.1431,48.3684],[3.1398,48.3726],[3.1364,48.3717],[3.1319,48.3694],[3.1279,48.3696],[3.1283,48.3673],[3.1221,48.3686],[3.117,48.3665],[3.1139,48.364],[3.1107,48.3598],[3.108,48.3535],[3.1034,48.3494],[3.0995,48.3518],[3.101,48.3549],[3.1,48.3573],[3.0936,48.3579],[3.0884,48.3572],[3.0836,48.3587],[3.0818,48.3606],[3.0786,48.3613],[3.0744,48.3602],[3.0704,48.3582],[3.0663,48.3577],[3.0604,48.3574],[3.0543,48.3605],[3.0503,48.36],[3.0461,48.358],[3.0371,48.3427],[3.0367,48.3349],[3.0432,48.3323],[3.0419,48.3292],[3.0382,48.3285],[3.0338,48.3234],[3.0281,48.3216],[3.029,48.3197],[3.0262,48.319],[3.0269,48.3169],[3.0224,48.3141],[3.0153,48.3073],[3.0155,48.3051],[3.0196,48.3031],[3.0275,48.3028],[3.0272,48.3007],[3.0202,48.2967],[3.0186,48.295],[3.0242,48.2912],[3.0296,48.2858],[3.0267,48.2825],[3.0247,48.276],[3.0312,48.2737],[3.0359,48.2736],[3.0437,48.272],[3.0455,48.2707],[3.046,48.2668],[3.0427,48.2624],[3.0462,48.2564],[3.0461,48.2528],[3.0474,48.2497],[3.0431,48.2493],[3.0365,48.2508],[3.0314,48.2488],[3.026,48.242],[3.0275,48.2416],[3.0188,48.2351],[3.0207,48.2341],[3.0191,48.2318],[3.0231,48.2304],[3.0142,48.2236],[3.013,48.2222],[3.0071,48.2148],[3.0086,48.2124],[3.0045,48.207],[2.9968,48.2073],[2.9928,48.2046],[2.9891,48.2092],[2.98,48.2057],[2.9732,48.2056],[2.9718,48.2042],[2.9714,48.2009],[2.9738,48.1983],[2.971,48.1942],[2.9674,48.193],[2.9576,48.1917],[2.9553,48.1925],[2.9487,48.1894],[2.9403,48.183],[2.937,48.1831],[2.9347,48.1791],[2.9353,48.1772],[2.9344,48.1737],[2.9348,48.1674],[2.9366,48.1635],[2.9,48.1596],[2.871,48.1566],[2.8668,48.1562],[2.8631,48.1513],[2.8595,48.1479],[2.8547,48.1445],[2.8457,48.1398],[2.8409,48.1383],[2.8363,48.1341],[2.8329,48.1344],[2.8259,48.1332],[2.8242,48.1339],[2.8209,48.1297],[2.8176,48.13],[2.8139,48.1315],[2.8102,48.1303],[2.8074,48.1313],[2.8008,48.1316],[2.8007,48.1348],[2.7993,48.1374],[2.7968,48.1418],[2.7978,48.1448],[2.8012,48.1496],[2.798,48.1509],[2.8021,48.1551],[2.8034,48.1555],[2.8103,48.161],[2.8114,48.1637],[2.8103,48.1661],[2.8083,48.1662],[2.8024,48.1644],[2.8007,48.1648],[2.7999,48.1682],[2.7974,48.1674],[2.7941,48.1689],[2.792,48.1645],[2.7861,48.1665],[2.7811,48.1673],[2.7789,48.1674],[2.7756,48.1643],[2.771,48.1622],[2.7667,48.1648],[2.7584,48.1635],[2.7598,48.162],[2.7552,48.1602],[2.7528,48.1624],[2.751,48.1619],[2.7466,48.1637],[2.7367,48.1661],[2.7406,48.16],[2.7501,48.1556],[2.7536,48.1532],[2.7557,48.149],[2.7556,48.1459],[2.7499,48.1448],[2.7456,48.1433],[2.7206,48.137],[2.718,48.1323],[2.7141,48.1294],[2.7068,48.1255],[2.7033,48.1243],[2.6944,48.1253],[2.6926,48.1238],[2.6878,48.125],[2.6826,48.1245],[2.6777,48.1249],[2.6722,48.1243],[2.6715,48.1221],[2.6675,48.1207],[2.6644,48.1201],[2.6627,48.1223],[2.6439,48.1375],[2.6392,48.1389],[2.6278,48.137],[2.6223,48.1365],[2.6169,48.1348],[2.6132,48.133],[2.603,48.1316],[2.5823,48.1324],[2.5747,48.1313],[2.5706,48.1409],[2.5593,48.1418],[2.5551,48.1409],[2.5476,48.1408],[2.5426,48.1412],[2.5373,48.1402],[2.5298,48.1347],[2.5216,48.1276],[2.5222,48.1253],[2.5207,48.1251],[2.5151,48.1267],[2.5014,48.1265],[2.4902,48.1267],[2.4766,48.1294],[2.4726,48.1286],[2.4691,48.1294],[2.4681,48.1273],[2.4649,48.1294],[2.4587,48.1258],[2.4543,48.1224],[2.449,48.1257],[2.4445,48.1243],[2.4427,48.1258],[2.444,48.1316],[2.4514,48.1322],[2.4518,48.1344],[2.4547,48.1358],[2.4599,48.1369],[2.4636,48.1414],[2.4675,48.1483],[2.4746,48.149],[2.474,48.1519],[2.4719,48.1545],[2.4784,48.1566],[2.4809,48.1627],[2.4832,48.1646],[2.488,48.1622],[2.5025,48.1582],[2.506,48.1565],[2.5168,48.1668],[2.5121,48.1708],[2.5156,48.1746],[2.5072,48.1798],[2.5088,48.1823],[2.5161,48.1872],[2.5179,48.1903],[2.5137,48.1904],[2.5146,48.193],[2.52,48.194]]]}},{"type":"Feature","properties":{"code":"24","nom":"Centre-Val de Loire","analysis_region_code":"24"},"geometry":{"type":"Polygon","coordinates":[[[2.5706,46.6592],[2.5696,46.655],[2.5674,46.6524],[2.57,46.6508],[2.5741,46.6499],[2.5777,46.6499],[2.592,46.6475],[2.593,46.6466],[2.5932,46.6446],[2.5955,46.6414],[2.5967,46.6379],[2.5946,46.6338],[2.5917,46.6298],[2.5867,46.628],[2.5843,46.6258],[2.5864,46.6231],[2.5859,46.6202],[2.5887,46.617],[2.5869,46.6147],[2.5821,46.6143],[2.5758,46.6113],[2.5685,46.6091],[2.5744,46.6072],[2.5778,46.6078],[2.5787,46.5994],[2.5815,46.5932],[2.5896,46.5945],[2.5921,46.5937],[2.5942,46.5972],[2.5975,46.5951],[2.5968,46.593],[2.6001,46.5921],[2.6029,46.5881],[2.6035,46.5859],[2.602,46.5842],[2.6017,46.5813],[2.6057,46.5796],[2.6066,46.5783],[2.605,46.5761],[2.6081,46.5729],[2.6092,46.5684],[2.6066,46.5659],[2.603,46.5645],[2.6056,46.562],[2.6088,46.5634],[2.6108,46.5613],[2.6088,46.5587],[2.6092,46.557],[2.6136,46.5565],[2.6149,46.5533],[2.6098,46.5502],[2.5987,46.5482],[2.5835,46.5428],[2.5754,46.5382],[2.5725,46.5339],[2.5696,46.5329],[2.5656,46.5332],[2.5647,46.5322],[2.559,46.5309],[2.5452,46.526],[2.5446,46.5249],[2.5366,46.5197],[2.5294,46.5233],[2.5308,46.5294],[2.5273,46.5281],[2.5221,46.5296],[2.5202,46.5312],[2.5123,46.528],[2.514,46.525],[2.5063,46.5214],[2.497,46.5214],[2.4961,46.5226],[2.496,46.5279],[2.4969,46.5336],[2.4829,46.5327],[2.4726,46.5278],[2.4701,46.526],[2.4645,46.5252],[2.4575,46.5252],[2.4539,46.5227],[2.4461,46.5201],[2.4428,46.5209],[2.4417,46.525],[2.4397,46.5257],[2.4294,46.5264],[2.4227,46.5259],[2.418,46.5236],[2.4171,46.5207],[2.3883,46.5184],[2.3841,46.5183],[2.3683,46.5184],[2.3599,46.5159],[2.3548,46.5131],[2.3516,46.5123],[2.3456,46.5072],[2.3446,46.5055],[2.3386,46.5039],[2.3365,46.5009],[2.3346,46.501],[2.3319,46.4966],[2.3289,46.4955],[2.3294,46.4929],[2.3237,46.4891],[2.3258,46.4881],[2.329,46.4844],[2.3295,46.4818],[2.3297,46.4787],[2.3271,46.4759],[2.328,46.4738],[2.3252,46.4728],[2.3211,46.4688],[2.3167,46.4687],[2.3054,46.4755],[2.3008,46.4724],[2.298,46.4686],[2.2968,46.4634],[2.2872,46.4551],[2.2833,46.4494],[2.2848,46.4404],[2.2835,46.4361],[2.2817,46.4337],[2.2809,46.4307],[2.2768,46.4249],[2.2816,46.4216],[2.2811,46.4205],[2.2778,46.4207],[2.2741,46.4222],[2.2696,46.423],[2.2603,46.4236],[2.2549,46.4228],[2.2536,46.4257],[2.2495,46.4263],[2.244,46.4258],[2.2427,46.4247],[2.2336,46.4225],[2.2283,46.425],[2.2237,46.4227],[2.2203,46.4233],[2.2184,46.425],[2.2138,46.4232],[2.2064,46.4261],[2.1979,46.4283],[2.194,46.4259],[2.1848,46.4231],[2.1761,46.423],[2.1725,46.4223],[2.1681,46.424],[2.1616,46.4231],[2.1535,46.4226],[2.1472,46.4245],[2.1404,46.4212],[2.127,46.4193],[2.1234,46.4215],[2.1199,46.4223],[2.1159,46.422],[2.1119,46.4206],[2.1106,46.4186],[2.1108,46.416],[2.1081,46.4133],[2.1042,46.412],[2.1034,46.4096],[2.0944,46.4099],[2.089,46.4089],[2.0887,46.4104],[2.079,46.4128],[2.074,46.42],[2.0638,46.4216],[2.0587,46.421],[2.0517,46.4216],[2.0456,46.4211],[2.039,46.4236],[2.0294,46.4247],[2.0256,46.4278],[2.0195,46.4297],[2.0112,46.4298],[2.004,46.4292],[1.9931,46.4312],[1.9907,46.4352],[1.9884,46.4345],[1.9815,46.4403],[1.9786,46.4416],[1.9781,46.4398],[1.9644,46.4395],[1.9605,46.4379],[1.9546,46.4381],[1.9514,46.4372],[1.9449,46.4342],[1.9336,46.432],[1.9262,46.4319],[1.9242,46.4336],[1.9211,46.4341],[1.9219,46.4367],[1.9214,46.4399],[1.9169,46.4404],[1.9145,46.4433],[1.9093,46.4437],[1.9074,46.4413],[1.9024,46.4377],[1.8999,46.4386],[1.8998,46.4386],[1.8969,46.4374],[1.8917,46.4394],[1.8917,46.4417],[1.8849,46.441],[1.8832,46.4397],[1.8852,46.4374],[1.8836,46.4327],[1.8764,46.4323],[1.8659,46.4335],[1.8608,46.4334],[1.8546,46.4339],[1.8462,46.4319],[1.845,46.429],[1.8397,46.4258],[1.8375,46.428],[1.8348,46.4279],[1.833,46.4293],[1.8276,46.4282],[1.8185,46.4315],[1.8169,46.4321],[1.8194,46.4354],[1.8162,46.4389],[1.8161,46.4407],[1.8116,46.4421],[1.8037,46.4466],[1.7998,46.4507],[1.8002,46.4522],[1.7981,46.4552],[1.7901,46.4531],[1.7866,46.4552],[1.7809,46.4546],[1.7796,46.4535],[1.7764,46.4543],[1.7707,46.4523],[1.767,46.4532],[1.7546,46.4523],[1.7478,46.4498],[1.7528,46.4457],[1.7542,46.4432],[1.7586,46.4403],[1.7545,46.438],[1.7578,46.434],[1.7601,46.427],[1.758,46.4241],[1.7539,46.4207],[1.7528,46.4181],[1.7484,46.4128],[1.7505,46.4056],[1.7395,46.4013],[1.7346,46.3956],[1.7288,46.3934],[1.7264,46.3905],[1.7228,46.391],[1.7193,46.3902],[1.7102,46.3925],[1.7061,46.3972],[1.7021,46.3979],[1.7018,46.4003],[1.6978,46.4014],[1.7009,46.4035],[1.6986,46.4069],[1.6972,46.4065],[1.6919,46.409],[1.6927,46.411],[1.6884,46.4129],[1.6837,46.4182],[1.6789,46.4162],[1.6705,46.4098],[1.6628,46.4057],[1.6609,46.4027],[1.6559,46.3972],[1.6551,46.3954],[1.6479,46.3904],[1.6449,46.389],[1.6435,46.3853],[1.6405,46.3847],[1.6366,46.3864],[1.6332,46.389],[1.6285,46.3882],[1.6252,46.3905],[1.6265,46.3932],[1.6256,46.3947],[1.6221,46.3943],[1.6217,46.3973],[1.6194,46.3989],[1.6163,46.3983],[1.6145,46.3995],[1.6145,46.4063],[1.6167,46.4099],[1.6225,46.4158],[1.6226,46.4186],[1.621,46.421],[1.615,46.4227],[1.6118,46.4215],[1.6093,46.4231],[1.6074,46.4217],[1.5989,46.4196],[1.5979,46.414],[1.5956,46.4086],[1.5915,46.4072],[1.588,46.4084],[1.5824,46.4078],[1.5789,46.4105],[1.5744,46.4065],[1.572,46.4064],[1.5661,46.403],[1.5608,46.4012],[1.56,46.3981],[1.558,46.3975],[1.5534,46.3943],[1.5462,46.3932],[1.5454,46.3962],[1.5452,46.4025],[1.5469,46.4062],[1.5446,46.4102],[1.5436,46.4151],[1.5443,46.4191],[1.5385,46.4212],[1.5358,46.4207],[1.5335,46.4228],[1.5366,46.4248],[1.5299,46.4256],[1.5254,46.4268],[1.522,46.4265],[1.5215,46.4242],[1.5158,46.4227],[1.5106,46.4203],[1.5092,46.412],[1.502,46.4077],[1.4997,46.4057],[1.5006,46.4025],[1.4998,46.3988],[1.4974,46.3974],[1.4974,46.3947],[1.4933,46.3986],[1.4781,46.3942],[1.4729,46.3836],[1.4692,46.384],[1.4662,46.381],[1.4685,46.3785],[1.4665,46.3756],[1.463,46.3761],[1.4581,46.3757],[1.452,46.3765],[1.4505,46.3742],[1.4465,46.375],[1.4451,46.371],[1.4417,46.3695],[1.4432,46.3651],[1.4401,46.3658],[1.4349,46.3647],[1.436,46.3601],[1.4402,46.3564],[1.4338,46.3541],[1.4214,46.3514],[1.4175,46.3493],[1.4156,46.3469],[1.4113,46.3499],[1.4092,46.3569],[1.4093,46.3613],[1.4044,46.3643],[1.4027,46.3643],[1.401,46.3674],[1.3951,46.3676],[1.3967,46.3719],[1.3913,46.3709],[1.3836,46.3747],[1.3779,46.3825],[1.3764,46.3835],[1.3625,46.3958],[1.3562,46.4002],[1.3518,46.4001],[1.3484,46.3989],[1.3447,46.4016],[1.3377,46.3979],[1.3336,46.3976],[1.3258,46.3955],[1.3237,46.3961],[1.316,46.3962],[1.3126,46.3937],[1.3153,46.3922],[1.3189,46.3926],[1.3197,46.3908],[1.3224,46.3896],[1.3229,46.3851],[1.3207,46.3816],[1.3152,46.3819],[1.311,46.3837],[1.3077,46.3786],[1.311,46.3779],[1.3153,46.374],[1.3124,46.3729],[1.3037,46.3711],[1.3024,46.3725],[1.2989,46.373],[1.2913,46.375],[1.2826,46.3722],[1.2798,46.3766],[1.2693,46.3764],[1.2606,46.379],[1.2512,46.3771],[1.2469,46.3747],[1.2425,46.3708],[1.2412,46.3675],[1.238,46.3664],[1.2346,46.3661],[1.2306,46.3678],[1.229,46.3662],[1.2243,46.3669],[1.2216,46.3689],[1.2194,46.3657],[1.2167,46.367],[1.2141,46.3703],[1.2137,46.3738],[1.2115,46.379],[1.2164,46.3827],[1.2147,46.3871],[1.213,46.388],[1.21,46.3899],[1.2049,46.3878],[1.2018,46.3847],[1.1969,46.3815],[1.1916,46.3792],[1.193,46.3774],[1.1886,46.3766],[1.1859,46.378],[1.1822,46.3759],[1.1804,46.379],[1.1798,46.3821],[1.1775,46.3839],[1.1775,46.3842],[1.1969,46.4015],[1.192,46.4056],[1.1933,46.41],[1.1963,46.4115],[1.2008,46.4184],[1.2065,46.4229],[1.2066,46.4247],[1.2113,46.4297],[1.2132,46.4331],[1.2076,46.4348],[1.2033,46.4345],[1.2011,46.4325],[1.1986,46.4319],[1.1959,46.4292],[1.1866,46.4282],[1.1836,46.4294],[1.1862,46.4355],[1.1862,46.4412],[1.1757,46.4441],[1.175,46.4433],[1.1686,46.4462],[1.1602,46.4472],[1.1566,46.4468],[1.1518,46.4486],[1.1352,46.471],[1.1517,46.4702],[1.1538,46.4694],[1.157,46.4704],[1.1534,46.4726],[1.1433,46.4823],[1.1393,46.4868],[1.1364,46.4916],[1.1333,46.498],[1.139,46.497],[1.1419,46.498],[1.1488,46.5021],[1.1466,46.5055],[1.1337,46.5151],[1.1235,46.5221],[1.1109,46.5282],[1.1078,46.5318],[1.0973,46.5359],[1.0878,46.5383],[1.078,46.5352],[1.0756,46.5371],[1.0709,46.5372],[1.0667,46.5381],[1.0641,46.5397],[1.0543,46.5374],[1.0506,46.536],[1.0451,46.5369],[1.0332,46.5373],[1.0225,46.5361],[1.0205,46.5372],[1.0196,46.5401],[1.0206,46.5431],[1.0246,46.5497],[1.0193,46.5584],[1.0184,46.5649],[1.0144,46.5678],[1.0047,46.5672],[1.0027,46.5675],[0.9971,46.5659],[0.994,46.5662],[0.9893,46.5653],[0.9863,46.5669],[0.9856,46.5698],[0.9824,46.5721],[0.9819,46.5735],[0.9789,46.5732],[0.9739,46.5747],[0.9667,46.5731],[0.9638,46.5715],[0.9579,46.5759],[0.9574,46.5782],[0.9534,46.5789],[0.949,46.5785],[0.9455,46.5805],[0.9412,46.581],[0.937,46.5861],[0.9345,46.5877],[0.9363,46.589],[0.9377,46.5944],[0.9241,46.5944],[0.916,46.5967],[0.9156,46.5998],[0.9107,46.6017],[0.9113,46.6036],[0.9083,46.6047],[0.9072,46.6073],[0.9091,46.6103],[0.9086,46.6141],[0.9044,46.6144],[0.9044,46.6196],[0.8997,46.6217],[0.8939,46.6282],[0.8957,46.6322],[0.8993,46.6373],[0.9036,46.6415],[0.9081,46.6441],[0.9064,46.6486],[0.9179,46.6505],[0.9164,46.6521],[0.9144,46.6566],[0.9067,46.6655],[0.9072,46.6665],[0.9118,46.6712],[0.9121,46.6748],[0.9107,46.6774],[0.9062,46.6785],[0.9024,46.6777],[0.9044,46.6814],[0.9078,46.683],[0.9095,46.6823],[0.9168,46.6902],[0.9237,46.6928],[0.928,46.6927],[0.9277,46.696],[0.9249,46.7002],[0.9209,46.7039],[0.9168,46.7087],[0.9133,46.7106],[0.9132,46.7143],[0.9144,46.716],[0.908,46.7191],[0.912,46.7233],[0.9132,46.7257],[0.9109,46.7278],[0.909,46.7273],[0.9029,46.7305],[0.9018,46.7364],[0.8965,46.7352],[0.894,46.7375],[0.8878,46.7377],[0.8848,46.7393],[0.8785,46.7384],[0.8785,46.7409],[0.8767,46.7433],[0.8701,46.7455],[0.8674,46.7482],[0.8645,46.7525],[0.8598,46.7559],[0.8591,46.76],[0.857,46.7609],[0.8537,46.7602],[0.8484,46.7607],[0.8429,46.7643],[0.8418,46.768],[0.8363,46.7706],[0.8346,46.7738],[0.8281,46.7771],[0.8276,46.7793],[0.8296,46.7846],[0.8261,46.7877],[0.8151,46.7884],[0.8119,46.7948],[0.8126,46.7999],[0.8156,46.802],[0.8169,46.8043],[0.8152,46.806],[0.8106,46.8081],[0.8101,46.8142],[0.8098,46.8159],[0.8088,46.8213],[0.8093,46.8262],[0.8083,46.829],[0.8049,46.8317],[0.7951,46.8327],[0.7906,46.8356],[0.7866,46.8413],[0.7877,46.845],[0.7954,46.8465],[0.7965,46.8474],[0.796,46.8501],[0.793,46.8517],[0.7888,46.8526],[0.7833,46.8515],[0.768,46.8511],[0.767,46.8521],[0.7662,46.8563],[0.7669,46.8576],[0.771,46.8598],[0.7719,46.8634],[0.7698,46.8652],[0.7652,46.8656],[0.7605,46.8632],[0.7568,46.8602],[0.7524,46.8605],[0.7515,46.8631],[0.7472,46.8694],[0.7435,46.8717],[0.7383,46.8732],[0.7332,46.8765],[0.7294,46.8833],[0.7261,46.8872],[0.7215,46.8902],[0.7139,46.8969],[0.7054,46.9023],[0.7041,46.9041],[0.7038,46.9094],[0.7058,46.9138],[0.708,46.9152],[0.709,46.9177],[0.7081,46.9208],[0.7043,46.9239],[0.7032,46.9261],[0.7033,46.9292],[0.706,46.9357],[0.7061,46.9378],[0.7033,46.947],[0.7016,46.9501],[0.6961,46.9568],[0.696,46.9594],[0.695,46.9625],[0.6945,46.964],[0.6956,46.9678],[0.6938,46.9732],[0.6912,46.9748],[0.6826,46.977],[0.6773,46.9777],[0.6736,46.9775],[0.6663,46.9783],[0.6616,46.9781],[0.6578,46.9809],[0.6562,46.9857],[0.6479,46.9883],[0.6432,46.9881],[0.6378,46.9855],[0.6333,46.9869],[0.6295,46.9889],[0.6241,46.9938],[0.6213,46.9968],[0.6218,46.9994],[0.6241,47.0032],[0.6199,47.0072],[0.6158,47.0082],[0.6127,47.0081],[0.6043,47.0061],[0.6008,47.006],[0.5906,47.0067],[0.5734,47.0048],[0.5676,47.0065],[0.5671,47.0026],[0.5679,47],[0.5741,46.9953],[0.5745,46.9929],[0.5728,46.9876],[0.5739,46.9834],[0.5789,46.9795],[0.5851,46.979],[0.5937,46.9776],[0.5969,46.9762],[0.6013,46.9731],[0.6018,46.9626],[0.6016,46.9588],[0.5983,46.9568],[0.587,46.9571],[0.5805,46.9561],[0.5736,46.9565],[0.5701,46.9557],[0.565,46.9556],[0.5579,46.9568],[0.5543,46.9585],[0.5434,46.9604],[0.5401,46.9603],[0.5277,46.9558],[0.521,46.9584],[0.5147,46.956],[0.5082,46.9576],[0.5052,46.96],[0.5006,46.9565],[0.495,46.9562],[0.4915,46.9554],[0.4882,46.9546],[0.4786,46.9503],[0.471,46.9482],[0.4608,46.9463],[0.4578,46.946],[0.4542,46.9431],[0.451,46.9418],[0.4449,46.9413],[0.443,46.9353],[0.4402,46.9306],[0.4386,46.9295],[0.4336,46.9324],[0.4289,46.9325],[0.4178,46.9374],[0.4121,46.9364],[0.4063,46.9368],[0.4054,46.9361],[0.402,46.938],[0.3877,46.9439],[0.3868,46.9423],[0.3802,46.9451],[0.3793,46.9447],[0.3718,46.9481],[0.3665,46.9499],[0.3625,46.9471],[0.3607,46.9485],[0.353,46.9424],[0.3516,46.9398],[0.3479,46.9366],[0.3396,46.9368],[0.325,46.9305],[0.3167,46.9353],[0.3112,46.938],[0.3077,46.9451],[0.3077,46.9486],[0.3054,46.9511],[0.3057,46.9536],[0.3022,46.9554],[0.302,46.9573],[0.308,46.9628],[0.3009,46.9679],[0.3008,46.9704],[0.2981,46.9712],[0.2995,46.9732],[0.3066,46.9763],[0.3083,46.9782],[0.3028,46.9819],[0.3056,46.9849],[0.3024,46.9848],[0.2981,46.9837],[0.2913,46.9904],[0.2965,46.9901],[0.3041,46.9907],[0.305,46.9949],[0.3116,46.9962],[0.313,46.9981],[0.3081,47],[0.305,47.003],[0.3038,47.0058],[0.3052,47.0066],[0.3071,47.0111],[0.3047,47.0141],[0.3013,47.0162],[0.2986,47.0197],[0.3023,47.0226],[0.3052,47.0217],[0.3065,47.0242],[0.3103,47.0257],[0.3099,47.028],[0.3096,47.0306],[0.3066,47.0352],[0.3057,47.0384],[0.3094,47.0443],[0.3053,47.0527],[0.2983,47.054],[0.2955,47.0517],[0.2927,47.0531],[0.291,47.0511],[0.2845,47.0478],[0.2795,47.0459],[0.2717,47.0465],[0.2682,47.0424],[0.2671,47.0448],[0.264,47.0463],[0.2667,47.0486],[0.2651,47.0549],[0.2598,47.0555],[0.2656,47.0614],[0.2649,47.0628],[0.2681,47.0665],[0.2678,47.0677],[0.2615,47.0701],[0.2597,47.0689],[0.2448,47.0714],[0.2411,47.071],[0.239,47.0677],[0.2352,47.0692],[0.2328,47.0666],[0.2332,47.0642],[0.2299,47.0633],[0.2263,47.0609],[0.2147,47.0559],[0.2139,47.0544],[0.208,47.0533],[0.2069,47.055],[0.2006,47.0587],[0.1971,47.0631],[0.1922,47.0654],[0.1893,47.0608],[0.1847,47.0607],[0.1797,47.0591],[0.1757,47.0607],[0.1769,47.0647],[0.1737,47.0674],[0.1735,47.0695],[0.1757,47.0729],[0.1842,47.0794],[0.1872,47.0823],[0.1928,47.0837],[0.1941,47.0861],[0.2012,47.0913],[0.195,47.0954],[0.1918,47.0991],[0.1857,47.1014],[0.1873,47.1027],[0.1846,47.105],[0.1855,47.1093],[0.1834,47.1138],[0.1815,47.1153],[0.1813,47.1139],[0.1738,47.1124],[0.1661,47.1073],[0.1635,47.1041],[0.1619,47.1001],[0.1593,47.1026],[0.153,47.1043],[0.1459,47.1047],[0.144,47.1062],[0.14,47.1057],[0.1352,47.1071],[0.1341,47.1089],[0.1341,47.1145],[0.1369,47.118],[0.1407,47.1247],[0.1364,47.1217],[0.1271,47.1198],[0.1235,47.1285],[0.1192,47.1285],[0.1178,47.1294],[0.1111,47.1286],[0.107,47.1286],[0.1077,47.125],[0.1046,47.1248],[0.1046,47.1208],[0.0969,47.1205],[0.0924,47.1223],[0.0871,47.1208],[0.0841,47.1184],[0.0812,47.1185],[0.0796,47.1202],[0.0796,47.123],[0.0764,47.1239],[0.0791,47.1297],[0.0813,47.1315],[0.0821,47.1361],[0.0796,47.1391],[0.0795,47.1428],[0.0784,47.1464],[0.0656,47.1431],[0.0656,47.1477],[0.0634,47.147],[0.0615,47.1549],[0.0586,47.1565],[0.0575,47.1585],[0.0543,47.1609],[0.0539,47.1637],[0.0554,47.1662],[0.0586,47.1691],[0.0596,47.1724],[0.0632,47.1763],[0.0651,47.1826],[0.0665,47.1897],[0.0619,47.1904],[0.058,47.194],[0.0552,47.1945],[0.0527,47.1967],[0.0536,47.1993],[0.0577,47.203],[0.0592,47.2071],[0.0625,47.2076],[0.0669,47.2113],[0.0657,47.2133],[0.0682,47.2158],[0.0745,47.2144],[0.0762,47.2161],[0.0792,47.2168],[0.0767,47.2203],[0.0725,47.22],[0.0715,47.2232],[0.0731,47.2238],[0.0729,47.2264],[0.0743,47.2279],[0.0738,47.2369],[0.0699,47.241],[0.0679,47.2455],[0.0679,47.2475],[0.0748,47.2481],[0.075,47.2502],[0.0773,47.2539],[0.0747,47.2616],[0.0768,47.2638],[0.0807,47.2651],[0.0795,47.2668],[0.0816,47.2696],[0.0799,47.2717],[0.0834,47.275],[0.0886,47.2754],[0.0893,47.283],[0.0783,47.2829],[0.0822,47.2876],[0.0852,47.2893],[0.0866,47.2925],[0.0923,47.3005],[0.0955,47.3041],[0.0993,47.3033],[0.0982,47.306],[0.0993,47.3087],[0.1091,47.3134],[0.114,47.3183],[0.1141,47.32],[0.1184,47.326],[0.1175,47.3323],[0.1252,47.3324],[0.138,47.3361],[0.1385,47.3378],[0.1422,47.3419],[0.147,47.3455],[0.1478,47.3471],[0.147,47.3517],[0.1454,47.355],[0.1404,47.3618],[0.1476,47.3619],[0.1536,47.3636],[0.1627,47.3683],[0.1637,47.3705],[0.1697,47.3739],[0.1743,47.3755],[0.183,47.3804],[0.1824,47.383],[0.1788,47.3845],[0.173,47.3858],[0.1672,47.3855],[0.1691,47.3921],[0.1695,47.3959],[0.1667,47.3972],[0.1573,47.399],[0.1535,47.3988],[0.1592,47.4037],[0.1625,47.4048],[0.1662,47.4039],[0.1705,47.4091],[0.1746,47.415],[0.1765,47.4144],[0.1806,47.4164],[0.1848,47.4231],[0.1852,47.4263],[0.1833,47.4331],[0.1826,47.4435],[0.1811,47.4533],[0.188,47.4587],[0.1904,47.4612],[0.1937,47.47],[0.1949,47.4751],[0.1988,47.4765],[0.1996,47.4835],[0.2034,47.4857],[0.2077,47.4905],[0.2095,47.4945],[0.2144,47.4985],[0.22,47.5019],[0.2192,47.5092],[0.2207,47.5122],[0.2221,47.5178],[0.22,47.5197],[0.2236,47.5219],[0.2261,47.5266],[0.2248,47.5273],[0.2175,47.5294],[0.2151,47.5235],[0.2091,47.5266],[0.2058,47.5268],[0.2028,47.5282],[0.2066,47.5326],[0.2056,47.5346],[0.2021,47.5349],[0.1942,47.5375],[0.1933,47.5391],[0.1994,47.541],[0.1995,47.5453],[0.2034,47.5472],[0.2047,47.5519],[0.2091,47.5577],[0.2064,47.561],[0.208,47.5638],[0.2111,47.566],[0.2149,47.5699],[0.2152,47.5732],[0.2271,47.5746],[0.2315,47.5783],[0.2345,47.5784],[0.2339,47.5805],[0.2296,47.5847],[0.2315,47.5851],[0.2339,47.5899],[0.2337,47.5929],[0.2319,47.5963],[0.2327,47.6008],[0.2324,47.6058],[0.2299,47.6085],[0.2307,47.6108],[0.2359,47.6118],[0.2395,47.6106],[0.2459,47.6106],[0.2511,47.6132],[0.2553,47.6116],[0.2591,47.6123],[0.2624,47.6087],[0.2677,47.6088],[0.27,47.6052],[0.2675,47.6027],[0.2721,47.6014],[0.2768,47.5977],[0.281,47.5981],[0.2892,47.5979],[0.2977,47.5969],[0.302,47.5959],[0.3129,47.5953],[0.3221,47.5954],[0.323,47.593],[0.3272,47.592],[0.3323,47.5896],[0.3329,47.5875],[0.3376,47.5856],[0.3398,47.5829],[0.3391,47.5797],[0.3413,47.5796],[0.3464,47.5772],[0.3548,47.5766],[0.3579,47.5749],[0.3616,47.5748],[0.3669,47.5737],[0.3679,47.5721],[0.372,47.5705],[0.376,47.5703],[0.3785,47.5684],[0.3833,47.57],[0.3844,47.5725],[0.3937,47.5774],[0.3985,47.5775],[0.4024,47.5785],[0.4003,47.5803],[0.3975,47.5861],[0.3959,47.5868],[0.3967,47.5942],[0.3951,47.5946],[0.392,47.5966],[0.3889,47.6016],[0.385,47.606],[0.3835,47.6101],[0.3749,47.6119],[0.3691,47.6163],[0.3647,47.6202],[0.3645,47.624],[0.3697,47.63],[0.372,47.6311],[0.3809,47.6386],[0.3826,47.6434],[0.3852,47.6419],[0.3893,47.6408],[0.396,47.641],[0.3987,47.6372],[0.4026,47.6345],[0.4091,47.632],[0.4089,47.6281],[0.4106,47.6264],[0.4134,47.6263],[0.4183,47.6236],[0.4196,47.6211],[0.4242,47.6179],[0.4293,47.6176],[0.4317,47.6183],[0.4408,47.6199],[0.4501,47.6194],[0.4526,47.6232],[0.457,47.6285],[0.4545,47.6304],[0.453,47.6337],[0.4571,47.6394],[0.4627,47.6426],[0.462,47.6433],[0.464,47.6456],[0.4661,47.6442],[0.4739,47.6475],[0.4763,47.6468],[0.4787,47.6434],[0.49,47.6453],[0.493,47.6445],[0.4984,47.6446],[0.5054,47.6493],[0.5118,47.6519],[0.5166,47.6568],[0.5202,47.6537],[0.523,47.6531],[0.527,47.6547],[0.5337,47.6555],[0.537,47.6571],[0.5431,47.6564],[0.5532,47.6602],[0.5552,47.6638],[0.5593,47.6662],[0.5583,47.6708],[0.5707,47.6686],[0.5757,47.6688],[0.579,47.6681],[0.5849,47.6687],[0.5887,47.6706],[0.5966,47.6729],[0.6006,47.6775],[0.6045,47.6782],[0.6047,47.6806],[0.6076,47.6825],[0.6115,47.6821],[0.6148,47.6829],[0.6195,47.6924],[0.618,47.6939],[0.6149,47.6941],[0.6075,47.6891],[0.6042,47.6854],[0.5955,47.688],[0.5958,47.6898],[0.5922,47.6946],[0.5917,47.6978],[0.5933,47.701],[0.5907,47.7057],[0.5866,47.7073],[0.5805,47.7125],[0.5806,47.7129],[0.5853,47.7171],[0.5908,47.7212],[0.595,47.7235],[0.6016,47.7258],[0.6044,47.7248],[0.6089,47.7252],[0.6111,47.7281],[0.6123,47.7305],[0.6106,47.7322],[0.6148,47.7342],[0.62,47.7385],[0.6188,47.7414],[0.6193,47.7455],[0.621,47.7483],[0.6235,47.7488],[0.6245,47.7508],[0.628,47.7521],[0.6361,47.7515],[0.6454,47.753],[0.6511,47.7552],[0.6532,47.7578],[0.6567,47.7587],[0.6618,47.761],[0.668,47.7648],[0.6728,47.7685],[0.6778,47.7697],[0.6804,47.769],[0.6831,47.766],[0.6892,47.7654],[0.692,47.7639],[0.6973,47.7643],[0.6979,47.7659],[0.702,47.7666],[0.7037,47.7678],[0.703,47.7707],[0.7,47.7744],[0.6927,47.7788],[0.6893,47.78],[0.6933,47.7853],[0.7011,47.7902],[0.712,47.7872],[0.713,47.7904],[0.7145,47.7939],[0.7194,47.7941],[0.7228,47.7975],[0.7261,47.7992],[0.7276,47.8024],[0.7317,47.8077],[0.734,47.8077],[0.7399,47.8116],[0.7402,47.8129],[0.7381,47.8162],[0.7445,47.8237],[0.7458,47.8277],[0.7481,47.8288],[0.7526,47.8291],[0.7564,47.8306],[0.7589,47.8337],[0.7632,47.834],[0.7685,47.8313],[0.7723,47.8375],[0.7747,47.8397],[0.7737,47.8418],[0.7749,47.8438],[0.7718,47.8456],[0.7742,47.8476],[0.7726,47.8487],[0.7741,47.8513],[0.7724,47.8513],[0.7688,47.8539],[0.7657,47.8543],[0.7637,47.8564],[0.7592,47.8592],[0.7636,47.8629],[0.7645,47.8665],[0.7616,47.8727],[0.7607,47.8762],[0.7613,47.8781],[0.7598,47.8832],[0.7571,47.8852],[0.7572,47.8915],[0.7585,47.8936],[0.7593,47.898],[0.7596,47.8996],[0.764,47.8996],[0.768,47.9016],[0.7703,47.902],[0.7746,47.9071],[0.7805,47.9104],[0.7858,47.9108],[0.79,47.9121],[0.7933,47.9088],[0.7949,47.9058],[0.7939,47.9018],[0.7951,47.8996],[0.8025,47.8958],[0.8066,47.8922],[0.8088,47.8915],[0.8118,47.8885],[0.8169,47.892],[0.8145,47.895],[0.8173,47.8972],[0.8137,47.8982],[0.8126,47.9007],[0.8152,47.9042],[0.8073,47.908],[0.8091,47.9107],[0.8165,47.9131],[0.8131,47.9137],[0.8084,47.9165],[0.8125,47.9203],[0.8134,47.926],[0.8117,47.928],[0.8136,47.9319],[0.8164,47.9343],[0.823,47.9349],[0.8323,47.9368],[0.8372,47.9373],[0.8422,47.9402],[0.8484,47.9422],[0.8494,47.9473],[0.8453,47.9474],[0.844,47.9516],[0.8453,47.954],[0.8411,47.9585],[0.8415,47.9604],[0.8382,47.9624],[0.8371,47.9648],[0.8376,47.9684],[0.8358,47.9702],[0.8316,47.9722],[0.8279,47.9728],[0.8243,47.9781],[0.8256,47.9796],[0.8241,47.9819],[0.8189,47.986],[0.8187,47.9893],[0.8215,47.9893],[0.8261,47.9915],[0.8323,47.997],[0.8309,47.9985],[0.8331,48.0033],[0.8315,48.0059],[0.8331,48.0091],[0.8368,48.0088],[0.838,48.0116],[0.8372,48.016],[0.8398,48.016],[0.841,48.0191],[0.8386,48.0235],[0.8416,48.0258],[0.8424,48.0302],[0.8386,48.0338],[0.8345,48.0344],[0.8305,48.0333],[0.829,48.0304],[0.8254,48.0299],[0.8232,48.031],[0.818,48.0303],[0.8153,48.0319],[0.8103,48.0327],[0.8059,48.0383],[0.8039,48.0389],[0.8009,48.0373],[0.7975,48.0372],[0.7968,48.0383],[0.7978,48.0428],[0.7934,48.0486],[0.7967,48.0514],[0.7961,48.0545],[0.7977,48.0588],[0.7978,48.066],[0.794,48.0695],[0.8028,48.0716],[0.8091,48.0714],[0.8137,48.0703],[0.8215,48.0704],[0.8253,48.0699],[0.8351,48.07],[0.8432,48.0726],[0.8439,48.079],[0.8454,48.0845],[0.8442,48.0882],[0.8486,48.0892],[0.8462,48.095],[0.8386,48.0944],[0.8384,48.0921],[0.841,48.09],[0.8383,48.089],[0.8358,48.0913],[0.8313,48.0924],[0.8251,48.0907],[0.8229,48.0928],[0.8167,48.0932],[0.8142,48.0964],[0.8143,48.0987],[0.8194,48.0983],[0.8329,48.0985],[0.8411,48.1029],[0.8509,48.1168],[0.8554,48.1226],[0.8523,48.1311],[0.8501,48.1333],[0.8572,48.1334],[0.8653,48.1345],[0.8704,48.1319],[0.8727,48.1325],[0.8737,48.135],[0.8786,48.1349],[0.8827,48.1337],[0.895,48.1358],[0.9029,48.1354],[0.91,48.1361],[0.9137,48.1349],[0.9167,48.1389],[0.9111,48.141],[0.9092,48.144],[0.9114,48.1468],[0.9108,48.1495],[0.9066,48.1517],[0.8984,48.1546],[0.8931,48.1577],[0.8888,48.1591],[0.8863,48.1619],[0.8808,48.1617],[0.8727,48.1639],[0.8726,48.1625],[0.8672,48.1636],[0.8651,48.1659],[0.86,48.1677],[0.8544,48.165],[0.8496,48.1669],[0.8437,48.1647],[0.8364,48.1676],[0.8326,48.1691],[0.831,48.1714],[0.8279,48.173],[0.8265,48.176],[0.8174,48.1806],[0.8134,48.181],[0.8111,48.1858],[0.8056,48.1859],[0.8004,48.1888],[0.7957,48.188],[0.7956,48.1907],[0.7979,48.1948],[0.8088,48.1976],[0.8071,48.2001],[0.8054,48.2055],[0.8126,48.2064],[0.8148,48.2057],[0.8178,48.2085],[0.8243,48.2107],[0.8306,48.2107],[0.8303,48.2138],[0.8258,48.221],[0.8222,48.2236],[0.819,48.2259],[0.8185,48.2283],[0.8148,48.2324],[0.806,48.2398],[0.8046,48.2433],[0.8021,48.2448],[0.8007,48.2473],[0.8021,48.2499],[0.7989,48.2534],[0.7963,48.2544],[0.7918,48.2585],[0.7913,48.2611],[0.7875,48.2619],[0.7918,48.2651],[0.7859,48.2711],[0.788,48.2745],[0.7922,48.278],[0.7917,48.2811],[0.7964,48.2871],[0.8048,48.2884],[0.8077,48.2898],[0.8051,48.2911],[0.8024,48.2905],[0.7974,48.2914],[0.7909,48.2944],[0.7859,48.2989],[0.7825,48.3004],[0.7785,48.3034],[0.7743,48.3017],[0.7692,48.3025],[0.7604,48.2983],[0.7593,48.3001],[0.756,48.3006],[0.7627,48.3075],[0.7625,48.3106],[0.7662,48.3129],[0.7689,48.3132],[0.7681,48.3154],[0.7691,48.3179],[0.7689,48.3218],[0.7708,48.324],[0.7814,48.3327],[0.7842,48.3336],[0.7854,48.3405],[0.7877,48.3412],[0.7915,48.3428],[0.7944,48.3425],[0.8035,48.3452],[0.8068,48.3442],[0.8129,48.3494],[0.8147,48.3487],[0.8184,48.3495],[0.8211,48.347],[0.8244,48.3455],[0.828,48.3423],[0.8314,48.3454],[0.8336,48.3452],[0.8408,48.3469],[0.8424,48.3466],[0.8441,48.3506],[0.8405,48.3504],[0.8399,48.3527],[0.8471,48.3513],[0.8523,48.3485],[0.8583,48.3495],[0.862,48.3509],[0.8635,48.3537],[0.8667,48.355],[0.8714,48.3596],[0.8729,48.3562],[0.8756,48.3554],[0.8794,48.3567],[0.8835,48.3565],[0.8883,48.3615],[0.8924,48.3665],[0.8976,48.3702],[0.8965,48.371],[0.9006,48.374],[0.9063,48.3719],[0.9073,48.3701],[0.9111,48.3718],[0.9126,48.3739],[0.9164,48.3745],[0.9143,48.3777],[0.9167,48.3795],[0.9204,48.3799],[0.9227,48.3835],[0.9263,48.3842],[0.9289,48.3882],[0.9289,48.3907],[0.9366,48.3939],[0.9362,48.3953],[0.9406,48.3983],[0.9447,48.3996],[0.9504,48.3995],[0.9494,48.4021],[0.9472,48.4034],[0.9462,48.4064],[0.9437,48.4101],[0.9437,48.4138],[0.9453,48.4182],[0.9482,48.4179],[0.9493,48.4201],[0.9548,48.4224],[0.9566,48.4274],[0.9655,48.4309],[0.9712,48.4345],[0.9764,48.4388],[0.9766,48.4411],[0.9735,48.4438],[0.9715,48.4415],[0.9585,48.4425],[0.9538,48.4466],[0.9538,48.448],[0.9509,48.4496],[0.9474,48.4536],[0.9477,48.456],[0.9457,48.4574],[0.9428,48.4574],[0.939,48.4608],[0.9399,48.4657],[0.9374,48.4678],[0.9383,48.4692],[0.9357,48.4756],[0.9409,48.4776],[0.9449,48.4771],[0.9536,48.4802],[0.9564,48.4824],[0.9542,48.4833],[0.9555,48.486],[0.9554,48.4929],[0.9498,48.4935],[0.9441,48.4962],[0.9415,48.4988],[0.9466,48.501],[0.9534,48.5031],[0.9623,48.5157],[0.9653,48.518],[0.9674,48.5239],[0.9604,48.5243],[0.9571,48.5257],[0.952,48.5263],[0.9476,48.5281],[0.9447,48.5309],[0.9407,48.5311],[0.9388,48.5321],[0.933,48.5326],[0.932,48.5342],[0.9258,48.5354],[0.9225,48.5377],[0.9269,48.5422],[0.931,48.5433],[0.9321,48.5467],[0.9366,48.5468],[0.9386,48.5508],[0.9336,48.5547],[0.9308,48.5555],[0.9257,48.5599],[0.9237,48.5583],[0.9059,48.566],[0.9033,48.566],[0.8984,48.5697],[0.8941,48.5717],[0.8805,48.5742],[0.8683,48.5728],[0.8669,48.5744],[0.8593,48.578],[0.8576,48.5804],[0.8522,48.5816],[0.8496,48.5843],[0.8489,48.5887],[0.85,48.5916],[0.8473,48.5971],[0.8467,48.6031],[0.8471,48.6097],[0.8398,48.6082],[0.8366,48.6087],[0.8344,48.6104],[0.8281,48.6109],[0.8226,48.6089],[0.8196,48.6099],[0.8172,48.6157],[0.8211,48.6229],[0.8228,48.6232],[0.8242,48.6272],[0.8275,48.6311],[0.8318,48.6334],[0.8247,48.6338],[0.8216,48.6362],[0.8232,48.6385],[0.8226,48.643],[0.8216,48.6446],[0.8248,48.6483],[0.8234,48.6507],[0.8186,48.6538],[0.8189,48.6575],[0.8176,48.6598],[0.8108,48.6612],[0.8093,48.6647],[0.8148,48.6702],[0.8238,48.6787],[0.8273,48.6807],[0.8344,48.6811],[0.8421,48.679],[0.8464,48.6823],[0.8503,48.6829],[0.8538,48.6856],[0.8588,48.6856],[0.864,48.6878],[0.8608,48.6933],[0.8654,48.6973],[0.8687,48.6989],[0.8668,48.7012],[0.8666,48.7036],[0.8714,48.7081],[0.8726,48.7132],[0.8769,48.7157],[0.8837,48.7178],[0.8865,48.7175],[0.8902,48.7204],[0.8947,48.7157],[0.8979,48.7133],[0.8994,48.7105],[0.9071,48.7117],[0.9087,48.71],[0.9161,48.7111],[0.9201,48.7124],[0.9212,48.7092],[0.9269,48.7105],[0.931,48.7124],[0.9369,48.7138],[0.941,48.7132],[0.9496,48.7146],[0.956,48.7173],[0.9583,48.7194],[0.957,48.7211],[0.9615,48.7258],[0.9689,48.7283],[0.9773,48.7301],[0.9782,48.7309],[0.9817,48.729],[0.9851,48.7259],[0.9905,48.7256],[0.9943,48.7264],[0.9974,48.7283],[1.0065,48.7271],[1.0107,48.7281],[1.0168,48.7284],[1.0191,48.734],[1.0221,48.7348],[1.0266,48.7328],[1.029,48.7287],[1.0329,48.7285],[1.0366,48.7303],[1.0363,48.7332],[1.0342,48.7339],[1.034,48.7394],[1.0367,48.7416],[1.0435,48.7426],[1.0474,48.7456],[1.0469,48.7484],[1.0529,48.7521],[1.0556,48.7527],[1.0583,48.7565],[1.0629,48.7591],[1.0671,48.7584],[1.0686,48.7562],[1.0687,48.7516],[1.0697,48.7488],[1.0771,48.7501],[1.0796,48.7525],[1.0822,48.7529],[1.0848,48.7561],[1.0884,48.7568],[1.0873,48.7538],[1.0902,48.7541],[1.0923,48.75],[1.096,48.7487],[1.1014,48.7515],[1.1033,48.7492],[1.1066,48.7485],[1.1104,48.7497],[1.1111,48.7469],[1.1139,48.7461],[1.1148,48.7466],[1.1127,48.7519],[1.1179,48.7543],[1.1196,48.7557],[1.1181,48.7603],[1.1191,48.7616],[1.1174,48.764],[1.1181,48.7661],[1.1249,48.7676],[1.1224,48.7709],[1.1199,48.7757],[1.1204,48.7789],[1.1189,48.7834],[1.1174,48.7845],[1.1214,48.7892],[1.1297,48.7883],[1.1354,48.7853],[1.1428,48.786],[1.1468,48.7848],[1.1519,48.7859],[1.1504,48.7834],[1.1508,48.7814],[1.1484,48.7798],[1.149,48.7778],[1.1538,48.7736],[1.1631,48.7691],[1.1682,48.7704],[1.1738,48.7705],[1.1829,48.7717],[1.1874,48.773],[1.1942,48.7705],[1.1986,48.7695],[1.2044,48.7666],[1.2082,48.7664],[1.2118,48.7634],[1.2159,48.762],[1.223,48.758],[1.2302,48.7617],[1.2292,48.7628],[1.2244,48.7634],[1.2229,48.7673],[1.2455,48.7695],[1.2535,48.7661],[1.2566,48.7657],[1.2546,48.7585],[1.2646,48.7574],[1.2682,48.7573],[1.2702,48.7576],[1.2699,48.7612],[1.2709,48.7627],[1.2783,48.763],[1.2798,48.7626],[1.2874,48.7641],[1.2964,48.7681],[1.2996,48.7679],[1.3048,48.7657],[1.3067,48.7662],[1.3115,48.7649],[1.3133,48.7641],[1.3181,48.7623],[1.3196,48.7608],[1.3276,48.7604],[1.3332,48.7628],[1.3377,48.7683],[1.3379,48.7694],[1.342,48.7724],[1.3501,48.7758],[1.3527,48.7789],[1.3558,48.7792],[1.3563,48.7794],[1.3615,48.7801],[1.3651,48.784],[1.3735,48.781],[1.374,48.7835],[1.3775,48.7893],[1.3771,48.7916],[1.3746,48.796],[1.3702,48.8007],[1.3681,48.8028],[1.3663,48.8047],[1.3587,48.814],[1.3558,48.8167],[1.3587,48.8196],[1.3596,48.8222],[1.3596,48.8311],[1.363,48.8347],[1.3663,48.8353],[1.3705,48.838],[1.3734,48.8389],[1.3798,48.8433],[1.3899,48.8463],[1.3962,48.8519],[1.3981,48.8567],[1.4022,48.8583],[1.4059,48.8611],[1.4186,48.8616],[1.4239,48.8613],[1.4246,48.8627],[1.4303,48.8663],[1.4352,48.8662],[1.4388,48.8646],[1.4409,48.8648],[1.4448,48.8677],[1.4499,48.8695],[1.4555,48.8704],[1.4577,48.8716],[1.4607,48.8726],[1.4646,48.8768],[1.4654,48.8793],[1.4669,48.8837],[1.4665,48.8885],[1.4678,48.8918],[1.4713,48.8946],[1.4716,48.8975],[1.4658,48.8998],[1.4619,48.8993],[1.4608,48.9007],[1.4621,48.9051],[1.4605,48.9097],[1.4597,48.911],[1.4552,48.9133],[1.4595,48.9145],[1.4511,48.9198],[1.4526,48.9216],[1.4478,48.9246],[1.4542,48.9255],[1.4586,48.9279],[1.4598,48.9348],[1.4611,48.9375],[1.4728,48.9398],[1.4804,48.9405],[1.4922,48.9362],[1.4959,48.9384],[1.499,48.9388],[1.5014,48.941],[1.5118,48.935],[1.5112,48.932],[1.5085,48.931],[1.5073,48.9276],[1.5113,48.9235],[1.5143,48.9219],[1.5185,48.9253],[1.5285,48.9243],[1.5354,48.9226],[1.5384,48.9225],[1.5404,48.9185],[1.5417,48.9158],[1.5452,48.913],[1.5452,48.9109],[1.5383,48.9067],[1.542,48.9038],[1.5441,48.9012],[1.5502,48.8985],[1.5511,48.8957],[1.5536,48.8951],[1.5571,48.8918],[1.5634,48.8905],[1.5608,48.8877],[1.5613,48.886],[1.5595,48.8818],[1.5566,48.8821],[1.5546,48.8802],[1.5514,48.875],[1.5487,48.8759],[1.546,48.8724],[1.5538,48.8668],[1.5552,48.8649],[1.559,48.8638],[1.5613,48.8674],[1.5682,48.8659],[1.5718,48.864],[1.5782,48.8607],[1.5842,48.8604],[1.5798,48.8507],[1.578,48.8484],[1.5774,48.8446],[1.5868,48.8433],[1.5934,48.8411],[1.5928,48.8401],[1.5981,48.8389],[1.5947,48.8363],[1.5935,48.834],[1.5844,48.8325],[1.579,48.8297],[1.5837,48.8268],[1.5869,48.8231],[1.5904,48.8174],[1.5916,48.815],[1.5834,48.8106],[1.5789,48.8091],[1.5831,48.8074],[1.5773,48.8049],[1.5781,48.8021],[1.58,48.8001],[1.5783,48.7986],[1.5793,48.7966],[1.5776,48.7951],[1.5809,48.7935],[1.5754,48.7909],[1.577,48.7892],[1.5762,48.7871],[1.5767,48.783],[1.5779,48.7813],[1.5815,48.7801],[1.5801,48.7783],[1.5845,48.7773],[1.5831,48.7759],[1.5879,48.7737],[1.5829,48.7676],[1.5815,48.7655],[1.5848,48.7634],[1.5892,48.7616],[1.5997,48.7605],[1.6084,48.7607],[1.61,48.7577],[1.6174,48.7531],[1.6251,48.749],[1.6268,48.7481],[1.6217,48.7418],[1.6233,48.74],[1.6206,48.7361],[1.6161,48.7364],[1.61,48.7289],[1.6037,48.7246],[1.6011,48.7207],[1.5969,48.7212],[1.5947,48.7168],[1.5897,48.7129],[1.5871,48.7103],[1.5919,48.7087],[1.5947,48.7091],[1.5865,48.7056],[1.58,48.7034],[1.579,48.7021],[1.5852,48.6994],[1.5823,48.6964],[1.5867,48.6951],[1.5911,48.6928],[1.5943,48.6951],[1.5976,48.6927],[1.6055,48.6893],[1.6113,48.6884],[1.6102,48.6841],[1.6061,48.6789],[1.6043,48.6754],[1.608,48.6725],[1.6011,48.6684],[1.6027,48.6633],[1.6077,48.6599],[1.6127,48.6547],[1.6213,48.6497],[1.6229,48.6511],[1.6271,48.6507],[1.6305,48.6491],[1.6351,48.6492],[1.6387,48.6507],[1.6431,48.6513],[1.6438,48.6481],[1.6384,48.6452],[1.6458,48.6399],[1.6512,48.6382],[1.649,48.6348],[1.6493,48.6323],[1.6574,48.6298],[1.6583,48.6279],[1.655,48.6226],[1.6572,48.6217],[1.6636,48.6169],[1.6665,48.6135],[1.6674,48.617],[1.6698,48.6167],[1.6744,48.6147],[1.6764,48.6173],[1.6789,48.6188],[1.6858,48.6203],[1.6909,48.6171],[1.6823,48.6156],[1.6868,48.6112],[1.6892,48.6115],[1.6926,48.6146],[1.6989,48.6122],[1.7048,48.6128],[1.715,48.6147],[1.7168,48.6111],[1.7185,48.61],[1.7181,48.6072],[1.7188,48.6057],[1.7136,48.5998],[1.7129,48.5973],[1.709,48.5953],[1.7053,48.5892],[1.7019,48.585],[1.71,48.5815],[1.7092,48.578],[1.7181,48.5762],[1.727,48.5726],[1.7321,48.5755],[1.7367,48.5724],[1.7426,48.5734],[1.746,48.5761],[1.7483,48.5756],[1.7533,48.5746],[1.7575,48.5751],[1.7591,48.5732],[1.7653,48.5694],[1.7628,48.5647],[1.7688,48.5585],[1.7772,48.5551],[1.778,48.5526],[1.7875,48.5538],[1.7856,48.5488],[1.7834,48.5464],[1.7839,48.5448],[1.7815,48.5407],[1.7818,48.5395],[1.7791,48.536],[1.7756,48.5277],[1.7783,48.5177],[1.7756,48.5139],[1.7771,48.5088],[1.7803,48.5093],[1.7829,48.5003],[1.789,48.5002],[1.7905,48.4971],[1.7889,48.4938],[1.7854,48.4901],[1.7921,48.488],[1.7965,48.4846],[1.7913,48.4811],[1.7951,48.4775],[1.8033,48.4725],[1.801,48.4716],[1.8032,48.4692],[1.8013,48.466],[1.8105,48.4661],[1.8202,48.4656],[1.8324,48.4675],[1.8367,48.4671],[1.8355,48.4636],[1.8394,48.4581],[1.8397,48.4523],[1.8444,48.452],[1.846,48.4472],[1.8449,48.4463],[1.8575,48.4468],[1.861,48.4443],[1.8639,48.4445],[1.8643,48.4422],[1.8694,48.4411],[1.8708,48.4398],[1.8798,48.4409],[1.8842,48.4401],[1.8877,48.4397],[1.8928,48.4404],[1.8968,48.4392],[1.9013,48.4394],[1.9043,48.4386],[1.9065,48.4398],[1.907,48.4453],[1.9116,48.4454],[1.9119,48.4478],[1.9209,48.448],[1.9231,48.4533],[1.922,48.4577],[1.9295,48.4571],[1.9277,48.4545],[1.9304,48.4536],[1.9285,48.4511],[1.9326,48.4494],[1.9315,48.4448],[1.9346,48.4438],[1.933,48.4422],[1.9357,48.441],[1.9383,48.4418],[1.9429,48.4411],[1.9363,48.4345],[1.9395,48.4342],[1.937,48.4303],[1.9378,48.4264],[1.9407,48.4258],[1.9397,48.4198],[1.9322,48.4205],[1.9321,48.4165],[1.9275,48.4166],[1.9258,48.4128],[1.9327,48.4109],[1.9283,48.4061],[1.9303,48.404],[1.9321,48.4034],[1.9435,48.4061],[1.9522,48.4063],[1.9622,48.4044],[1.9733,48.4014],[1.9782,48.4018],[1.9772,48.3996],[1.9733,48.3957],[1.9728,48.3939],[1.974,48.3901],[1.9726,48.389],[1.9697,48.3841],[1.9667,48.3806],[1.9772,48.3799],[1.98,48.3784],[1.9799,48.3747],[1.9818,48.3747],[1.9802,48.3703],[1.9824,48.3688],[1.984,48.3657],[1.9875,48.364],[1.9849,48.361],[1.9766,48.358],[1.9728,48.3559],[1.9741,48.3511],[1.9749,48.3447],[1.9699,48.3431],[1.9685,48.3414],[1.9705,48.339],[1.9824,48.3285],[1.9743,48.3233],[1.9791,48.3186],[1.9786,48.3138],[1.9742,48.3128],[1.9735,48.316],[1.9695,48.3142],[1.9592,48.3087],[1.9588,48.3066],[1.9613,48.3049],[1.9621,48.3028],[1.9652,48.2955],[1.9708,48.2969],[1.9726,48.2967],[1.9712,48.2932],[1.9738,48.2932],[1.9756,48.296],[1.9822,48.2952],[1.9804,48.2925],[1.9742,48.2929],[1.9723,48.2882],[1.9747,48.2873],[1.9806,48.287],[1.9813,48.2883],[1.9901,48.2867],[1.9938,48.2868],[2.0029,48.2863],[2.0047,48.2849],[2.0076,48.2855],[2.0201,48.2863],[2.0204,48.2879],[2.0242,48.2877],[2.0249,48.2892],[2.0343,48.2881],[2.0408,48.2846],[2.0486,48.2893],[2.0511,48.2901],[2.0527,48.2954],[2.0585,48.2947],[2.0781,48.2938],[2.0828,48.2939],[2.0894,48.2948],[2.0895,48.2977],[2.0921,48.2998],[2.0989,48.3029],[2.0993,48.3047],[2.1054,48.3077],[2.1134,48.3073],[2.1104,48.297],[2.1201,48.2977],[2.1352,48.2992],[2.1536,48.2992],[2.1618,48.2984],[2.1639,48.2984],[2.1619,48.3026],[2.1609,48.3047],[2.1556,48.3041],[2.1536,48.3083],[2.1517,48.3141],[2.1549,48.3151],[2.1692,48.3128],[2.171,48.3153],[2.1716,48.316],[2.1807,48.3116],[2.1816,48.3135],[2.1851,48.3211],[2.182,48.3241],[2.1881,48.328],[2.188,48.3324],[2.1913,48.3336],[2.2029,48.3388],[2.2052,48.3423],[2.2022,48.3446],[2.2073,48.3449],[2.2072,48.3418],[2.2126,48.3405],[2.2127,48.3375],[2.2157,48.3372],[2.2152,48.3343],[2.2178,48.3336],[2.2194,48.3354],[2.2239,48.3364],[2.2267,48.3327],[2.2292,48.3314],[2.2299,48.3293],[2.2344,48.3277],[2.2344,48.3302],[2.2378,48.3322],[2.24,48.3309],[2.2433,48.3326],[2.2462,48.3312],[2.2462,48.3296],[2.2438,48.3244],[2.238,48.3163],[2.2524,48.3166],[2.2494,48.3145],[2.2462,48.3084],[2.2467,48.3055],[2.2448,48.3016],[2.2452,48.2982],[2.2515,48.2999],[2.255,48.3015],[2.259,48.3075],[2.262,48.3069],[2.2648,48.3094],[2.2624,48.3103],[2.2668,48.3147],[2.2693,48.315],[2.2722,48.3136],[2.2724,48.3119],[2.2778,48.313],[2.2833,48.3128],[2.2859,48.3111],[2.2956,48.3079],[2.3002,48.3113],[2.2985,48.3121],[2.3036,48.3182],[2.3074,48.3242],[2.3083,48.3243],[2.3127,48.3306],[2.3171,48.3317],[2.318,48.3302],[2.3237,48.3323],[2.3245,48.3297],[2.3264,48.3297],[2.3293,48.3328],[2.3289,48.3265],[2.3345,48.3273],[2.3362,48.3263],[2.3421,48.3167],[2.346,48.3173],[2.3486,48.3152],[2.353,48.3145],[2.3581,48.3089],[2.3609,48.3091],[2.3667,48.312],[2.3696,48.3088],[2.3815,48.3116],[2.3852,48.3114],[2.3903,48.3128],[2.3944,48.3148],[2.3976,48.3149],[2.3998,48.3162],[2.3985,48.3188],[2.403,48.3206],[2.4026,48.3183],[2.4043,48.3149],[2.4098,48.3093],[2.4134,48.3068],[2.415,48.3043],[2.4203,48.2998],[2.4211,48.2962],[2.4234,48.2944],[2.4224,48.2906],[2.4233,48.2885],[2.4182,48.2809],[2.4176,48.2783],[2.4192,48.2771],[2.4178,48.2719],[2.4213,48.2679],[2.4199,48.2669],[2.4216,48.2638],[2.4235,48.2602],[2.4264,48.2599],[2.428,48.2567],[2.4324,48.2548],[2.4385,48.2547],[2.4402,48.2533],[2.4462,48.2553],[2.4501,48.2513],[2.4532,48.2501],[2.4687,48.2553],[2.4788,48.2498],[2.4761,48.2446],[2.4842,48.2389],[2.4876,48.2395],[2.4943,48.2388],[2.5063,48.2386],[2.5077,48.233],[2.5066,48.2258],[2.5104,48.2258],[2.5133,48.2245],[2.5143,48.2185],[2.5153,48.2176],[2.5141,48.2145],[2.5175,48.2144],[2.5169,48.21],[2.521,48.2066],[2.5186,48.2012],[2.5228,48.2004],[2.5229,48.1978],[2.523,48.1949],[2.52,48.194],[2.5146,48.193],[2.5137,48.1904],[2.5179,48.1903],[2.5161,48.1872],[2.5088,48.1823],[2.5072,48.1798],[2.5156,48.1746],[2.5121,48.1708],[2.5168,48.1668],[2.506,48.1565],[2.5025,48.1582],[2.488,48.1622],[2.4832,48.1646],[2.4809,48.1627],[2.4784,48.1566],[2.4719,48.1545],[2.474,48.1519],[2.4746,48.149],[2.4675,48.1483],[2.4636,48.1414],[2.4599,48.1369],[2.4547,48.1358],[2.4518,48.1344],[2.4514,48.1322],[2.444,48.1316],[2.4427,48.1258],[2.4445,48.1243],[2.449,48.1257],[2.4543,48.1224],[2.4587,48.1258],[2.4649,48.1294],[2.4681,48.1273],[2.4691,48.1294],[2.4726,48.1286],[2.4766,48.1294],[2.4902,48.1267],[2.5014,48.1265],[2.5151,48.1267],[2.5207,48.1251],[2.5222,48.1253],[2.5216,48.1276],[2.5298,48.1347],[2.5373,48.1402],[2.5426,48.1412],[2.5476,48.1408],[2.5551,48.1409],[2.5593,48.1418],[2.5706,48.1409],[2.5747,48.1313],[2.5823,48.1324],[2.603,48.1316],[2.6132,48.133],[2.6169,48.1348],[2.6223,48.1365],[2.6278,48.137],[2.6392,48.1389],[2.6439,48.1375],[2.6627,48.1223],[2.6644,48.1201],[2.6675,48.1207],[2.6715,48.1221],[2.6722,48.1243],[2.6777,48.1249],[2.6826,48.1245],[2.6878,48.125],[2.6926,48.1238],[2.6944,48.1253],[2.7033,48.1243],[2.7068,48.1255],[2.7141,48.1294],[2.718,48.1323],[2.7206,48.137],[2.7456,48.1433],[2.7499,48.1448],[2.7556,48.1459],[2.7557,48.149],[2.7536,48.1532],[2.7501,48.1556],[2.7406,48.16],[2.7367,48.1661],[2.7466,48.1637],[2.751,48.1619],[2.7528,48.1624],[2.7552,48.1602],[2.7598,48.162],[2.7584,48.1635],[2.7667,48.1648],[2.771,48.1622],[2.7756,48.1643],[2.7789,48.1674],[2.7811,48.1673],[2.7861,48.1665],[2.792,48.1645],[2.7941,48.1689],[2.7974,48.1674],[2.7999,48.1682],[2.8007,48.1648],[2.8024,48.1644],[2.8083,48.1662],[2.8103,48.1661],[2.8114,48.1637],[2.8103,48.161],[2.8034,48.1555],[2.8021,48.1551],[2.798,48.1509],[2.8012,48.1496],[2.7978,48.1448],[2.7968,48.1418],[2.7993,48.1374],[2.8007,48.1348],[2.8008,48.1316],[2.8074,48.1313],[2.8102,48.1303],[2.8139,48.1315],[2.8176,48.13],[2.8209,48.1297],[2.8242,48.1339],[2.8259,48.1332],[2.8329,48.1344],[2.8363,48.1341],[2.8409,48.1383],[2.8457,48.1398],[2.8547,48.1445],[2.8595,48.1479],[2.8631,48.1513],[2.8668,48.1562],[2.871,48.1566],[2.9,48.1596],[2.9366,48.1635],[2.9532,48.1652],[2.9543,48.1634],[2.9546,48.1597],[2.9569,48.1577],[2.9601,48.1564],[2.9637,48.1531],[2.9687,48.1529],[2.973,48.1504],[2.9763,48.1507],[2.9803,48.1499],[2.98,48.154],[2.9907,48.1527],[2.991,48.1469],[2.9932,48.1455],[2.9947,48.1416],[2.9981,48.1399],[3.0033,48.1423],[3.0039,48.1449],[3.01,48.1457],[3.0119,48.1449],[3.0219,48.135],[3.0231,48.1357],[3.0293,48.1333],[3.0223,48.1253],[3.0168,48.1179],[3.0159,48.1158],[3.0214,48.1146],[3.0323,48.1142],[3.035,48.1161],[3.0361,48.1103],[3.0372,48.1075],[3.0383,48.0988],[3.0403,48.0962],[3.0429,48.0961],[3.0429,48.0934],[3.049,48.0938],[3.0503,48.0915],[3.0499,48.0887],[3.0489,48.0838],[3.0502,48.0722],[3.0518,48.0714],[3.0608,48.0642],[3.0642,48.0639],[3.0713,48.061],[3.0747,48.0605],[3.0773,48.0612],[3.0803,48.0605],[3.0817,48.0582],[3.0883,48.0539],[3.0954,48.054],[3.0945,48.0525],[3.0898,48.0494],[3.0927,48.048],[3.0924,48.0445],[3.095,48.0443],[3.0945,48.0403],[3.0981,48.0395],[3.106,48.0357],[3.1141,48.0342],[3.1242,48.0311],[3.1242,48.031],[3.1229,48.0294],[3.12,48.0291],[3.1203,48.0256],[3.1168,48.0274],[3.1123,48.0267],[3.1087,48.0246],[3.103,48.024],[3.0995,48.0219],[3.0997,48.0192],[3.1024,48.0167],[3.1055,48.0126],[3.1107,48.011],[3.1155,48.013],[3.1175,48.012],[3.124,48.0071],[3.1245,48.0059],[3.1207,48.0028],[3.1233,48.0012],[3.1211,47.9959],[3.1231,47.991],[3.1267,47.9913],[3.1239,47.9895],[3.1217,47.9868],[3.1242,47.9837],[3.1286,47.9834],[3.1282,47.9803],[3.1284,47.9712],[3.1267,47.9681],[3.1244,47.968],[3.1147,47.9637],[3.1092,47.962],[3.1117,47.9601],[3.1117,47.9579],[3.1098,47.9563],[3.1096,47.9524],[3.1053,47.9469],[3.0984,47.9488],[3.092,47.9446],[3.0892,47.9433],[3.0841,47.9426],[3.0819,47.9373],[3.0795,47.9373],[3.0782,47.9333],[3.0785,47.9314],[3.0646,47.9305],[3.0644,47.9281],[3.0617,47.9261],[3.0509,47.9242],[3.0525,47.9208],[3.0496,47.9203],[3.0505,47.9154],[3.0505,47.9106],[3.0455,47.9098],[3.0384,47.907],[3.0361,47.9118],[3.0306,47.9079],[3.0246,47.9055],[3.0201,47.9075],[3.0157,47.9058],[3.0127,47.9063],[3.0093,47.9055],[3.0124,47.9021],[3.0117,47.901],[3.017,47.899],[3.0132,47.8959],[3.0071,47.8954],[3.0099,47.8896],[3.007,47.8839],[3.0102,47.8828],[3.0118,47.8805],[3.012,47.8775],[3.0107,47.8764],[3.0124,47.874],[3.0086,47.8728],[3.0025,47.8691],[2.9946,47.8674],[3.0013,47.8665],[3.0054,47.864],[3.0106,47.8623],[3.0232,47.861],[3.0292,47.8571],[3.0254,47.8566],[3.0288,47.854],[3.0318,47.8504],[3.0321,47.8473],[3.031,47.8443],[3.0318,47.8416],[3.0291,47.835],[3.0243,47.8359],[3.0122,47.8342],[3.0138,47.8315],[3.0133,47.8278],[3.015,47.824],[3.0139,47.8224],[3.0222,47.8179],[3.015,47.8134],[3.022,47.8127],[3.0243,47.8131],[3.0241,47.8089],[3.0261,47.8065],[3.0281,47.8012],[3.0268,47.7953],[3.0238,47.7864],[2.9999,47.7872],[2.997,47.7863],[2.9882,47.786],[2.9804,47.7825],[2.9788,47.7803],[2.9673,47.7777],[2.9616,47.7752],[2.9547,47.7756],[2.9528,47.7705],[2.9508,47.7702],[2.9497,47.7658],[2.9403,47.7654],[2.9372,47.7665],[2.9356,47.7632],[2.9304,47.7622],[2.9289,47.7639],[2.9259,47.7648],[2.9231,47.7641],[2.9162,47.7688],[2.913,47.7694],[2.9095,47.7695],[2.9084,47.7667],[2.9062,47.7674],[2.8998,47.7663],[2.8989,47.7639],[2.8906,47.7651],[2.8896,47.7639],[2.8844,47.7646],[2.8698,47.7649],[2.8614,47.7617],[2.8564,47.7618],[2.8567,47.761],[2.8519,47.7578],[2.8562,47.7538],[2.8584,47.7509],[2.8582,47.7469],[2.8547,47.7402],[2.8556,47.7397],[2.8539,47.7355],[2.8513,47.7348],[2.8501,47.7323],[2.8535,47.7293],[2.8522,47.7267],[2.8485,47.726],[2.849,47.723],[2.8524,47.7218],[2.8487,47.717],[2.8551,47.7153],[2.8588,47.7114],[2.8608,47.7102],[2.8684,47.7152],[2.8786,47.7204],[2.8818,47.7156],[2.8847,47.7139],[2.8839,47.7107],[2.8799,47.7061],[2.8792,47.7038],[2.8841,47.7021],[2.8931,47.6989],[2.8985,47.6963],[2.9037,47.6969],[2.9037,47.6951],[2.9075,47.6909],[2.9095,47.6921],[2.9141,47.6909],[2.9146,47.6877],[2.921,47.6832],[2.9264,47.6816],[2.923,47.678],[2.9202,47.6737],[2.9198,47.6705],[2.9182,47.6698],[2.9254,47.6623],[2.9266,47.659],[2.9284,47.6581],[2.9352,47.6573],[2.937,47.6592],[2.941,47.6576],[2.9423,47.6534],[2.9495,47.6497],[2.9539,47.6459],[2.9443,47.6415],[2.9445,47.6408],[2.9362,47.6364],[2.9366,47.6346],[2.9323,47.627],[2.9356,47.6264],[2.9342,47.6207],[2.9382,47.6187],[2.9373,47.6162],[2.9405,47.6143],[2.9416,47.6106],[2.9452,47.6084],[2.9361,47.5994],[2.9421,47.5988],[2.9434,47.5932],[2.9501,47.5894],[2.9531,47.5904],[2.957,47.5895],[2.963,47.584],[2.9644,47.5818],[2.9623,47.5769],[2.9656,47.5736],[2.9747,47.5736],[2.9765,47.5695],[2.9718,47.568],[2.9637,47.5642],[2.9588,47.5575],[2.9328,47.5632],[2.9251,47.5638],[2.9143,47.566],[2.9137,47.5641],[2.9101,47.5623],[2.9094,47.5596],[2.9035,47.5566],[2.8977,47.5545],[2.8945,47.5543],[2.8898,47.5527],[2.8839,47.5527],[2.8765,47.5534],[2.8739,47.5528],[2.8735,47.5494],[2.8752,47.5494],[2.8731,47.5452],[2.8681,47.5465],[2.8625,47.5464],[2.8616,47.5509],[2.86,47.5542],[2.8563,47.5516],[2.8527,47.5504],[2.8515,47.5474],[2.8449,47.5449],[2.8486,47.5377],[2.8518,47.5351],[2.8577,47.5319],[2.863,47.5278],[2.8745,47.5203],[2.879,47.5176],[2.8885,47.5094],[2.8896,47.5078],[2.8913,47.504],[2.8923,47.4991],[2.8945,47.4945],[2.8968,47.4912],[2.897,47.4851],[2.8984,47.4818],[2.9004,47.4797],[2.9057,47.4774],[2.9105,47.4743],[2.9141,47.4709],[2.9192,47.4606],[2.9198,47.4587],[2.9205,47.4564],[2.9256,47.4493],[2.9272,47.4464],[2.9308,47.4419],[2.9315,47.4399],[2.9316,47.4339],[2.9307,47.4313],[2.9249,47.4274],[2.9223,47.425],[2.9199,47.4213],[2.9198,47.4105],[2.9185,47.4055],[2.9097,47.3957],[2.9063,47.3932],[2.901,47.3854],[2.8952,47.3722],[2.8904,47.3658],[2.8859,47.36],[2.8803,47.3564],[2.8798,47.3545],[2.879,47.3531],[2.8735,47.3484],[2.8704,47.3431],[2.8695,47.3399],[2.8744,47.335],[2.8724,47.3325],[2.8739,47.3291],[2.8766,47.3219],[2.8862,47.3158],[2.8993,47.3128],[2.9078,47.311],[2.913,47.3083],[2.9169,47.3049],[2.9233,47.3008],[2.9285,47.2973],[2.9317,47.293],[2.9392,47.2866],[2.9417,47.285],[2.945,47.2847],[2.9568,47.2776],[2.9637,47.2738],[2.9735,47.2699],[2.9766,47.2679],[2.9831,47.2608],[2.9834,47.2598],[2.9818,47.2535],[2.9802,47.2479],[2.9806,47.2435],[2.978,47.2356],[2.9789,47.2296],[2.9817,47.222],[2.9873,47.2133],[2.9938,47.2067],[2.9977,47.2009],[3.0031,47.1905],[3.0064,47.1854],[3.0097,47.1791],[3.0096,47.1761],[3.0136,47.1697],[3.0159,47.1591],[3.0193,47.1563],[3.0206,47.1532],[3.0167,47.1459],[3.0165,47.1416],[3.0173,47.1395],[3.0226,47.1352],[3.025,47.1311],[3.0283,47.1284],[3.0294,47.1115],[3.03,47.1083],[3.0302,47.1072],[3.0304,47.1008],[3.0314,47.0925],[3.0299,47.0896],[3.0272,47.0873],[3.0249,47.0827],[3.0225,47.0802],[3.0195,47.0744],[3.0187,47.0708],[3.0193,47.0682],[3.0222,47.0637],[3.0262,47.0601],[3.0345,47.0563],[3.0433,47.0538],[3.0523,47.0497],[3.054,47.0483],[3.0563,47.047],[3.0627,47.0453],[3.0636,47.0462],[3.0688,47.0401],[3.0691,47.0388],[3.0748,47.03],[3.0744,47.0269],[3.0758,47.0234],[3.0757,47.0191],[3.0737,47.0124],[3.0681,47.0062],[3.0663,47.0023],[3.0653,46.9972],[3.0645,46.9957],[3.0628,46.9871],[3.0626,46.9792],[3.0666,46.9733],[3.0667,46.9713],[3.0717,46.9643],[3.0765,46.9611],[3.0793,46.9602],[3.0792,46.9543],[3.0766,46.9516],[3.0745,46.9474],[3.0691,46.943],[3.066,46.9384],[3.0646,46.9358],[3.0643,46.9324],[3.0622,46.9277],[3.0565,46.9212],[3.0539,46.9175],[3.0502,46.9097],[3.0503,46.9061],[3.0606,46.8985],[3.0611,46.8974],[3.0634,46.8899],[3.0657,46.884],[3.0668,46.8793],[3.0678,46.8781],[3.0679,46.8744],[3.0654,46.8698],[3.0653,46.8636],[3.0681,46.8574],[3.0694,46.8534],[3.0689,46.8507],[3.066,46.8466],[3.0579,46.8432],[3.0546,46.8388],[3.0585,46.8316],[3.0592,46.8266],[3.0516,46.8201],[3.0428,46.8143],[3.0392,46.8097],[3.0377,46.8084],[3.0372,46.805],[3.0326,46.8002],[3.0321,46.7949],[3.0281,46.7933],[3.0209,46.7986],[3.0178,46.7999],[3.0063,46.7987],[2.9965,46.7967],[2.9922,46.797],[2.9879,46.801],[2.9837,46.8027],[2.9777,46.8038],[2.9628,46.804],[2.9596,46.8043],[2.9585,46.8003],[2.9559,46.7974],[2.9536,46.7972],[2.953,46.791],[2.9471,46.7907],[2.9414,46.7951],[2.94,46.7932],[2.9378,46.7957],[2.9347,46.7946],[2.9315,46.7957],[2.923,46.7942],[2.9197,46.7928],[2.9133,46.791],[2.9107,46.7886],[2.9083,46.7878],[2.9089,46.784],[2.9112,46.7819],[2.911,46.7795],[2.9076,46.7789],[2.9011,46.7757],[2.8991,46.7756],[2.8961,46.7752],[2.8929,46.7726],[2.8887,46.7723],[2.8783,46.7695],[2.8762,46.7684],[2.877,46.7615],[2.8739,46.7592],[2.8702,46.7583],[2.869,46.7568],[2.8612,46.7545],[2.8446,46.7423],[2.8438,46.7389],[2.8447,46.7334],[2.8462,46.73],[2.8454,46.7267],[2.8401,46.728],[2.835,46.7279],[2.8328,46.7305],[2.8275,46.7353],[2.8149,46.7353],[2.8097,46.7333],[2.8057,46.733],[2.7951,46.7343],[2.7922,46.7341],[2.7906,46.7314],[2.7852,46.7272],[2.7856,46.7225],[2.7797,46.722],[2.776,46.7206],[2.7747,46.7189],[2.7711,46.7208],[2.7702,46.7234],[2.7663,46.7206],[2.7652,46.721],[2.7585,46.7177],[2.7549,46.7192],[2.7566,46.7248],[2.7485,46.7263],[2.744,46.7289],[2.7418,46.7348],[2.7365,46.7381],[2.7397,46.7413],[2.7348,46.7448],[2.7345,46.7462],[2.7289,46.7485],[2.7253,46.7448],[2.7185,46.7417],[2.7171,46.7444],[2.7151,46.7452],[2.7079,46.7403],[2.7048,46.739],[2.7061,46.7376],[2.7054,46.733],[2.7031,46.732],[2.7008,46.7282],[2.7069,46.7254],[2.7026,46.7215],[2.7051,46.7206],[2.7021,46.7182],[2.6998,46.7196],[2.7011,46.7211],[2.6961,46.7235],[2.6921,46.7225],[2.6915,46.7197],[2.6843,46.7218],[2.6861,46.7171],[2.6862,46.7145],[2.6835,46.7133],[2.6794,46.7128],[2.6714,46.7088],[2.6759,46.7068],[2.6778,46.7045],[2.6732,46.7018],[2.6692,46.7018],[2.6579,46.6982],[2.6544,46.6964],[2.6535,46.6933],[2.6481,46.6891],[2.6454,46.6874],[2.6445,46.6905],[2.6402,46.6903],[2.6396,46.6915],[2.6346,46.6916],[2.6282,46.6903],[2.6233,46.6896],[2.6234,46.6878],[2.6202,46.684],[2.6222,46.6825],[2.6201,46.6797],[2.6234,46.6769],[2.6251,46.6733],[2.6335,46.6756],[2.6307,46.6652],[2.6287,46.6642],[2.6283,46.6591],[2.6238,46.6567],[2.6206,46.6578],[2.6172,46.6611],[2.6071,46.6606],[2.6068,46.666],[2.6073,46.6697],[2.6045,46.6709],[2.5973,46.6647],[2.5943,46.6667],[2.592,46.6653],[2.5849,46.6643],[2.5815,46.6619],[2.5742,46.6608],[2.5706,46.6592]]]}},{"type":"Feature","properties":{"code":"27","nom":"Bourgogne-Franche-Comté","analysis_region_code":"27"},"geometry":{"type":"Polygon","coordinates":[[[4.622,48.0244],[4.6239,48.0255],[4.6346,48.0243],[4.6381,48.0255],[4.6474,48.0257],[4.6496,48.024],[4.6536,48.0226],[4.6556,48.0203],[4.6559,48.017],[4.6654,48.021],[4.6708,48.0153],[4.6733,48.0153],[4.6784,48.0169],[4.6874,48.021],[4.6988,48.0239],[4.7007,48.0235],[4.7043,48.0203],[4.7083,48.0168],[4.7108,48.0156],[4.7162,48.0114],[4.7199,48.0091],[4.733,48.0065],[4.7353,48.0056],[4.7421,48.0046],[4.7493,48.0042],[4.7673,48.0058],[4.7731,48.005],[4.7777,48.007],[4.782,48.0073],[4.7868,48.0068],[4.7895,48.0081],[4.7938,48.003],[4.793,48.0004],[4.7932,47.9965],[4.7957,47.9964],[4.7968,47.9945],[4.8021,47.993],[4.8106,47.9887],[4.8082,47.9867],[4.8013,47.9848],[4.7946,47.9845],[4.7875,47.9714],[4.7861,47.9715],[4.7848,47.9682],[4.7865,47.9642],[4.7911,47.9654],[4.7934,47.9624],[4.7979,47.9629],[4.8021,47.9626],[4.809,47.9616],[4.8114,47.9594],[4.816,47.9594],[4.8201,47.9611],[4.8178,47.9639],[4.8198,47.9645],[4.8275,47.9609],[4.8384,47.9605],[4.8452,47.9612],[4.8561,47.9533],[4.8604,47.9488],[4.8651,47.9417],[4.8661,47.9405],[4.8634,47.9384],[4.86,47.9371],[4.8564,47.9342],[4.8555,47.9321],[4.8521,47.93],[4.8472,47.929],[4.8464,47.9274],[4.847,47.9215],[4.8435,47.921],[4.8397,47.9228],[4.8349,47.9189],[4.8309,47.9175],[4.8289,47.9151],[4.8294,47.9124],[4.8313,47.9094],[4.834,47.9068],[4.8413,47.9036],[4.8451,47.9012],[4.8568,47.8956],[4.8604,47.8963],[4.8616,47.8999],[4.8592,47.9018],[4.8626,47.9062],[4.8694,47.9131],[4.8708,47.9153],[4.8692,47.9177],[4.877,47.9205],[4.8888,47.922],[4.8943,47.923],[4.9029,47.921],[4.9037,47.9177],[4.906,47.9165],[4.9059,47.9143],[4.9076,47.912],[4.9121,47.9086],[4.914,47.9056],[4.9138,47.9018],[4.9154,47.8978],[4.9194,47.8944],[4.9258,47.8912],[4.9286,47.8862],[4.9271,47.8788],[4.9294,47.8775],[4.93,47.875],[4.9275,47.8715],[4.9369,47.8693],[4.9402,47.867],[4.9454,47.8662],[4.9541,47.8668],[4.9556,47.8628],[4.9601,47.8578],[4.9634,47.8522],[4.963,47.8485],[4.9601,47.8456],[4.9612,47.8439],[4.9604,47.8394],[4.963,47.8386],[4.9662,47.8394],[4.9686,47.8367],[4.9683,47.8319],[4.9733,47.8312],[4.982,47.8298],[4.9847,47.8289],[4.9843,47.8243],[4.985,47.8253],[4.986,47.8225],[4.9941,47.8197],[4.9904,47.8195],[4.9891,47.8175],[4.9927,47.8154],[4.9913,47.811],[4.9882,47.8089],[4.9915,47.8079],[4.9885,47.8039],[4.9844,47.8019],[4.9824,47.7998],[4.9777,47.8002],[4.9763,47.799],[4.9695,47.7971],[4.9645,47.7953],[4.9576,47.7906],[4.9552,47.7896],[4.9455,47.7862],[4.9431,47.7857],[4.9371,47.7829],[4.9272,47.7813],[4.922,47.7797],[4.918,47.7771],[4.9239,47.7753],[4.9238,47.7734],[4.9208,47.7728],[4.9209,47.7672],[4.9169,47.7668],[4.9197,47.7658],[4.9236,47.766],[4.9267,47.7648],[4.9246,47.7618],[4.9257,47.7602],[4.9307,47.7613],[4.94,47.7622],[4.9444,47.764],[4.945,47.7663],[4.9489,47.7659],[4.9508,47.7626],[4.9544,47.7627],[4.959,47.7619],[4.959,47.7552],[4.9599,47.7515],[4.9639,47.747],[4.9661,47.7406],[4.9587,47.7347],[4.9605,47.7328],[4.9648,47.7355],[4.9698,47.7356],[4.9715,47.7311],[4.9707,47.7276],[4.9635,47.7222],[4.9637,47.7188],[4.9658,47.7152],[4.9644,47.7134],[4.9604,47.7117],[4.9569,47.709],[4.9538,47.7069],[4.9546,47.7012],[4.9583,47.6997],[4.9595,47.6972],[4.972,47.6916],[4.9724,47.6902],[4.9686,47.6873],[4.9691,47.6858],[4.9746,47.6871],[4.9797,47.6863],[4.9826,47.6885],[4.9866,47.6888],[4.9923,47.6883],[4.9974,47.6905],[5,47.6932],[5.0036,47.6937],[5.0025,47.6966],[5.0041,47.7004],[5.0081,47.7014],[5.0139,47.7037],[5.0152,47.7061],[5.0177,47.7046],[5.0226,47.707],[5.0248,47.7093],[5.0292,47.7099],[5.0337,47.7079],[5.032,47.7035],[5.0339,47.7016],[5.0291,47.6975],[5.0288,47.6933],[5.0328,47.6923],[5.0375,47.6924],[5.0417,47.6934],[5.0535,47.6942],[5.0557,47.6974],[5.0608,47.6948],[5.0574,47.6905],[5.0525,47.688],[5.0532,47.6866],[5.0499,47.6797],[5.0444,47.6774],[5.0461,47.6756],[5.0509,47.6726],[5.0534,47.6684],[5.0562,47.6686],[5.0618,47.6673],[5.0657,47.6671],[5.0692,47.6686],[5.0715,47.6642],[5.0761,47.6654],[5.0785,47.6634],[5.0791,47.6595],[5.0837,47.6604],[5.0861,47.6566],[5.0887,47.6575],[5.0947,47.6575],[5.1015,47.6596],[5.104,47.6588],[5.1034,47.6541],[5.1089,47.6497],[5.1119,47.65],[5.1166,47.6519],[5.1174,47.6494],[5.1216,47.6495],[5.1226,47.6471],[5.1254,47.6468],[5.1292,47.6482],[5.1332,47.6512],[5.1386,47.6509],[5.1361,47.6536],[5.1428,47.6557],[5.1444,47.6587],[5.1478,47.6609],[5.1494,47.6636],[5.1565,47.6682],[5.1571,47.6709],[5.1594,47.6727],[5.161,47.6755],[5.1605,47.6781],[5.1616,47.6804],[5.1685,47.6804],[5.1784,47.681],[5.1793,47.6793],[5.1777,47.6772],[5.1756,47.6689],[5.1733,47.6665],[5.1746,47.6563],[5.1732,47.6534],[5.1746,47.6515],[5.1804,47.65],[5.1884,47.6496],[5.1886,47.6496],[5.1982,47.6444],[5.2023,47.6443],[5.2114,47.6419],[5.2152,47.639],[5.2178,47.6351],[5.2228,47.6317],[5.2302,47.6295],[5.2292,47.6256],[5.2339,47.6237],[5.2374,47.6209],[5.2369,47.6168],[5.239,47.6161],[5.2429,47.6182],[5.249,47.6216],[5.2557,47.6231],[5.2587,47.6222],[5.2545,47.6175],[5.2381,47.5965],[5.2415,47.5948],[5.2476,47.5898],[5.2488,47.5858],[5.2509,47.5841],[5.2509,47.582],[5.2532,47.5787],[5.2531,47.5769],[5.2562,47.5766],[5.2605,47.5787],[5.2685,47.5815],[5.2717,47.5805],[5.2779,47.5816],[5.2784,47.5844],[5.2777,47.5901],[5.2808,47.5926],[5.2852,47.595],[5.294,47.5979],[5.2956,47.5999],[5.2995,47.6025],[5.2982,47.6043],[5.3063,47.6073],[5.3131,47.606],[5.3178,47.6077],[5.3185,47.61],[5.3225,47.6124],[5.3353,47.61],[5.3392,47.6095],[5.3398,47.6072],[5.3427,47.6049],[5.3455,47.6047],[5.3431,47.5997],[5.3407,47.5962],[5.3441,47.5962],[5.3542,47.5918],[5.3557,47.5917],[5.3568,47.5938],[5.3593,47.5937],[5.3626,47.5987],[5.364,47.5986],[5.3668,47.6049],[5.3698,47.6055],[5.3738,47.6045],[5.3714,47.6147],[5.3736,47.6164],[5.3723,47.6185],[5.3777,47.6252],[5.3814,47.6283],[5.383,47.6316],[5.3857,47.6351],[5.3917,47.6395],[5.3964,47.6423],[5.3996,47.643],[5.4057,47.6469],[5.4056,47.6481],[5.4002,47.6485],[5.3988,47.6531],[5.4027,47.6567],[5.4065,47.6735],[5.4112,47.6745],[5.4202,47.6777],[5.4298,47.6742],[5.4311,47.6728],[5.4352,47.671],[5.4395,47.6714],[5.4439,47.6706],[5.4485,47.6718],[5.4587,47.6736],[5.462,47.6729],[5.4646,47.6741],[5.4714,47.6756],[5.4745,47.6808],[5.4805,47.6831],[5.4828,47.6846],[5.487,47.6835],[5.501,47.6782],[5.5031,47.677],[5.5071,47.6766],[5.5101,47.6742],[5.5166,47.6741],[5.5267,47.6728],[5.5299,47.673],[5.5309,47.6752],[5.5337,47.6765],[5.5376,47.6798],[5.5408,47.6842],[5.5504,47.6924],[5.5583,47.6973],[5.5593,47.6993],[5.5644,47.7026],[5.5668,47.705],[5.5674,47.7072],[5.5705,47.7067],[5.5719,47.7056],[5.5766,47.7047],[5.5817,47.7031],[5.582,47.7014],[5.5844,47.6989],[5.585,47.6953],[5.5846,47.691],[5.5917,47.6842],[5.5924,47.6777],[5.5968,47.672],[5.6009,47.6752],[5.6061,47.6752],[5.6089,47.6736],[5.6169,47.6735],[5.6296,47.6769],[5.6341,47.6772],[5.6403,47.676],[5.6442,47.6768],[5.6483,47.6754],[5.6532,47.6772],[5.6594,47.6812],[5.6597,47.6847],[5.6644,47.6843],[5.6674,47.6855],[5.672,47.682],[5.6756,47.6822],[5.6763,47.6835],[5.681,47.6866],[5.6858,47.6831],[5.6877,47.6858],[5.6911,47.6847],[5.6937,47.6905],[5.695,47.6944],[5.6929,47.6989],[5.6935,47.7048],[5.6918,47.707],[5.6842,47.7123],[5.6857,47.7152],[5.6835,47.7168],[5.6883,47.7194],[5.6851,47.7228],[5.6895,47.7231],[5.6959,47.7252],[5.6887,47.7305],[5.6896,47.7344],[5.6919,47.7369],[5.6992,47.7403],[5.7064,47.7424],[5.7094,47.7451],[5.7062,47.7512],[5.7061,47.7527],[5.7089,47.7565],[5.7077,47.7617],[5.709,47.7639],[5.7075,47.7676],[5.7022,47.77],[5.6958,47.7705],[5.6889,47.7689],[5.684,47.7692],[5.68,47.7701],[5.6821,47.7755],[5.6796,47.7782],[5.6764,47.7791],[5.6778,47.782],[5.6773,47.785],[5.6784,47.788],[5.6786,47.7931],[5.6812,47.7977],[5.6821,47.8043],[5.6818,47.8093],[5.6854,47.8128],[5.6898,47.8169],[5.69,47.8193],[5.6927,47.8218],[5.7,47.8239],[5.7052,47.8219],[5.7091,47.8221],[5.7136,47.8215],[5.7244,47.8203],[5.7279,47.8184],[5.7314,47.8176],[5.7362,47.8177],[5.742,47.8194],[5.7461,47.8236],[5.7452,47.8267],[5.747,47.8282],[5.7512,47.829],[5.7473,47.8314],[5.7459,47.8375],[5.7481,47.8385],[5.7467,47.8413],[5.7436,47.8423],[5.7455,47.8441],[5.7442,47.8489],[5.7497,47.8525],[5.7534,47.8518],[5.7559,47.8533],[5.7612,47.8593],[5.7636,47.859],[5.7675,47.8558],[5.7748,47.858],[5.7804,47.8561],[5.7866,47.8552],[5.7989,47.8557],[5.7959,47.8469],[5.8056,47.8473],[5.8098,47.8486],[5.8155,47.8488],[5.8224,47.851],[5.8242,47.8523],[5.8284,47.8519],[5.8262,47.8542],[5.818,47.852],[5.8178,47.8533],[5.8246,47.8557],[5.8281,47.858],[5.8247,47.8594],[5.8246,47.8611],[5.8222,47.8646],[5.8239,47.8659],[5.8206,47.8691],[5.8245,47.8727],[5.8311,47.8805],[5.8349,47.8823],[5.8367,47.8853],[5.8375,47.8912],[5.8428,47.8944],[5.8451,47.8971],[5.8458,47.8993],[5.8482,47.9009],[5.848,47.9035],[5.8516,47.906],[5.8563,47.9038],[5.863,47.9026],[5.8651,47.9028],[5.87,47.9007],[5.8735,47.9005],[5.8808,47.9018],[5.8823,47.8998],[5.8867,47.9028],[5.8906,47.9101],[5.8895,47.9133],[5.8869,47.9144],[5.8896,47.9206],[5.8834,47.9215],[5.8836,47.9249],[5.8847,47.9262],[5.8905,47.9275],[5.8953,47.9303],[5.8977,47.9309],[5.8955,47.9353],[5.8929,47.9371],[5.8952,47.9405],[5.9002,47.9445],[5.9078,47.9464],[5.918,47.9474],[5.9175,47.9506],[5.9205,47.9566],[5.9188,47.9669],[5.9213,47.971],[5.9274,47.9744],[5.9327,47.9774],[5.9369,47.979],[5.9475,47.9797],[5.9501,47.9755],[5.9495,47.9729],[5.9588,47.9705],[5.9597,47.9666],[5.9564,47.9645],[5.9538,47.961],[5.9518,47.9611],[5.9466,47.957],[5.9465,47.9552],[5.9418,47.9524],[5.9378,47.9509],[5.9373,47.9479],[5.934,47.9455],[5.9317,47.9406],[5.9287,47.9381],[5.9422,47.9364],[5.9475,47.9362],[5.9494,47.9354],[5.9556,47.9383],[5.9637,47.9458],[5.969,47.9475],[5.9706,47.9535],[5.9705,47.9572],[5.9756,47.958],[5.978,47.9571],[5.982,47.9579],[5.984,47.9562],[5.9873,47.9582],[5.9894,47.9566],[5.9924,47.9581],[5.9958,47.9583],[5.997,47.957],[6.0023,47.9561],[6.0053,47.9578],[6.0093,47.9615],[6.0062,47.964],[6.0095,47.9671],[6.0121,47.9718],[6.0163,47.9704],[6.0173,47.9725],[6.0206,47.9759],[6.023,47.9771],[6.0261,47.9814],[6.0224,47.9815],[6.0182,47.9842],[6.019,47.9875],[6.0248,47.9872],[6.0249,47.9918],[6.0322,47.9906],[6.0306,47.9946],[6.0325,47.9991],[6.0372,48.0015],[6.0411,48.0045],[6.0557,48.0088],[6.0695,48.0139],[6.0732,48.0159],[6.0809,48.0129],[6.0856,48.0135],[6.0977,48.015],[6.1094,48.0126],[6.1137,48.0177],[6.1173,48.0199],[6.1216,48.0201],[6.1313,48.0241],[6.1344,48.0201],[6.1386,48.0172],[6.1459,48.0158],[6.1484,48.0144],[6.1521,48.0095],[6.1562,48.0068],[6.1552,48.0027],[6.1532,48.0007],[6.1528,47.9961],[6.1534,47.9936],[6.1577,47.992],[6.1597,47.9923],[6.1607,47.9895],[6.1574,47.9842],[6.162,47.9784],[6.1651,47.976],[6.1627,47.9727],[6.1607,47.973],[6.1545,47.9719],[6.1502,47.9701],[6.1497,47.9657],[6.1554,47.9645],[6.1573,47.9678],[6.1608,47.9648],[6.1612,47.9583],[6.1621,47.9568],[6.168,47.9524],[6.1739,47.9522],[6.182,47.9563],[6.1866,47.9535],[6.192,47.9537],[6.1974,47.9518],[6.1971,47.9474],[6.2006,47.948],[6.208,47.9468],[6.207,47.9435],[6.208,47.9425],[6.2087,47.9396],[6.2057,47.9352],[6.2052,47.932],[6.2143,47.9304],[6.2192,47.9357],[6.238,47.9328],[6.2387,47.9371],[6.2432,47.9396],[6.2509,47.9392],[6.263,47.9461],[6.2755,47.9524],[6.2773,47.9538],[6.2847,47.9547],[6.2872,47.9555],[6.2944,47.9558],[6.301,47.9538],[6.3073,47.9501],[6.3201,47.9498],[6.324,47.9484],[6.329,47.9535],[6.3347,47.9559],[6.339,47.9544],[6.3446,47.9543],[6.3483,47.9567],[6.3564,47.9591],[6.3588,47.9578],[6.3609,47.9585],[6.3615,47.9613],[6.365,47.9626],[6.37,47.9609],[6.3762,47.9598],[6.378,47.9588],[6.3852,47.9586],[6.3891,47.9607],[6.3922,47.9562],[6.3945,47.955],[6.399,47.9553],[6.4054,47.9531],[6.4058,47.9496],[6.4074,47.9485],[6.4073,47.9448],[6.4083,47.9433],[6.4152,47.9434],[6.4178,47.9427],[6.4256,47.9439],[6.4316,47.9439],[6.4348,47.9429],[6.4363,47.9365],[6.4411,47.9331],[6.4411,47.9314],[6.4481,47.9263],[6.4476,47.9234],[6.4492,47.9217],[6.4529,47.92],[6.4578,47.9205],[6.4588,47.9186],[6.4634,47.9141],[6.4604,47.9135],[6.456,47.9068],[6.4583,47.9058],[6.4615,47.902],[6.4623,47.8994],[6.4702,47.8946],[6.4776,47.8919],[6.4741,47.891],[6.4783,47.8854],[6.4854,47.8888],[6.4939,47.8921],[6.5032,47.8962],[6.51,47.8975],[6.5195,47.8999],[6.5349,47.9014],[6.5379,47.9025],[6.542,47.9025],[6.544,47.9031],[6.544,47.9084],[6.5454,47.9095],[6.5524,47.9117],[6.552,47.9155],[6.5582,47.923],[6.5583,47.9232],[6.5609,47.9282],[6.5634,47.9314],[6.5683,47.9345],[6.5764,47.9367],[6.5838,47.9401],[6.589,47.9417],[6.6013,47.9445],[6.6041,47.9448],[6.6073,47.9425],[6.613,47.9359],[6.6165,47.9327],[6.6221,47.9303],[6.6274,47.9301],[6.6307,47.9276],[6.629,47.9252],[6.634,47.9208],[6.6416,47.9188],[6.6419,47.9178],[6.6393,47.9103],[6.6451,47.9041],[6.6506,47.9016],[6.6548,47.9011],[6.6583,47.8985],[6.6621,47.8977],[6.6669,47.8938],[6.6709,47.8931],[6.6763,47.8903],[6.6834,47.8904],[6.6868,47.8883],[6.6918,47.8859],[6.6969,47.8828],[6.7037,47.8814],[6.7062,47.8786],[6.7104,47.8759],[6.7158,47.8734],[6.7194,47.8727],[6.7242,47.8699],[6.7293,47.8688],[6.7305,47.8664],[6.7354,47.8651],[6.7372,47.8649],[6.7383,47.8613],[6.7411,47.8619],[6.7466,47.8607],[6.7533,47.8587],[6.756,47.8592],[6.7639,47.8574],[6.7645,47.8535],[6.7702,47.852],[6.7798,47.8508],[6.7826,47.8513],[6.785,47.8496],[6.788,47.8455],[6.7922,47.8422],[6.7904,47.8362],[6.7888,47.835],[6.7887,47.8338],[6.7921,47.8305],[6.7928,47.8297],[6.7999,47.8278],[6.8003,47.8266],[6.8111,47.82],[6.8173,47.8186],[6.8236,47.8133],[6.8238,47.8143],[6.834,47.8186],[6.8355,47.8215],[6.8394,47.8247],[6.8423,47.8251],[6.8459,47.8229],[6.841,47.819],[6.843,47.8128],[6.8506,47.8068],[6.8482,47.8043],[6.8489,47.8018],[6.8516,47.798],[6.8549,47.7957],[6.86,47.7943],[6.8621,47.7921],[6.8607,47.7896],[6.8627,47.7855],[6.8654,47.7849],[6.866,47.7839],[6.872,47.7818],[6.8772,47.7824],[6.8818,47.7821],[6.8919,47.7787],[6.893,47.7776],[6.9023,47.7766],[6.9077,47.7777],[6.9114,47.7781],[6.9168,47.7758],[6.9223,47.7724],[6.9228,47.7719],[6.9255,47.7696],[6.9318,47.7697],[6.9344,47.7715],[6.94,47.7717],[6.9435,47.7666],[6.9459,47.7654],[6.9522,47.7644],[6.9544,47.7612],[6.9598,47.7596],[6.9642,47.756],[6.9706,47.7542],[6.9722,47.7516],[6.9749,47.751],[6.9811,47.7514],[6.9852,47.7491],[6.9953,47.7462],[6.999,47.746],[7.0062,47.7431],[7.0129,47.7414],[7.0158,47.7438],[7.0194,47.7366],[7.021,47.7346],[7.0325,47.7261],[7.0352,47.7246],[7.0378,47.7216],[7.0359,47.7214],[7.0375,47.7176],[7.0345,47.7163],[7.0275,47.7053],[7.0265,47.701],[7.0305,47.6997],[7.0338,47.6997],[7.0329,47.6954],[7.0373,47.6947],[7.0382,47.6926],[7.0364,47.6922],[7.0386,47.6878],[7.0411,47.6858],[7.0481,47.6845],[7.0475,47.6827],[7.0427,47.6811],[7.0429,47.6795],[7.0389,47.6785],[7.0375,47.6754],[7.0414,47.6724],[7.0461,47.6714],[7.0437,47.6685],[7.0414,47.6674],[7.0408,47.6652],[7.0352,47.6635],[7.0349,47.6601],[7.0393,47.6505],[7.0359,47.6495],[7.031,47.65],[7.0246,47.6497],[7.0189,47.6509],[7.0173,47.6495],[7.0166,47.6454],[7.0185,47.641],[7.0133,47.6401],[7.0125,47.638],[7.016,47.6359],[7.0135,47.6348],[7.0144,47.6327],[7.0126,47.6314],[7.0168,47.6271],[7.0143,47.6258],[7.0105,47.6303],[7.0059,47.6289],[7.0066,47.6264],[7.0077,47.6194],[7.005,47.6196],[7.0073,47.6144],[7.0064,47.6123],[7.0103,47.6047],[7.0057,47.6021],[7.0091,47.5995],[7.012,47.6004],[7.0195,47.5959],[7.0216,47.5937],[7.0203,47.5924],[7.0158,47.5919],[7.0196,47.5886],[7.0248,47.5892],[7.0255,47.5927],[7.0344,47.5941],[7.0398,47.6011],[7.0413,47.6006],[7.0463,47.601],[7.0476,47.5987],[7.0519,47.6005],[7.0544,47.5986],[7.0581,47.5991],[7.0643,47.6012],[7.0668,47.5997],[7.0704,47.6007],[7.0696,47.5975],[7.0715,47.5965],[7.0741,47.5989],[7.0742,47.5989],[7.0782,47.5969],[7.0809,47.5962],[7.0818,47.5939],[7.0853,47.5932],[7.0873,47.5896],[7.0865,47.5855],[7.0889,47.5838],[7.0907,47.5792],[7.0919,47.5788],[7.0941,47.5735],[7.0995,47.5728],[7.1054,47.5691],[7.1061,47.5661],[7.1083,47.5639],[7.1079,47.5587],[7.1073,47.5561],[7.1082,47.5521],[7.1057,47.5516],[7.1101,47.5491],[7.1189,47.5476],[7.1229,47.5437],[7.1276,47.5427],[7.1316,47.5403],[7.133,47.5395],[7.1358,47.5369],[7.1373,47.534],[7.1364,47.5321],[7.1381,47.5306],[7.1383,47.5277],[7.142,47.5252],[7.1434,47.5246],[7.1394,47.5193],[7.1378,47.5106],[7.1342,47.505],[7.1303,47.5029],[7.1266,47.5026],[7.1157,47.4963],[7.1125,47.4951],[7.1,47.4943],[7.0969,47.4952],[7.0914,47.4947],[7.0814,47.4897],[7.0749,47.4882],[7.0725,47.4897],[7.0721,47.4924],[7.0608,47.4954],[7.0524,47.4951],[7.0445,47.4984],[7.0369,47.4975],[7.0366,47.4992],[7.0342,47.4992],[7.0291,47.5015],[7.0276,47.5013],[7.0249,47.5043],[7.0202,47.5044],[7.0037,47.5007],[6.9959,47.4973],[6.9883,47.4948],[6.986,47.4933],[6.9829,47.4943],[6.9857,47.4926],[6.9886,47.4869],[6.9886,47.481],[6.9864,47.4763],[6.9883,47.4731],[6.9932,47.4707],[6.9908,47.4676],[6.9917,47.4664],[7.0005,47.4672],[6.9998,47.465],[7.0013,47.4619],[6.9982,47.4597],[6.9975,47.4564],[7.0014,47.456],[7.0022,47.4542],[6.9959,47.4496],[6.9902,47.448],[6.9841,47.4482],[6.981,47.4492],[6.9734,47.4472],[6.9703,47.4471],[6.9663,47.4377],[6.9637,47.4358],[6.9576,47.4338],[6.955,47.4353],[6.9403,47.4333],[6.9415,47.4157],[6.9409,47.4116],[6.9384,47.4061],[6.9241,47.4058],[6.9172,47.4053],[6.9173,47.4027],[6.9155,47.3972],[6.9095,47.3962],[6.9116,47.3938],[6.9114,47.3907],[6.9139,47.3893],[6.9121,47.3862],[6.9039,47.3826],[6.8951,47.3817],[6.8958,47.3799],[6.8885,47.3765],[6.8836,47.3729],[6.8849,47.3674],[6.8825,47.3612],[6.8794,47.3578],[6.8796,47.3525],[6.8838,47.3525],[6.8949,47.3567],[6.8963,47.3585],[6.8996,47.3577],[6.9012,47.3589],[6.9038,47.3595],[6.9153,47.3576],[6.9196,47.3553],[6.9241,47.3552],[6.9331,47.3584],[6.9355,47.3576],[6.9428,47.3577],[6.9464,47.3593],[6.9524,47.359],[6.961,47.3593],[6.9642,47.3603],[6.9659,47.3592],[6.9719,47.3608],[6.9746,47.3601],[6.9825,47.3633],[6.9893,47.3636],[6.9943,47.3632],[6.9988,47.3645],[7.0074,47.3681],[7.0118,47.3727],[7.0182,47.3726],[7.0201,47.3703],[7.0294,47.3691],[7.0341,47.3697],[7.0348,47.3633],[7.0431,47.3643],[7.0499,47.3614],[7.0501,47.359],[7.0519,47.3566],[7.0528,47.3513],[7.0505,47.3499],[7.0499,47.3477],[7.0559,47.3472],[7.0624,47.3441],[7.0598,47.3398],[7.0544,47.3383],[7.0529,47.3367],[7.0536,47.3349],[7.057,47.3344],[7.0456,47.3265],[7.0433,47.3264],[7.0338,47.3283],[7.0307,47.3269],[7.0261,47.3262],[7.0162,47.3254],[7.01,47.3245],[7.0093,47.3203],[7.013,47.3202],[7.0162,47.3147],[7.0134,47.3092],[7.011,47.3081],[7.0098,47.3028],[7.0076,47.301],[7.0037,47.3016],[6.9996,47.2978],[6.996,47.2957],[6.988,47.2966],[6.9837,47.2954],[6.9766,47.2963],[6.9752,47.292],[6.9724,47.2913],[6.9685,47.2927],[6.9626,47.2915],[6.9534,47.2922],[6.9478,47.291],[6.9455,47.2893],[6.941,47.2867],[6.9411,47.2848],[6.9455,47.2809],[6.9451,47.2792],[6.952,47.2699],[6.9501,47.2659],[6.9517,47.262],[6.9496,47.2565],[6.9467,47.2543],[6.9475,47.2503],[6.9521,47.2474],[6.9556,47.243],[6.9517,47.2418],[6.9484,47.2394],[6.9431,47.2379],[6.9428,47.2345],[6.9408,47.2315],[6.939,47.2307],[6.9329,47.2307],[6.9277,47.2285],[6.9273,47.2258],[6.9239,47.2221],[6.9211,47.2206],[6.913,47.2183],[6.9098,47.218],[6.9071,47.2147],[6.9014,47.2121],[6.8984,47.2099],[6.8934,47.2078],[6.8893,47.2047],[6.8852,47.2032],[6.8807,47.2005],[6.8787,47.1962],[6.8741,47.191],[6.8743,47.1858],[6.8718,47.1849],[6.8673,47.1853],[6.8652,47.1815],[6.8613,47.1795],[6.8531,47.1766],[6.8407,47.1708],[6.8433,47.1672],[6.8476,47.166],[6.8535,47.1668],[6.8582,47.1657],[6.8583,47.1643],[6.8515,47.1591],[6.8499,47.1564],[6.8403,47.1538],[6.8399,47.1506],[6.8304,47.1462],[6.8284,47.1465],[6.8264,47.1442],[6.8246,47.142],[6.8206,47.1406],[6.8173,47.1377],[6.8143,47.1355],[6.8092,47.1357],[6.8074,47.1345],[6.806,47.1307],[6.8019,47.1294],[6.7965,47.129],[6.7917,47.1268],[6.7823,47.1242],[6.7792,47.1237],[6.7747,47.1211],[6.7674,47.1211],[6.7637,47.12],[6.7565,47.117],[6.7517,47.1144],[6.7463,47.1098],[6.7441,47.1096],[6.7405,47.1096],[6.74,47.108],[6.742,47.1035],[6.7464,47.0997],[6.7464,47.097],[6.7447,47.093],[6.7416,47.0909],[6.7352,47.0896],[6.7296,47.09],[6.7266,47.0919],[6.7223,47.0895],[6.7151,47.0884],[6.7079,47.0832],[6.7037,47.0825],[6.7036,47.0806],[6.7067,47.08],[6.7074,47.0783],[6.7052,47.0761],[6.7066,47.0747],[6.7031,47.0732],[6.7001,47.0697],[6.6934,47.0689],[6.6915,47.0667],[6.6995,47.0613],[6.7019,47.0586],[6.705,47.059],[6.7086,47.0581],[6.7122,47.0535],[6.7196,47.052],[6.7192,47.0512],[6.7115,47.048],[6.7088,47.045],[6.7058,47.0443],[6.6965,47.0373],[6.6856,47.0374],[6.6779,47.0355],[6.6689,47.0319],[6.6591,47.0273],[6.6536,47.0223],[6.6484,47.0146],[6.646,47.0096],[6.6404,47.0028],[6.6336,46.9982],[6.6276,46.9964],[6.618,46.9916],[6.6105,46.9907],[6.6057,46.9909],[6.6,46.9925],[6.5962,46.9924],[6.5928,46.9914],[6.5843,46.9875],[6.579,46.9849],[6.5719,46.982],[6.5686,46.9815],[6.5625,46.9794],[6.558,46.979],[6.553,46.9779],[6.5373,46.9735],[6.5239,46.972],[6.5173,46.9706],[6.5104,46.9675],[6.5048,46.9657],[6.4965,46.9741],[6.4892,46.9693],[6.4857,46.9675],[6.4777,46.9618],[6.4727,46.9569],[6.4695,46.9532],[6.4664,46.9512],[6.4623,46.9471],[6.4603,46.9438],[6.4497,46.936],[6.4448,46.9334],[6.4391,46.9308],[6.4327,46.9287],[6.4359,46.9216],[6.4416,46.9176],[6.4477,46.9112],[6.4579,46.9008],[6.4646,46.8904],[6.4614,46.8623],[6.46,46.8513],[6.4432,46.8327],[6.4395,46.824],[6.4408,46.8158],[6.431,46.8124],[6.4348,46.8015],[6.4415,46.7978],[6.4584,46.7888],[6.4517,46.7786],[6.4523,46.7742],[6.4489,46.7733],[6.4384,46.7667],[6.4382,46.7618],[6.4303,46.7568],[6.4246,46.7545],[6.4193,46.7531],[6.3952,46.7485],[6.3884,46.7433],[6.3912,46.7411],[6.392,46.739],[6.3894,46.7351],[6.3839,46.731],[6.379,46.7304],[6.3748,46.7311],[6.371,46.7307],[6.3717,46.7241],[6.3651,46.7226],[6.3602,46.7231],[6.3573,46.7197],[6.3538,46.7182],[6.3521,46.7149],[6.3494,46.7144],[6.3412,46.7101],[6.3271,46.7062],[6.3251,46.7065],[6.3156,46.7026],[6.2982,46.6948],[6.2925,46.6931],[6.282,46.6907],[6.279,46.6875],[6.2705,46.6832],[6.2691,46.6825],[6.2673,46.6762],[6.2573,46.6698],[6.2423,46.6609],[6.2381,46.6576],[6.2328,46.6545],[6.2276,46.6482],[6.2238,46.6462],[6.219,46.6451],[6.2174,46.6423],[6.2127,46.6407],[6.213,46.6401],[6.2074,46.6356],[6.204,46.6363],[6.2006,46.6336],[6.1965,46.6287],[6.1908,46.6255],[6.1856,46.6237],[6.1834,46.6214],[6.1795,46.6201],[6.179,46.6158],[6.1751,46.614],[6.1653,46.6101],[6.1612,46.61],[6.1538,46.604],[6.148,46.6022],[6.1418,46.5981],[6.1396,46.5976],[6.1299,46.5916],[6.1265,46.5899],[6.1239,46.5874],[6.1219,46.584],[6.115,46.5799],[6.1105,46.5764],[6.138,46.5578],[6.1567,46.5453],[6.1486,46.5394],[6.1535,46.5368],[6.1437,46.5277],[6.138,46.531],[6.1208,46.517],[6.1126,46.5096],[6.11,46.5041],[6.1036,46.4941],[6.099,46.4845],[6.0969,46.4813],[6.0855,46.4736],[6.0769,46.4674],[6.0728,46.4654],[6.0739,46.4635],[6.0735,46.4599],[6.0769,46.4576],[6.0744,46.4535],[6.0786,46.4504],[6.0844,46.4474],[6.0863,46.4435],[6.0856,46.4408],[6.0746,46.4322],[6.0739,46.4284],[6.0706,46.4255],[6.0639,46.4164],[6.0601,46.4179],[6.0557,46.4158],[6.0528,46.4117],[6.0519,46.4097],[6.0475,46.405],[6.0445,46.4027],[6.042,46.3987],[6.0376,46.3956],[6.0359,46.3917],[6.0287,46.3871],[6.026,46.3844],[6.0218,46.3836],[6.0173,46.3806],[6.0147,46.3764],[6.008,46.3742],[6.0061,46.3722],[6.0019,46.3708],[5.9939,46.3667],[5.9885,46.3647],[5.9841,46.3639],[5.9798,46.3542],[5.9752,46.3503],[5.973,46.3478],[5.9673,46.3432],[5.9649,46.3377],[5.9626,46.3372],[5.9616,46.3351],[5.9589,46.333],[5.9576,46.3295],[5.9557,46.3291],[5.9503,46.3213],[5.9477,46.3181],[5.9482,46.3171],[5.9454,46.3129],[5.9435,46.3127],[5.9414,46.3094],[5.9357,46.3097],[5.9354,46.3106],[5.926,46.3138],[5.9235,46.3117],[5.9205,46.3106],[5.9172,46.3076],[5.9202,46.3069],[5.9171,46.3011],[5.9155,46.295],[5.9162,46.2929],[5.9091,46.2838],[5.901,46.2862],[5.8999,46.285],[5.8946,46.2866],[5.8927,46.285],[5.8888,46.2792],[5.8803,46.2714],[5.8757,46.2676],[5.8692,46.2653],[5.8658,46.2701],[5.8635,46.2713],[5.8529,46.2614],[5.8417,46.2624],[5.8262,46.2618],[5.8182,46.263],[5.8048,46.2647],[5.7865,46.2663],[5.7778,46.2662],[5.7656,46.2681],[5.7601,46.2668],[5.7513,46.2659],[5.7443,46.2668],[5.7334,46.2638],[5.7284,46.2612],[5.7252,46.2607],[5.7195,46.2644],[5.7206,46.2692],[5.7186,46.2729],[5.716,46.2799],[5.7157,46.2829],[5.7193,46.2935],[5.7182,46.3005],[5.7167,46.3019],[5.7146,46.309],[5.708,46.3102],[5.6946,46.3102],[5.6922,46.3095],[5.6845,46.311],[5.6833,46.3159],[5.6808,46.3188],[5.675,46.319],[5.6694,46.3238],[5.6665,46.3248],[5.6621,46.3249],[5.6527,46.3232],[5.6479,46.3235],[5.6437,46.3252],[5.6463,46.3271],[5.6494,46.3308],[5.6499,46.3341],[5.6491,46.3382],[5.6498,46.3403],[5.6434,46.3448],[5.6401,46.3388],[5.6375,46.3364],[5.6341,46.3324],[5.6305,46.3302],[5.6182,46.3292],[5.6139,46.3278],[5.6111,46.3243],[5.611,46.3203],[5.6063,46.3139],[5.6076,46.3117],[5.6046,46.3094],[5.6022,46.3076],[5.5998,46.3012],[5.5968,46.2966],[5.5898,46.2928],[5.587,46.2925],[5.5792,46.2943],[5.5749,46.2928],[5.5678,46.2941],[5.565,46.2936],[5.5624,46.2895],[5.5614,46.2863],[5.5588,46.283],[5.5532,46.2797],[5.5474,46.2753],[5.5457,46.2729],[5.5417,46.2698],[5.5379,46.2686],[5.5249,46.2665],[5.523,46.265],[5.5195,46.2643],[5.5113,46.2645],[5.5084,46.2644],[5.5038,46.2687],[5.4996,46.2682],[5.488,46.2682],[5.4833,46.2674],[5.4738,46.2643],[5.4722,46.2673],[5.468,46.2689],[5.4692,46.2711],[5.4618,46.2716],[5.4618,46.2743],[5.4571,46.2744],[5.4577,46.2792],[5.4598,46.2864],[5.4589,46.2907],[5.4626,46.2894],[5.466,46.2918],[5.4681,46.2979],[5.4708,46.3033],[5.4706,46.306],[5.4742,46.3103],[5.4753,46.3154],[5.4689,46.317],[5.4677,46.3218],[5.4652,46.3235],[5.4621,46.3225],[5.4595,46.3234],[5.4569,46.3189],[5.454,46.3179],[5.4443,46.3187],[5.4371,46.3151],[5.4354,46.3195],[5.4345,46.3237],[5.4313,46.3329],[5.4283,46.3357],[5.4253,46.3417],[5.4279,46.3421],[5.4237,46.3477],[5.4173,46.3453],[5.4166,46.336],[5.4153,46.3353],[5.4156,46.3318],[5.4137,46.3254],[5.4135,46.3167],[5.4108,46.3117],[5.4102,46.3091],[5.4048,46.3101],[5.4041,46.3148],[5.4048,46.3217],[5.4039,46.3292],[5.4043,46.3328],[5.4017,46.3328],[5.403,46.3367],[5.402,46.339],[5.3929,46.3405],[5.3871,46.3423],[5.3866,46.3439],[5.3795,46.3463],[5.3763,46.3508],[5.3735,46.3522],[5.3754,46.3583],[5.3772,46.364],[5.3696,46.3666],[5.3697,46.3688],[5.3627,46.3694],[5.3649,46.3729],[5.3703,46.376],[5.3725,46.3785],[5.3757,46.3803],[5.3761,46.3822],[5.3716,46.3828],[5.3708,46.3867],[5.367,46.3885],[5.3635,46.3889],[5.3629,46.392],[5.3597,46.391],[5.3516,46.3939],[5.3533,46.3972],[5.347,46.3997],[5.3441,46.3999],[5.3392,46.4021],[5.3372,46.4014],[5.3348,46.3976],[5.3308,46.3986],[5.3309,46.4014],[5.3261,46.402],[5.3214,46.4041],[5.3147,46.4095],[5.3091,46.4103],[5.2992,46.4126],[5.2989,46.4158],[5.3027,46.4169],[5.3075,46.4147],[5.3144,46.4164],[5.3075,46.4169],[5.3085,46.4202],[5.3066,46.4214],[5.309,46.4245],[5.3126,46.4241],[5.3135,46.4256],[5.319,46.4276],[5.3228,46.4273],[5.3246,46.4285],[5.3195,46.4306],[5.318,46.4326],[5.3176,46.4375],[5.315,46.4406],[5.3145,46.4456],[5.3106,46.4469],[5.3066,46.4454],[5.3052,46.4467],[5.301,46.4469],[5.2921,46.45],[5.2895,46.4496],[5.2861,46.4465],[5.2838,46.4456],[5.2812,46.4473],[5.2793,46.447],[5.2737,46.4485],[5.2725,46.4499],[5.265,46.4514],[5.2584,46.4499],[5.2564,46.4507],[5.2552,46.4553],[5.2483,46.4581],[5.248,46.4591],[5.2418,46.4612],[5.2361,46.4578],[5.235,46.4579],[5.2318,46.4628],[5.225,46.4687],[5.2213,46.4691],[5.22,46.4681],[5.2146,46.4687],[5.2159,46.472],[5.2138,46.4746],[5.2129,46.4776],[5.2099,46.479],[5.2114,46.4808],[5.2145,46.4819],[5.2134,46.4847],[5.2061,46.4865],[5.2063,46.4898],[5.2101,46.4905],[5.2043,46.4949],[5.2018,46.5013],[5.1992,46.5031],[5.2036,46.5048],[5.2016,46.5083],[5.1996,46.5075],[5.1949,46.5081],[5.1938,46.5091],[5.1826,46.5095],[5.1748,46.5121],[5.1727,46.5134],[5.1717,46.5164],[5.1684,46.518],[5.1658,46.5177],[5.1678,46.5126],[5.1656,46.5098],[5.1655,46.5069],[5.1671,46.5047],[5.1665,46.5031],[5.1565,46.5075],[5.1498,46.5078],[5.1465,46.5069],[5.1389,46.5097],[5.1349,46.5091],[5.1345,46.5051],[5.1355,46.5035],[5.1341,46.5015],[5.1311,46.5014],[5.1281,46.4997],[5.1213,46.4981],[5.1159,46.496],[5.1146,46.4928],[5.109,46.4916],[5.0994,46.4968],[5.0978,46.4993],[5.0957,46.4993],[5.0921,46.4958],[5.0887,46.4957],[5.0882,46.4929],[5.084,46.4904],[5.0762,46.4888],[5.0764,46.486],[5.0714,46.4859],[5.0622,46.4856],[5.0621,46.4846],[5.0547,46.4841],[5.0513,46.4866],[5.0463,46.4885],[5.0446,46.4902],[5.0405,46.4915],[5.0327,46.492],[5.0287,46.4918],[5.0261,46.4959],[5.0228,46.4964],[5.0183,46.499],[5.0144,46.5004],[5.0121,46.503],[5.0119,46.5058],[5.0094,46.507],[5.0113,46.5097],[5.0104,46.5112],[5.0046,46.51],[5.0003,46.512],[4.9966,46.5116],[4.9916,46.5123],[4.9884,46.5139],[4.983,46.5156],[4.9799,46.5153],[4.9705,46.5145],[4.9658,46.5136],[4.9625,46.5122],[4.9638,46.511],[4.9702,46.5089],[4.9713,46.508],[4.9696,46.5053],[4.9651,46.5061],[4.9636,46.508],[4.9595,46.5078],[4.958,46.5061],[4.9534,46.5044],[4.9519,46.5002],[4.9487,46.5014],[4.947,46.5039],[4.944,46.5053],[4.9453,46.5116],[4.9523,46.5108],[4.9546,46.5124],[4.9514,46.5145],[4.947,46.5141],[4.943,46.5149],[4.9403,46.5119],[4.9357,46.5143],[4.9335,46.5125],[4.9315,46.5103],[4.9293,46.5042],[4.9271,46.4993],[4.9255,46.497],[4.9192,46.4927],[4.9155,46.4888],[4.9144,46.4853],[4.9145,46.4814],[4.9145,46.4801],[4.916,46.4734],[4.9156,46.4667],[4.9143,46.4625],[4.9122,46.4592],[4.9079,46.4559],[4.8986,46.45],[4.8942,46.4455],[4.8925,46.4426],[4.8911,46.4384],[4.8918,46.4381],[4.8914,46.428],[4.8903,46.4252],[4.8887,46.4174],[4.888,46.4116],[4.8893,46.4056],[4.8885,46.4033],[4.888,46.4027],[4.8835,46.3979],[4.8796,46.3919],[4.8758,46.3878],[4.8741,46.3849],[4.872,46.3823],[4.8657,46.3757],[4.8587,46.3681],[4.8551,46.3626],[4.8518,46.3564],[4.8512,46.3523],[4.8529,46.3432],[4.8528,46.3384],[4.8537,46.3345],[4.8527,46.3282],[4.8517,46.3263],[4.8447,46.3172],[4.8411,46.312],[4.8374,46.3048],[4.8331,46.2998],[4.8315,46.2962],[4.831,46.2908],[4.828,46.2823],[4.8265,46.2764],[4.8246,46.2726],[4.8202,46.2682],[4.8166,46.2656],[4.8116,46.2612],[4.8112,46.2545],[4.8117,46.25],[4.8108,46.2456],[4.8081,46.2374],[4.8011,46.2298],[4.7981,46.2246],[4.7954,46.2201],[4.7931,46.2124],[4.7928,46.2076],[4.7939,46.2036],[4.793,46.2016],[4.7804,46.1896],[4.7798,46.1882],[4.7805,46.1837],[4.7804,46.1769],[4.7755,46.1772],[4.7703,46.1753],[4.7679,46.1769],[4.7627,46.1763],[4.7612,46.1763],[4.7601,46.1728],[4.7519,46.1725],[4.7474,46.1755],[4.7398,46.1757],[4.7347,46.178],[4.7278,46.1791],[4.7271,46.18],[4.7296,46.1826],[4.7261,46.1829],[4.7245,46.1842],[4.7253,46.1886],[4.7217,46.1904],[4.7202,46.1941],[4.7211,46.1979],[4.7207,46.2009],[4.7253,46.2045],[4.7263,46.2083],[4.7344,46.2064],[4.7358,46.2119],[4.7291,46.2141],[4.7297,46.2175],[4.728,46.2192],[4.7233,46.2202],[4.7205,46.2217],[4.7225,46.226],[4.72,46.2286],[4.7211,46.2296],[4.7324,46.2267],[4.7344,46.2305],[4.7369,46.2325],[4.7353,46.2342],[4.7319,46.2354],[4.7275,46.2396],[4.7201,46.2453],[4.7176,46.2441],[4.7134,46.2471],[4.7095,46.2483],[4.7053,46.2511],[4.7033,46.25],[4.7012,46.2522],[4.6983,46.2529],[4.697,46.251],[4.6933,46.2484],[4.6883,46.2493],[4.6888,46.2523],[4.6864,46.255],[4.6838,46.2534],[4.6792,46.2601],[4.6816,46.2646],[4.6799,46.2679],[4.6824,46.2666],[4.6872,46.2656],[4.689,46.2692],[4.6925,46.2714],[4.6949,46.2716],[4.699,46.268],[4.7007,46.2674],[4.704,46.2703],[4.7077,46.2697],[4.7086,46.2754],[4.7101,46.2784],[4.7073,46.2815],[4.7075,46.2848],[4.7046,46.2829],[4.7038,46.286],[4.7013,46.2867],[4.6981,46.2914],[4.6948,46.292],[4.6939,46.2948],[4.6928,46.2975],[4.6935,46.3024],[4.6903,46.3013],[4.6832,46.3028],[4.6802,46.3062],[4.6766,46.3051],[4.6762,46.3019],[4.672,46.298],[4.6662,46.2969],[4.6633,46.2953],[4.6598,46.2982],[4.6595,46.3001],[4.653,46.3042],[4.6503,46.304],[4.6461,46.3019],[4.6407,46.3011],[4.639,46.3015],[4.6353,46.3002],[4.6349,46.298],[4.6365,46.2943],[4.6361,46.2903],[4.6269,46.2884],[4.6233,46.2846],[4.6169,46.2808],[4.6199,46.2791],[4.6216,46.2734],[4.622,46.2702],[4.6208,46.2676],[4.6183,46.265],[4.6131,46.2672],[4.6091,46.2662],[4.5995,46.2684],[4.5954,46.2681],[4.5863,46.2688],[4.5828,46.2696],[4.583,46.2714],[4.5726,46.2761],[4.5719,46.2784],[4.5721,46.2841],[4.573,46.2861],[4.5714,46.2904],[4.5699,46.2933],[4.5602,46.2952],[4.5578,46.2945],[4.556,46.2915],[4.5544,46.2918],[4.5521,46.2887],[4.5533,46.2856],[4.5499,46.286],[4.5453,46.2776],[4.5464,46.2741],[4.5374,46.27],[4.5321,46.2695],[4.5212,46.2708],[4.5181,46.2695],[4.5155,46.2702],[4.5121,46.2676],[4.5064,46.2681],[4.504,46.2672],[4.5003,46.2718],[4.5002,46.2747],[4.4944,46.2785],[4.4919,46.2812],[4.4887,46.288],[4.4865,46.288],[4.4806,46.2846],[4.476,46.2842],[4.4711,46.2859],[4.469,46.2879],[4.4675,46.2911],[4.4648,46.2921],[4.4589,46.2969],[4.4573,46.296],[4.4532,46.2966],[4.4485,46.2962],[4.4483,46.2951],[4.4413,46.2939],[4.4399,46.2931],[4.438,46.2956],[4.4382,46.298],[4.4333,46.301],[4.4292,46.3016],[4.4272,46.3028],[4.425,46.2963],[4.4227,46.295],[4.4139,46.2962],[4.4111,46.2954],[4.4061,46.2962],[4.4075,46.2926],[4.405,46.2909],[4.4036,46.2873],[4.4006,46.286],[4.3972,46.283],[4.3984,46.2762],[4.3963,46.2747],[4.3969,46.2669],[4.3937,46.2649],[4.392,46.2623],[4.3928,46.2607],[4.3893,46.258],[4.3926,46.2514],[4.3882,46.2477],[4.3854,46.2468],[4.3861,46.2443],[4.3886,46.2435],[4.3926,46.2355],[4.3868,46.233],[4.3862,46.2258],[4.3877,46.2222],[4.3873,46.22],[4.3895,46.2165],[4.3894,46.213],[4.3823,46.2116],[4.3794,46.2122],[4.3751,46.2112],[4.3731,46.2086],[4.3736,46.2046],[4.37,46.2037],[4.3672,46.2016],[4.3649,46.2018],[4.3628,46.1999],[4.362,46.1958],[4.365,46.1937],[4.3685,46.194],[4.3715,46.191],[4.3707,46.1901],[4.3742,46.1869],[4.3707,46.1843],[4.3677,46.1858],[4.3636,46.1822],[4.361,46.1818],[4.3544,46.1837],[4.3527,46.1866],[4.3465,46.1874],[4.3421,46.1861],[4.3383,46.1839],[4.3365,46.181],[4.3305,46.1828],[4.3268,46.185],[4.3273,46.1822],[4.3201,46.1773],[4.3188,46.1745],[4.3165,46.1737],[4.3153,46.1706],[4.3118,46.1712],[4.3078,46.1744],[4.3032,46.1745],[4.2953,46.1723],[4.2923,46.1725],[4.289,46.1701],[4.2904,46.169],[4.289,46.1668],[4.2874,46.1607],[4.2823,46.1569],[4.281,46.1561],[4.2773,46.1571],[4.2756,46.1561],[4.2695,46.1575],[4.2571,46.1573],[4.2499,46.1581],[4.25,46.1638],[4.2487,46.1671],[4.2529,46.167],[4.2564,46.1698],[4.257,46.1728],[4.2635,46.1754],[4.2634,46.1763],[4.2574,46.1825],[4.2581,46.1846],[4.2483,46.1883],[4.2423,46.1888],[4.2413,46.1851],[4.2372,46.1843],[4.2366,46.1816],[4.2338,46.1812],[4.232,46.1795],[4.2266,46.1785],[4.2249,46.1777],[4.2228,46.1818],[4.2196,46.185],[4.2167,46.1865],[4.2079,46.1948],[4.1979,46.1928],[4.1925,46.1894],[4.1881,46.1884],[4.185,46.19],[4.1831,46.186],[4.1846,46.1843],[4.185,46.1799],[4.1863,46.1792],[4.1884,46.1751],[4.187,46.1746],[4.1761,46.1734],[4.1661,46.1729],[4.1541,46.1749],[4.1432,46.1761],[4.134,46.1773],[4.1332,46.1773],[4.1333,46.1806],[4.125,46.1835],[4.1153,46.1911],[4.1117,46.1919],[4.11,46.1942],[4.1038,46.1986],[4.0974,46.1961],[4.0946,46.1928],[4.0882,46.1925],[4.0836,46.1912],[4.0755,46.1905],[4.0688,46.1864],[4.0632,46.1892],[4.0602,46.1885],[4.0581,46.1877],[4.0515,46.1812],[4.0498,46.1809],[4.0448,46.1788],[4.0414,46.176],[4.0343,46.1741],[4.0312,46.1722],[4.0305,46.1698],[4.0275,46.1694],[4.022,46.1716],[4.0184,46.1724],[4.0027,46.1705],[3.9934,46.1731],[3.9901,46.1691],[3.9885,46.1699],[3.9859,46.1713],[3.9839,46.1743],[3.9832,46.1774],[3.9797,46.1782],[3.9782,46.1831],[3.9781,46.186],[3.9728,46.1868],[3.971,46.1891],[3.9732,46.1909],[3.9726,46.1983],[3.9727,46.2028],[3.9652,46.2029],[3.9646,46.2018],[3.9574,46.2045],[3.9569,46.2039],[3.9445,46.2056],[3.9346,46.2063],[3.9294,46.2049],[3.9206,46.2032],[3.9178,46.2035],[3.9145,46.2052],[3.9136,46.2069],[3.9095,46.2079],[3.9014,46.2108],[3.899,46.2099],[3.8901,46.2145],[3.8936,46.2169],[3.8944,46.222],[3.8977,46.2241],[3.8986,46.2258],[3.8977,46.2305],[3.8965,46.2328],[3.8976,46.2346],[3.8968,46.2372],[3.8989,46.2407],[3.9051,46.238],[3.9081,46.2423],[3.9066,46.2432],[3.9078,46.247],[3.91,46.2478],[3.9055,46.252],[3.9094,46.2577],[3.9087,46.2607],[3.9067,46.261],[3.9076,46.2641],[3.9061,46.2679],[3.9051,46.2729],[3.9021,46.2765],[3.8995,46.2759],[3.8932,46.2804],[3.8912,46.2852],[3.8946,46.2881],[3.8983,46.288],[3.8972,46.2926],[3.9076,46.2944],[3.9125,46.2966],[3.9155,46.2969],[3.931,46.296],[3.9432,46.2993],[3.9475,46.3034],[3.9478,46.3056],[3.9494,46.3126],[3.9487,46.3159],[3.9468,46.3184],[3.9472,46.3215],[3.9513,46.3202],[3.959,46.319],[3.9656,46.3205],[3.9691,46.322],[3.9775,46.3193],[3.984,46.3187],[3.9873,46.3148],[3.9899,46.3152],[3.9879,46.3204],[3.9899,46.3226],[3.9938,46.3222],[3.9974,46.3233],[4.0047,46.3276],[4.0018,46.3284],[3.9944,46.3277],[3.9891,46.3271],[3.9848,46.3297],[3.986,46.3379],[3.9886,46.3419],[3.9892,46.3442],[3.9877,46.3466],[3.9874,46.3511],[3.9894,46.3587],[3.9887,46.3609],[3.9916,46.3696],[3.9912,46.3719],[3.9884,46.3759],[3.9843,46.3783],[3.9819,46.3852],[3.9797,46.3904],[3.9799,46.3927],[3.9784,46.3945],[3.9776,46.3979],[3.9782,46.4011],[3.9833,46.4035],[3.9875,46.407],[3.9889,46.4097],[3.9881,46.4118],[3.9843,46.4167],[3.9841,46.4196],[3.9866,46.4217],[3.9933,46.4236],[3.9953,46.4251],[3.9956,46.4287],[3.9902,46.4311],[3.9881,46.4355],[3.9894,46.4378],[3.9945,46.4398],[4.0004,46.4393],[4.0037,46.4405],[4.0057,46.4431],[4.0026,46.4462],[3.9989,46.4487],[3.9973,46.4516],[3.998,46.4537],[4.0015,46.4587],[4.001,46.4618],[3.9993,46.4645],[3.9952,46.4673],[3.989,46.4703],[3.9784,46.4745],[3.9772,46.4786],[3.9726,46.4798],[3.9651,46.4781],[3.9566,46.4769],[3.9523,46.4785],[3.9521,46.4814],[3.9563,46.486],[3.9581,46.4906],[3.9555,46.4917],[3.9498,46.4925],[3.936,46.4909],[3.9279,46.4923],[3.9205,46.4958],[3.9165,46.4962],[3.9097,46.4953],[3.9035,46.4921],[3.9002,46.4895],[3.8982,46.4851],[3.8968,46.4815],[3.8946,46.4808],[3.8898,46.4814],[3.8855,46.4835],[3.8778,46.4867],[3.8716,46.4874],[3.866,46.4891],[3.8609,46.4927],[3.8603,46.5],[3.8617,46.5045],[3.8641,46.5091],[3.8636,46.5129],[3.8604,46.5149],[3.8553,46.5154],[3.8482,46.5128],[3.8458,46.5129],[3.845,46.5131],[3.8409,46.5148],[3.8398,46.5176],[3.8406,46.5192],[3.8458,46.5229],[3.8465,46.5244],[3.8446,46.5274],[3.8417,46.5303],[3.8379,46.5317],[3.8344,46.5313],[3.83,46.5294],[3.8254,46.5281],[3.8178,46.5252],[3.8113,46.5205],[3.8073,46.5193],[3.8018,46.5199],[3.7964,46.5259],[3.7935,46.5277],[3.7837,46.5278],[3.7807,46.5284],[3.7787,46.5299],[3.7774,46.5328],[3.7776,46.5362],[3.7723,46.5387],[3.7687,46.5393],[3.7657,46.538],[3.7561,46.5362],[3.749,46.5368],[3.7419,46.5391],[3.7339,46.5461],[3.7324,46.5486],[3.7319,46.5515],[3.7343,46.5544],[3.7385,46.5568],[3.741,46.5602],[3.743,46.566],[3.7426,46.5692],[3.7405,46.5759],[3.739,46.5838],[3.7339,46.5951],[3.7371,46.5992],[3.7375,46.601],[3.7352,46.6037],[3.7307,46.6049],[3.7243,46.6046],[3.7197,46.605],[3.7141,46.6084],[3.7129,46.6102],[3.7132,46.613],[3.7154,46.6157],[3.7194,46.6181],[3.723,46.6221],[3.7244,46.6258],[3.7227,46.6276],[3.7163,46.6311],[3.7087,46.6361],[3.7072,46.641],[3.7043,46.6454],[3.7028,46.6484],[3.6996,46.6519],[3.6994,46.6549],[3.697,46.6606],[3.6943,46.6626],[3.6885,46.6655],[3.6781,46.6695],[3.6712,46.6714],[3.669,46.6735],[3.6699,46.6775],[3.6729,46.6805],[3.6729,46.6822],[3.6681,46.6844],[3.6591,46.6847],[3.6553,46.6877],[3.6532,46.697],[3.6516,46.699],[3.6514,46.704],[3.65,46.7055],[3.6429,46.7058],[3.6376,46.7075],[3.6383,46.7204],[3.6381,46.7227],[3.6353,46.7284],[3.6307,46.7322],[3.6251,46.736],[3.6226,46.7401],[3.6231,46.7417],[3.6287,46.746],[3.6294,46.7496],[3.626,46.7527],[3.6231,46.754],[3.6186,46.7541],[3.6064,46.7519],[3.6019,46.7514],[3.5979,46.7543],[3.597,46.7574],[3.5978,46.7622],[3.5925,46.763],[3.5885,46.7613],[3.5871,46.7592],[3.5868,46.7564],[3.5848,46.754],[3.5794,46.7524],[3.5757,46.7497],[3.5765,46.7481],[3.5842,46.7451],[3.5835,46.7428],[3.5849,46.7394],[3.595,46.7304],[3.5973,46.7271],[3.5972,46.7238],[3.5886,46.7203],[3.583,46.7173],[3.5772,46.715],[3.5785,46.7216],[3.5773,46.7228],[3.5754,46.7231],[3.5715,46.7208],[3.5742,46.7162],[3.5689,46.7154],[3.5599,46.7166],[3.5575,46.7204],[3.5544,46.7216],[3.5498,46.7215],[3.5477,46.7226],[3.5476,46.7188],[3.5503,46.7159],[3.5502,46.7132],[3.5475,46.7081],[3.5481,46.7062],[3.5581,46.6914],[3.561,46.6889],[3.5541,46.6847],[3.5492,46.6815],[3.5469,46.6782],[3.5419,46.6789],[3.5397,46.6799],[3.5371,46.6867],[3.5302,46.6891],[3.5273,46.6869],[3.5211,46.6859],[3.5139,46.6836],[3.5166,46.6817],[3.511,46.6801],[3.5134,46.6774],[3.5098,46.6753],[3.5036,46.6727],[3.5019,46.6706],[3.4929,46.6632],[3.493,46.6622],[3.4862,46.6609],[3.4877,46.6566],[3.4866,46.6541],[3.4817,46.651],[3.4772,46.6539],[3.4589,46.6524],[3.4553,46.6524],[3.4519,46.6585],[3.4473,46.6607],[3.4421,46.662],[3.4471,46.6636],[3.4485,46.6685],[3.4455,46.6709],[3.4485,46.6729],[3.4515,46.6732],[3.4546,46.6756],[3.4518,46.6794],[3.4546,46.6802],[3.4553,46.6825],[3.4535,46.6848],[3.4531,46.69],[3.4485,46.6904],[3.4482,46.6923],[3.446,46.6932],[3.4332,46.6934],[3.4307,46.6982],[3.4284,46.7007],[3.4314,46.7042],[3.4308,46.7058],[3.4344,46.7124],[3.4294,46.7119],[3.422,46.7133],[3.4194,46.7125],[3.4175,46.7104],[3.4056,46.7119],[3.3972,46.7146],[3.3901,46.7148],[3.379,46.7125],[3.379,46.7066],[3.3754,46.6996],[3.3703,46.696],[3.3656,46.6897],[3.3588,46.6896],[3.3575,46.6888],[3.3546,46.6879],[3.3492,46.6851],[3.3466,46.6845],[3.3428,46.6854],[3.3354,46.6854],[3.3308,46.6875],[3.3208,46.6879],[3.3136,46.689],[3.3113,46.6931],[3.3118,46.695],[3.3076,46.6988],[3.3063,46.7012],[3.3028,46.7038],[3.3028,46.7065],[3.3015,46.7086],[3.3006,46.7165],[3.2981,46.7166],[3.2923,46.7143],[3.286,46.7139],[3.2831,46.7151],[3.2776,46.7166],[3.2696,46.7167],[3.2675,46.7155],[3.2623,46.7098],[3.2568,46.7066],[3.2482,46.7045],[3.2436,46.7015],[3.2341,46.6975],[3.2285,46.6964],[3.2289,46.6941],[3.2271,46.6919],[3.2277,46.6902],[3.2222,46.6873],[3.2222,46.6852],[3.2171,46.6847],[3.2163,46.683],[3.2115,46.6816],[3.206,46.6814],[3.2044,46.6789],[3.1981,46.6797],[3.1903,46.6826],[3.1815,46.6866],[3.1789,46.6887],[3.1713,46.6896],[3.1661,46.6914],[3.1611,46.6962],[3.1547,46.7016],[3.1489,46.7086],[3.147,46.7102],[3.142,46.7135],[3.1358,46.7201],[3.1327,46.725],[3.1296,46.7274],[3.1226,46.7295],[3.1117,46.7309],[3.1046,46.7332],[3.0982,46.7349],[3.0939,46.7351],[3.0835,46.7379],[3.072,46.744],[3.0665,46.7458],[3.0637,46.7476],[3.0586,46.7523],[3.0521,46.7567],[3.0489,46.7584],[3.046,46.7615],[3.0376,46.7728],[3.0362,46.7765],[3.0367,46.7846],[3.0359,46.7888],[3.0321,46.7949],[3.0326,46.8002],[3.0372,46.805],[3.0377,46.8084],[3.0392,46.8097],[3.0428,46.8143],[3.0516,46.8201],[3.0592,46.8266],[3.0585,46.8316],[3.0546,46.8388],[3.0579,46.8432],[3.066,46.8466],[3.0689,46.8507],[3.0694,46.8534],[3.0681,46.8574],[3.0653,46.8636],[3.0654,46.8698],[3.0679,46.8744],[3.0678,46.8781],[3.0668,46.8793],[3.0657,46.884],[3.0634,46.8899],[3.0611,46.8974],[3.0606,46.8985],[3.0503,46.9061],[3.0502,46.9097],[3.0539,46.9175],[3.0565,46.9212],[3.0622,46.9277],[3.0643,46.9324],[3.0646,46.9358],[3.066,46.9384],[3.0691,46.943],[3.0745,46.9474],[3.0766,46.9516],[3.0792,46.9543],[3.0793,46.9602],[3.0765,46.9611],[3.0717,46.9643],[3.0667,46.9713],[3.0666,46.9733],[3.0626,46.9792],[3.0628,46.9871],[3.0645,46.9957],[3.0653,46.9972],[3.0663,47.0023],[3.0681,47.0062],[3.0737,47.0124],[3.0757,47.0191],[3.0758,47.0234],[3.0744,47.0269],[3.0748,47.03],[3.0691,47.0388],[3.0688,47.0401],[3.0636,47.0462],[3.0627,47.0453],[3.0563,47.047],[3.054,47.0483],[3.0523,47.0497],[3.0433,47.0538],[3.0345,47.0563],[3.0262,47.0601],[3.0222,47.0637],[3.0193,47.0682],[3.0187,47.0708],[3.0195,47.0744],[3.0225,47.0802],[3.0249,47.0827],[3.0272,47.0873],[3.0299,47.0896],[3.0314,47.0925],[3.0304,47.1008],[3.0302,47.1072],[3.03,47.1083],[3.0294,47.1115],[3.0283,47.1284],[3.025,47.1311],[3.0226,47.1352],[3.0173,47.1395],[3.0165,47.1416],[3.0167,47.1459],[3.0206,47.1532],[3.0193,47.1563],[3.0159,47.1591],[3.0136,47.1697],[3.0096,47.1761],[3.0097,47.1791],[3.0064,47.1854],[3.0031,47.1905],[2.9977,47.2009],[2.9938,47.2067],[2.9873,47.2133],[2.9817,47.222],[2.9789,47.2296],[2.978,47.2356],[2.9806,47.2435],[2.9802,47.2479],[2.9818,47.2535],[2.9834,47.2598],[2.9831,47.2608],[2.9766,47.2679],[2.9735,47.2699],[2.9637,47.2738],[2.9568,47.2776],[2.945,47.2847],[2.9417,47.285],[2.9392,47.2866],[2.9317,47.293],[2.9285,47.2973],[2.9233,47.3008],[2.9169,47.3049],[2.913,47.3083],[2.9078,47.311],[2.8993,47.3128],[2.8862,47.3158],[2.8766,47.3219],[2.8739,47.3291],[2.8724,47.3325],[2.8744,47.335],[2.8695,47.3399],[2.8704,47.3431],[2.8735,47.3484],[2.879,47.3531],[2.8798,47.3545],[2.8803,47.3564],[2.8859,47.36],[2.8904,47.3658],[2.8952,47.3722],[2.901,47.3854],[2.9063,47.3932],[2.9097,47.3957],[2.9185,47.4055],[2.9198,47.4105],[2.9199,47.4213],[2.9223,47.425],[2.9249,47.4274],[2.9307,47.4313],[2.9316,47.4339],[2.9315,47.4399],[2.9308,47.4419],[2.9272,47.4464],[2.9256,47.4493],[2.9205,47.4564],[2.9198,47.4587],[2.9192,47.4606],[2.9141,47.4709],[2.9105,47.4743],[2.9057,47.4774],[2.9004,47.4797],[2.8984,47.4818],[2.897,47.4851],[2.8968,47.4912],[2.8945,47.4945],[2.8923,47.4991],[2.8913,47.504],[2.8896,47.5078],[2.8885,47.5094],[2.879,47.5176],[2.8745,47.5203],[2.863,47.5278],[2.8577,47.5319],[2.8518,47.5351],[2.8486,47.5377],[2.8449,47.5449],[2.8515,47.5474],[2.8527,47.5504],[2.8563,47.5516],[2.86,47.5542],[2.8616,47.5509],[2.8625,47.5464],[2.8681,47.5465],[2.8731,47.5452],[2.8752,47.5494],[2.8735,47.5494],[2.8739,47.5528],[2.8765,47.5534],[2.8839,47.5527],[2.8898,47.5527],[2.8945,47.5543],[2.8977,47.5545],[2.9035,47.5566],[2.9094,47.5596],[2.9101,47.5623],[2.9137,47.5641],[2.9143,47.566],[2.9251,47.5638],[2.9328,47.5632],[2.9588,47.5575],[2.9637,47.5642],[2.9718,47.568],[2.9765,47.5695],[2.9747,47.5736],[2.9656,47.5736],[2.9623,47.5769],[2.9644,47.5818],[2.963,47.584],[2.957,47.5895],[2.9531,47.5904],[2.9501,47.5894],[2.9434,47.5932],[2.9421,47.5988],[2.9361,47.5994],[2.9452,47.6084],[2.9416,47.6106],[2.9405,47.6143],[2.9373,47.6162],[2.9382,47.6187],[2.9342,47.6207],[2.9356,47.6264],[2.9323,47.627],[2.9366,47.6346],[2.9362,47.6364],[2.9445,47.6408],[2.9443,47.6415],[2.9539,47.6459],[2.9495,47.6497],[2.9423,47.6534],[2.941,47.6576],[2.937,47.6592],[2.9352,47.6573],[2.9284,47.6581],[2.9266,47.659],[2.9254,47.6623],[2.9182,47.6698],[2.9198,47.6705],[2.9202,47.6737],[2.923,47.678],[2.9264,47.6816],[2.921,47.6832],[2.9146,47.6877],[2.9141,47.6909],[2.9095,47.6921],[2.9075,47.6909],[2.9037,47.6951],[2.9037,47.6969],[2.8985,47.6963],[2.8931,47.6989],[2.8841,47.7021],[2.8792,47.7038],[2.8799,47.7061],[2.8839,47.7107],[2.8847,47.7139],[2.8818,47.7156],[2.8786,47.7204],[2.8684,47.7152],[2.8608,47.7102],[2.8588,47.7114],[2.8551,47.7153],[2.8487,47.717],[2.8524,47.7218],[2.849,47.723],[2.8485,47.726],[2.8522,47.7267],[2.8535,47.7293],[2.8501,47.7323],[2.8513,47.7348],[2.8539,47.7355],[2.8556,47.7397],[2.8547,47.7402],[2.8582,47.7469],[2.8584,47.7509],[2.8562,47.7538],[2.8519,47.7578],[2.8567,47.761],[2.8564,47.7618],[2.8614,47.7617],[2.8698,47.7649],[2.8844,47.7646],[2.8896,47.7639],[2.8906,47.7651],[2.8989,47.7639],[2.8998,47.7663],[2.9062,47.7674],[2.9084,47.7667],[2.9095,47.7695],[2.913,47.7694],[2.9162,47.7688],[2.9231,47.7641],[2.9259,47.7648],[2.9289,47.7639],[2.9304,47.7622],[2.9356,47.7632],[2.9372,47.7665],[2.9403,47.7654],[2.9497,47.7658],[2.9508,47.7702],[2.9528,47.7705],[2.9547,47.7756],[2.9616,47.7752],[2.9673,47.7777],[2.9788,47.7803],[2.9804,47.7825],[2.9882,47.786],[2.997,47.7863],[2.9999,47.7872],[3.0238,47.7864],[3.0268,47.7953],[3.0281,47.8012],[3.0261,47.8065],[3.0241,47.8089],[3.0243,47.8131],[3.022,47.8127],[3.015,47.8134],[3.0222,47.8179],[3.0139,47.8224],[3.015,47.824],[3.0133,47.8278],[3.0138,47.8315],[3.0122,47.8342],[3.0243,47.8359],[3.0291,47.835],[3.0318,47.8416],[3.031,47.8443],[3.0321,47.8473],[3.0318,47.8504],[3.0288,47.854],[3.0254,47.8566],[3.0292,47.8571],[3.0232,47.861],[3.0106,47.8623],[3.0054,47.864],[3.0013,47.8665],[2.9946,47.8674],[3.0025,47.8691],[3.0086,47.8728],[3.0124,47.874],[3.0107,47.8764],[3.012,47.8775],[3.0118,47.8805],[3.0102,47.8828],[3.007,47.8839],[3.0099,47.8896],[3.0071,47.8954],[3.0132,47.8959],[3.017,47.899],[3.0117,47.901],[3.0124,47.9021],[3.0093,47.9055],[3.0127,47.9063],[3.0157,47.9058],[3.0201,47.9075],[3.0246,47.9055],[3.0306,47.9079],[3.0361,47.9118],[3.0384,47.907],[3.0455,47.9098],[3.0505,47.9106],[3.0505,47.9154],[3.0496,47.9203],[3.0525,47.9208],[3.0509,47.9242],[3.0617,47.9261],[3.0644,47.9281],[3.0646,47.9305],[3.0785,47.9314],[3.0782,47.9333],[3.0795,47.9373],[3.0819,47.9373],[3.0841,47.9426],[3.0892,47.9433],[3.092,47.9446],[3.0984,47.9488],[3.1053,47.9469],[3.1096,47.9524],[3.1098,47.9563],[3.1117,47.9579],[3.1117,47.9601],[3.1092,47.962],[3.1147,47.9637],[3.1244,47.968],[3.1267,47.9681],[3.1284,47.9712],[3.1282,47.9803],[3.1286,47.9834],[3.1242,47.9837],[3.1217,47.9868],[3.1239,47.9895],[3.1267,47.9913],[3.1231,47.991],[3.1211,47.9959],[3.1233,48.0012],[3.1207,48.0028],[3.1245,48.0059],[3.124,48.0071],[3.1175,48.012],[3.1155,48.013],[3.1107,48.011],[3.1055,48.0126],[3.1024,48.0167],[3.0997,48.0192],[3.0995,48.0219],[3.103,48.024],[3.1087,48.0246],[3.1123,48.0267],[3.1168,48.0274],[3.1203,48.0256],[3.12,48.0291],[3.1229,48.0294],[3.1242,48.031],[3.1242,48.0311],[3.1141,48.0342],[3.106,48.0357],[3.0981,48.0395],[3.0945,48.0403],[3.095,48.0443],[3.0924,48.0445],[3.0927,48.048],[3.0898,48.0494],[3.0945,48.0525],[3.0954,48.054],[3.0883,48.0539],[3.0817,48.0582],[3.0803,48.0605],[3.0773,48.0612],[3.0747,48.0605],[3.0713,48.061],[3.0642,48.0639],[3.0608,48.0642],[3.0518,48.0714],[3.0502,48.0722],[3.0489,48.0838],[3.0499,48.0887],[3.0503,48.0915],[3.049,48.0938],[3.0429,48.0934],[3.0429,48.0961],[3.0403,48.0962],[3.0383,48.0988],[3.0372,48.1075],[3.0361,48.1103],[3.035,48.1161],[3.0323,48.1142],[3.0214,48.1146],[3.0159,48.1158],[3.0168,48.1179],[3.0223,48.1253],[3.0293,48.1333],[3.0231,48.1357],[3.0219,48.135],[3.0119,48.1449],[3.01,48.1457],[3.0039,48.1449],[3.0033,48.1423],[2.9981,48.1399],[2.9947,48.1416],[2.9932,48.1455],[2.991,48.1469],[2.9907,48.1527],[2.98,48.154],[2.9803,48.1499],[2.9763,48.1507],[2.973,48.1504],[2.9687,48.1529],[2.9637,48.1531],[2.9601,48.1564],[2.9569,48.1577],[2.9546,48.1597],[2.9543,48.1634],[2.9532,48.1652],[2.9366,48.1635],[2.9348,48.1674],[2.9344,48.1737],[2.9353,48.1772],[2.9347,48.1791],[2.937,48.1831],[2.9403,48.183],[2.9487,48.1894],[2.9553,48.1925],[2.9576,48.1917],[2.9674,48.193],[2.971,48.1942],[2.9738,48.1983],[2.9714,48.2009],[2.9718,48.2042],[2.9732,48.2056],[2.98,48.2057],[2.9891,48.2092],[2.9928,48.2046],[2.9968,48.2073],[3.0045,48.207],[3.0086,48.2124],[3.0071,48.2148],[3.013,48.2222],[3.0142,48.2236],[3.0231,48.2304],[3.0191,48.2318],[3.0207,48.2341],[3.0188,48.2351],[3.0275,48.2416],[3.026,48.242],[3.0314,48.2488],[3.0365,48.2508],[3.0431,48.2493],[3.0474,48.2497],[3.0461,48.2528],[3.0462,48.2564],[3.0427,48.2624],[3.046,48.2668],[3.0455,48.2707],[3.0437,48.272],[3.0359,48.2736],[3.0312,48.2737],[3.0247,48.276],[3.0267,48.2825],[3.0296,48.2858],[3.0242,48.2912],[3.0186,48.295],[3.0202,48.2967],[3.0272,48.3007],[3.0275,48.3028],[3.0196,48.3031],[3.0155,48.3051],[3.0153,48.3073],[3.0224,48.3141],[3.0269,48.3169],[3.0262,48.319],[3.029,48.3197],[3.0281,48.3216],[3.0338,48.3234],[3.0382,48.3285],[3.0419,48.3292],[3.0432,48.3323],[3.0367,48.3349],[3.0371,48.3427],[3.0461,48.358],[3.0503,48.36],[3.0543,48.3605],[3.0604,48.3574],[3.0663,48.3577],[3.0704,48.3582],[3.0744,48.3602],[3.0786,48.3613],[3.0818,48.3606],[3.0836,48.3587],[3.0884,48.3572],[3.0936,48.3579],[3.1,48.3573],[3.101,48.3549],[3.0995,48.3518],[3.1034,48.3494],[3.108,48.3535],[3.1107,48.3598],[3.1139,48.364],[3.117,48.3665],[3.1221,48.3686],[3.1283,48.3673],[3.1279,48.3696],[3.1319,48.3694],[3.1364,48.3717],[3.1398,48.3726],[3.1431,48.3684],[3.1466,48.3666],[3.1479,48.3685],[3.1524,48.3714],[3.1553,48.3702],[3.159,48.3713],[3.167,48.3711],[3.1716,48.3774],[3.1762,48.3767],[3.1812,48.3744],[3.1846,48.3681],[3.1868,48.3685],[3.1905,48.371],[3.1974,48.3676],[3.2002,48.3636],[3.2042,48.3644],[3.2137,48.367],[3.2156,48.368],[3.223,48.3704],[3.2258,48.3699],[3.2321,48.3693],[3.2383,48.3679],[3.2481,48.3675],[3.2512,48.3652],[3.2545,48.3651],[3.2567,48.3679],[3.2618,48.3684],[3.2611,48.373],[3.2672,48.3736],[3.268,48.3778],[3.2723,48.3788],[3.2732,48.3772],[3.2825,48.3774],[3.2829,48.3816],[3.2913,48.38],[3.2898,48.3769],[3.2952,48.377],[3.2989,48.3789],[3.2995,48.3756],[3.3017,48.3739],[3.3052,48.373],[3.311,48.373],[3.3093,48.377],[3.3172,48.3765],[3.3225,48.3736],[3.3298,48.3722],[3.332,48.3722],[3.3355,48.3702],[3.3364,48.3731],[3.3483,48.3733],[3.3511,48.3787],[3.3567,48.3785],[3.3559,48.3769],[3.3565,48.3716],[3.3593,48.3722],[3.3652,48.3723],[3.3657,48.3759],[3.3629,48.3761],[3.3629,48.3825],[3.3672,48.3943],[3.3736,48.3934],[3.3755,48.3986],[3.3834,48.3992],[3.3879,48.3985],[3.3881,48.3971],[3.3947,48.3955],[3.3946,48.3935],[3.4003,48.3921],[3.402,48.3896],[3.4059,48.3911],[3.4097,48.3903],[3.4147,48.3902],[3.413,48.3816],[3.4129,48.3786],[3.4141,48.3753],[3.4217,48.372],[3.4233,48.3664],[3.4293,48.3586],[3.4338,48.3616],[3.4372,48.365],[3.4414,48.3669],[3.4485,48.3684],[3.4473,48.3725],[3.4508,48.3739],[3.4531,48.3738],[3.4603,48.3751],[3.4643,48.3743],[3.4671,48.3755],[3.4706,48.3747],[3.4708,48.3744],[3.4749,48.3693],[3.4863,48.3688],[3.4976,48.3696],[3.5022,48.3664],[3.505,48.3656],[3.5099,48.362],[3.5132,48.3606],[3.5187,48.3541],[3.5216,48.3517],[3.5204,48.3494],[3.5228,48.3487],[3.5286,48.3443],[3.5349,48.3383],[3.5372,48.3381],[3.545,48.3343],[3.5439,48.3331],[3.5439,48.3198],[3.5533,48.3191],[3.5631,48.3216],[3.5638,48.3212],[3.5653,48.3193],[3.565,48.3135],[3.5611,48.3121],[3.5668,48.3076],[3.5714,48.3059],[3.5763,48.3051],[3.5801,48.306],[3.583,48.3012],[3.5858,48.3021],[3.5879,48.3009],[3.5874,48.2928],[3.5857,48.2901],[3.5781,48.287],[3.5778,48.2846],[3.5799,48.2833],[3.5838,48.2835],[3.5841,48.2812],[3.5877,48.2799],[3.5939,48.2793],[3.6004,48.2795],[3.6019,48.2759],[3.6091,48.2753],[3.6152,48.2725],[3.6152,48.2725],[3.6181,48.2695],[3.6239,48.2593],[3.6243,48.2545],[3.6153,48.2509],[3.6082,48.2435],[3.6032,48.241],[3.5995,48.2366],[3.6008,48.2331],[3.6047,48.23],[3.6079,48.2328],[3.6101,48.2317],[3.615,48.2318],[3.6218,48.2257],[3.6174,48.2232],[3.6139,48.2203],[3.6157,48.218],[3.6124,48.2154],[3.6113,48.2122],[3.6089,48.2095],[3.6021,48.2051],[3.5999,48.2021],[3.5935,48.2002],[3.5927,48.1983],[3.5834,48.1935],[3.578,48.1898],[3.5751,48.1888],[3.5788,48.1849],[3.5882,48.1814],[3.5939,48.1787],[3.6197,48.1909],[3.6235,48.192],[3.6319,48.1894],[3.6405,48.1846],[3.6461,48.1783],[3.6469,48.1738],[3.6507,48.1682],[3.6533,48.1654],[3.6567,48.1637],[3.6605,48.1593],[3.6679,48.1393],[3.6727,48.1403],[3.6909,48.145],[3.6936,48.148],[3.6945,48.1551],[3.6953,48.1518],[3.6974,48.15],[3.7003,48.1454],[3.7051,48.1443],[3.7092,48.1483],[3.7138,48.1515],[3.7182,48.1529],[3.7223,48.1568],[3.7211,48.1626],[3.7145,48.1703],[3.7138,48.174],[3.7185,48.1756],[3.7299,48.1718],[3.7382,48.1703],[3.7455,48.1675],[3.7518,48.1618],[3.7528,48.1567],[3.7551,48.1503],[3.7496,48.1469],[3.7457,48.1453],[3.7425,48.1426],[3.7397,48.1387],[3.7389,48.1359],[3.7399,48.1324],[3.7428,48.1306],[3.7479,48.1288],[3.7508,48.1261],[3.7569,48.1253],[3.7614,48.1296],[3.7621,48.1318],[3.7686,48.133],[3.7749,48.1288],[3.7772,48.1286],[3.7766,48.1245],[3.7805,48.1203],[3.788,48.1192],[3.7918,48.1177],[3.7931,48.1131],[3.7969,48.1108],[3.7989,48.1082],[3.8017,48.1067],[3.8057,48.1005],[3.8001,48.0972],[3.8011,48.0957],[3.7976,48.0923],[3.8,48.0886],[3.7995,48.0861],[3.807,48.0841],[3.8057,48.0821],[3.811,48.0784],[3.81,48.0778],[3.8169,48.0716],[3.8181,48.069],[3.8262,48.0637],[3.8239,48.062],[3.8293,48.0575],[3.8239,48.0532],[3.8304,48.0473],[3.8268,48.0444],[3.8242,48.0454],[3.8221,48.0441],[3.8254,48.0422],[3.8322,48.0364],[3.8344,48.0378],[3.8397,48.0357],[3.8432,48.0355],[3.8475,48.03],[3.8558,48.0249],[3.8565,48.0232],[3.8642,48.0192],[3.8681,48.0194],[3.8705,48.0169],[3.8699,48.0148],[3.871,48.0101],[3.8707,48.003],[3.868,48.0031],[3.8676,48.0051],[3.8636,48.007],[3.8577,48.006],[3.8547,48.0034],[3.8507,48.0043],[3.846,48.0034],[3.8396,48.0039],[3.8404,48.0023],[3.8391,47.9993],[3.8413,47.9979],[3.8415,47.9959],[3.8446,47.9959],[3.8469,47.9946],[3.8466,47.9927],[3.8504,47.9847],[3.85,47.9837],[3.8659,47.9845],[3.8617,47.9766],[3.8728,47.9776],[3.8723,47.9793],[3.8763,47.9797],[3.8799,47.9791],[3.8834,47.9852],[3.8776,47.9871],[3.8853,47.9916],[3.8814,47.998],[3.8815,48.0003],[3.8857,48.0003],[3.8916,48.0003],[3.8932,48.0018],[3.8975,47.998],[3.9015,47.9964],[3.9036,47.9917],[3.9068,47.9852],[3.9109,47.9818],[3.9147,47.9757],[3.9128,47.9687],[3.9077,47.9646],[3.905,47.958],[3.9059,47.9552],[3.9048,47.9524],[3.9025,47.9508],[3.904,47.9494],[3.9037,47.9463],[3.9021,47.9433],[3.8991,47.9406],[3.9034,47.9384],[3.8999,47.9359],[3.894,47.9292],[3.8956,47.9286],[3.8989,47.928],[3.9017,47.9257],[3.905,47.9251],[3.9069,47.9282],[3.9091,47.9284],[3.9116,47.9303],[3.9143,47.9303],[3.9183,47.9282],[3.9198,47.9289],[3.9263,47.9348],[3.9349,47.932],[3.9455,47.9348],[3.9481,47.9308],[3.9579,47.9351],[3.9617,47.9363],[3.9716,47.933],[3.9752,47.9312],[3.9805,47.931],[3.9812,47.9302],[3.9858,47.9307],[3.9912,47.9324],[3.9918,47.9353],[3.9937,47.9369],[4.0001,47.9395],[4.005,47.9426],[4.0081,47.9405],[4.0091,47.9385],[4.0136,47.9368],[4.0122,47.9327],[4.0159,47.931],[4.0163,47.9294],[4.0252,47.9286],[4.0313,47.9332],[4.0406,47.9292],[4.0438,47.9258],[4.054,47.9295],[4.0589,47.9317],[4.0571,47.9366],[4.0564,47.9408],[4.0569,47.9426],[4.0608,47.9458],[4.0656,47.9452],[4.0736,47.9432],[4.0779,47.943],[4.0851,47.9451],[4.0897,47.945],[4.093,47.9429],[4.0927,47.9413],[4.0917,47.9371],[4.09,47.9362],[4.0938,47.934],[4.0914,47.9296],[4.094,47.9266],[4.098,47.9295],[4.1071,47.9298],[4.1096,47.926],[4.1145,47.9288],[4.1169,47.9289],[4.1205,47.9324],[4.1221,47.9317],[4.1278,47.9342],[4.1302,47.9369],[4.1334,47.938],[4.1418,47.9371],[4.1424,47.9386],[4.1402,47.9428],[4.1436,47.945],[4.1458,47.948],[4.149,47.9482],[4.1499,47.9503],[4.1548,47.954],[4.1559,47.9558],[4.1658,47.96],[4.1672,47.9601],[4.1693,47.9573],[4.1729,47.9594],[4.1772,47.9575],[4.1813,47.9573],[4.1842,47.9559],[4.1852,47.9528],[4.1859,47.9469],[4.1855,47.9403],[4.1928,47.9395],[4.1942,47.9407],[4.2027,47.9417],[4.2071,47.9448],[4.2077,47.9475],[4.2054,47.9504],[4.2072,47.9532],[4.2047,47.9554],[4.2019,47.962],[4.1969,47.9645],[4.1929,47.965],[4.1955,47.9679],[4.1988,47.9697],[4.203,47.9733],[4.2047,47.9723],[4.2103,47.9716],[4.2158,47.9725],[4.221,47.9712],[4.2258,47.9721],[4.2284,47.9693],[4.2269,47.967],[4.2279,47.9625],[4.2249,47.9546],[4.2221,47.9497],[4.2239,47.9485],[4.2293,47.9461],[4.232,47.9426],[4.237,47.9408],[4.2421,47.9325],[4.2481,47.9293],[4.2566,47.9288],[4.2569,47.9268],[4.2665,47.924],[4.2746,47.9238],[4.2782,47.9244],[4.2883,47.9271],[4.2928,47.9259],[4.2973,47.9327],[4.303,47.9379],[4.3002,47.9432],[4.3004,47.9465],[4.2992,47.9488],[4.299,47.9505],[4.3026,47.9508],[4.3058,47.9543],[4.308,47.9563],[4.3076,47.958],[4.309,47.9612],[4.3127,47.9627],[4.3141,47.9614],[4.3197,47.9596],[4.3255,47.9598],[4.3348,47.959],[4.3404,47.958],[4.3431,47.9559],[4.3508,47.9567],[4.3615,47.9572],[4.3662,47.9584],[4.3724,47.9616],[4.3816,47.9613],[4.3838,47.9597],[4.3873,47.9622],[4.3915,47.9625],[4.3972,47.9622],[4.3987,47.9637],[4.4032,47.9656],[4.4085,47.9666],[4.4105,47.9676],[4.4172,47.9687],[4.4262,47.9668],[4.4352,47.9604],[4.438,47.9596],[4.4395,47.9583],[4.4456,47.9576],[4.4471,47.9564],[4.4533,47.9593],[4.4631,47.959],[4.4699,47.9599],[4.4716,47.9617],[4.4748,47.9627],[4.4842,47.9637],[4.4931,47.9682],[4.499,47.9684],[4.5097,47.9664],[4.5184,47.9668],[4.529,47.9698],[4.5321,47.97],[4.5434,47.9692],[4.5525,47.9679],[4.5542,47.9677],[4.5597,47.9715],[4.5586,47.9774],[4.555,47.986],[4.5453,47.9884],[4.541,47.992],[4.5397,47.9958],[4.5358,48.001],[4.5357,48.0068],[4.5495,48.0044],[4.5547,48.0124],[4.5556,48.0136],[4.5612,48.0156],[4.5634,48.0155],[4.5671,48.0186],[4.5708,48.0246],[4.5755,48.0266],[4.5783,48.0289],[4.5826,48.0285],[4.5851,48.0301],[4.59,48.0295],[4.5984,48.0305],[4.6055,48.0286],[4.6102,48.0288],[4.6165,48.0313],[4.6173,48.0284],[4.6198,48.0252],[4.622,48.0244]]]}},{"type":"Feature","properties":{"code":"28","nom":"Normandie","analysis_region_code":"28"},"geometry":{"type":"MultiPolygon","coordinates":[[[[0.2859,49.4292],[0.2969,49.4299],[0.3099,49.431],[0.3372,49.4339],[0.3376,49.4377],[0.3384,49.4454],[0.3388,49.45],[0.3328,49.4501],[0.3037,49.4515],[0.2747,49.4534],[0.2705,49.4507],[0.2692,49.4535],[0.2555,49.4545],[0.2468,49.4548],[0.2445,49.4528],[0.238,49.4517],[0.2317,49.4521],[0.231,49.4493],[0.225,49.4506],[0.2238,49.4542],[0.2189,49.4544],[0.2069,49.4536],[0.2055,49.4523],[0.1949,49.4517],[0.1931,49.4516],[0.1763,49.4531],[0.1785,49.4559],[0.1208,49.4639],[0.1178,49.4679],[0.1036,49.4766],[0.111,49.4751],[0.1174,49.4715],[0.1226,49.47],[0.1359,49.4684],[0.1513,49.4671],[0.1684,49.4714],[0.1744,49.4687],[0.1755,49.4713],[0.1705,49.4732],[0.1687,49.4761],[0.1577,49.4751],[0.149,49.4711],[0.1393,49.4719],[0.1341,49.4738],[0.1343,49.4768],[0.1135,49.4794],[0.1057,49.4811],[0.1059,49.482],[0.1128,49.4825],[0.1163,49.4843],[0.1125,49.4867],[0.1081,49.4846],[0.1017,49.4839],[0.0977,49.4865],[0.0985,49.4873],[0.0968,49.4915],[0.0931,49.4912],[0.0918,49.4926],[0.0886,49.5],[0.0854,49.5019],[0.084,49.5021],[0.0708,49.5059],[0.0662,49.5102],[0.0657,49.5126],[0.0668,49.5188],[0.0704,49.529],[0.0776,49.54],[0.0822,49.5474],[0.0897,49.5574],[0.0948,49.5648],[0.0989,49.57],[0.1073,49.5847],[0.1111,49.5891],[0.1166,49.5957],[0.1235,49.6032],[0.1287,49.6099],[0.1369,49.6205],[0.1432,49.6302],[0.1498,49.6392],[0.1528,49.6441],[0.1536,49.6473],[0.1516,49.6498],[0.1519,49.655],[0.1534,49.6618],[0.1574,49.6626],[0.16,49.6672],[0.1597,49.67],[0.1612,49.6777],[0.1631,49.6798],[0.1644,49.6834],[0.1635,49.6856],[0.17,49.6907],[0.1717,49.6909],[0.1779,49.6944],[0.18,49.6962],[0.1824,49.6989],[0.1852,49.6998],[0.1939,49.7066],[0.1979,49.7066],[0.2034,49.71],[0.2063,49.714],[0.2091,49.7137],[0.2171,49.716],[0.2189,49.7171],[0.2254,49.7178],[0.2273,49.7175],[0.2361,49.7189],[0.2459,49.7224],[0.252,49.7235],[0.2616,49.7282],[0.2648,49.7288],[0.2699,49.7311],[0.2746,49.7333],[0.2873,49.7383],[0.2893,49.7377],[0.2939,49.7395],[0.2995,49.74],[0.3037,49.7417],[0.3074,49.7399],[0.312,49.7397],[0.3198,49.7414],[0.3363,49.7467],[0.3383,49.7477],[0.3473,49.751],[0.3556,49.7556],[0.3593,49.758],[0.3624,49.7616],[0.3669,49.7609],[0.3692,49.7634],[0.3658,49.7651],[0.3661,49.7666],[0.37,49.769],[0.3744,49.7684],[0.3875,49.7718],[0.3935,49.7741],[0.4011,49.7762],[0.4131,49.7802],[0.4216,49.7844],[0.4234,49.7841],[0.4286,49.7866],[0.4319,49.7872],[0.4401,49.791],[0.4482,49.7939],[0.454,49.7974],[0.4596,49.7984],[0.4639,49.8001],[0.4701,49.8034],[0.4727,49.8037],[0.4836,49.808],[0.4893,49.8098],[0.4962,49.8157],[0.5073,49.82],[0.5119,49.8193],[0.5168,49.822],[0.5222,49.8241],[0.5241,49.8256],[0.5341,49.8338],[0.5392,49.8351],[0.542,49.8372],[0.5526,49.8419],[0.5621,49.8454],[0.5729,49.8495],[0.5804,49.8518],[0.5899,49.8534],[0.6,49.8531],[0.6074,49.8563],[0.6114,49.8577],[0.6188,49.8584],[0.6283,49.8619],[0.6308,49.8603],[0.6398,49.8633],[0.6453,49.864],[0.6534,49.8655],[0.6558,49.8654],[0.6631,49.8667],[0.6687,49.8671],[0.6732,49.8669],[0.6914,49.871],[0.6987,49.8713],[0.709,49.8732],[0.7119,49.8702],[0.7137,49.8706],[0.7209,49.8692],[0.7434,49.871],[0.7504,49.8709],[0.7639,49.8715],[0.7691,49.8718],[0.7872,49.8746],[0.8013,49.878],[0.8083,49.8805],[0.8161,49.8826],[0.8293,49.8883],[0.8332,49.8892],[0.8396,49.8891],[0.8428,49.8891],[0.857,49.8924],[0.8735,49.8943],[0.8888,49.8973],[0.8989,49.9],[0.9042,49.9014],[0.9163,49.9035],[0.9299,49.9067],[0.9419,49.9109],[0.9525,49.917],[0.9588,49.9191],[0.9631,49.9197],[0.9727,49.919],[0.9941,49.9171],[1.0042,49.9172],[1.0084,49.9164],[1.0184,49.9157],[1.0257,49.9165],[1.0356,49.9187],[1.04,49.92],[1.0642,49.9252],[1.0762,49.9297],[1.0832,49.9337],[1.0861,49.9323],[1.0885,49.9333],[1.0863,49.9358],[1.0889,49.9371],[1.095,49.9344],[1.1058,49.9363],[1.1098,49.9383],[1.1158,49.9404],[1.1229,49.9436],[1.1276,49.9447],[1.1629,49.9564],[1.1721,49.9613],[1.1846,49.9661],[1.1932,49.9672],[1.2009,49.9707],[1.2076,49.9762],[1.2088,49.98],[1.2194,49.985],[1.2274,49.9852],[1.2353,49.9896],[1.2436,49.9934],[1.2513,49.9978],[1.2595,50.0039],[1.2714,50.0113],[1.2798,50.016],[1.2882,50.0219],[1.2985,50.0283],[1.3059,50.0314],[1.3121,50.0333],[1.3229,50.0398],[1.3292,50.046],[1.3316,50.0465],[1.3388,50.0499],[1.3425,50.0516],[1.3502,50.0545],[1.3565,50.0575],[1.3622,50.0589],[1.3682,50.0638],[1.3698,50.064],[1.3723,50.061],[1.374,50.0632],[1.3805,50.0657],[1.3806,50.0644],[1.3852,50.064],[1.3866,50.0614],[1.3925,50.0608],[1.3922,50.0635],[1.3963,50.0643],[1.3959,50.0612],[1.3973,50.0583],[1.4004,50.0587],[1.4034,50.0572],[1.4087,50.0571],[1.4129,50.0631],[1.4153,50.0632],[1.4202,50.0662],[1.4219,50.0694],[1.4232,50.0711],[1.4265,50.0714],[1.4288,50.0704],[1.4416,50.0704],[1.4493,50.0693],[1.4533,50.0645],[1.4592,50.0627],[1.4549,50.0558],[1.4565,50.0498],[1.4556,50.0486],[1.4559,50.0444],[1.4494,50.047],[1.4489,50.0455],[1.4532,50.0422],[1.4529,50.039],[1.4586,50.037],[1.4672,50.0351],[1.4708,50.0351],[1.4734,50.0336],[1.4776,50.0302],[1.4783,50.0274],[1.4844,50.0247],[1.4866,50.0229],[1.4903,50.0217],[1.4909,50.0189],[1.4931,50.0176],[1.498,50.0196],[1.5092,50.0142],[1.5163,50.0121],[1.5183,50.0101],[1.516,50.008],[1.5175,50.005],[1.5225,50.0039],[1.5251,49.9986],[1.5273,49.9957],[1.5274,49.9947],[1.5329,49.9938],[1.5351,49.9914],[1.5475,49.9872],[1.5524,49.9837],[1.5581,49.9787],[1.5617,49.9783],[1.5655,49.9758],[1.5701,49.9759],[1.5745,49.9733],[1.5762,49.9709],[1.5741,49.9696],[1.5778,49.9632],[1.5812,49.9632],[1.5861,49.9588],[1.5884,49.9577],[1.5871,49.9559],[1.5909,49.9542],[1.5913,49.9515],[1.5946,49.9486],[1.5997,49.947],[1.6033,49.943],[1.6086,49.9418],[1.6156,49.9402],[1.6225,49.9347],[1.6297,49.9344],[1.6398,49.9319],[1.6476,49.9286],[1.6546,49.9262],[1.6597,49.9253],[1.6594,49.9239],[1.6623,49.9221],[1.6665,49.9214],[1.6694,49.922],[1.6736,49.9191],[1.679,49.9167],[1.6784,49.9136],[1.6834,49.9118],[1.6856,49.9063],[1.6852,49.9035],[1.6905,49.9023],[1.6917,49.8986],[1.6934,49.8944],[1.6967,49.8934],[1.7026,49.8932],[1.7057,49.8919],[1.7063,49.89],[1.7101,49.8894],[1.7121,49.8868],[1.7125,49.8832],[1.7113,49.8819],[1.7142,49.8759],[1.7115,49.874],[1.7148,49.8663],[1.7185,49.8658],[1.72,49.8619],[1.7202,49.8594],[1.7188,49.8531],[1.7204,49.8501],[1.7172,49.8482],[1.7213,49.8464],[1.7258,49.8453],[1.7244,49.8427],[1.7259,49.8398],[1.7255,49.8364],[1.7272,49.8352],[1.7253,49.8331],[1.7274,49.8302],[1.7271,49.8282],[1.7294,49.8249],[1.7299,49.8215],[1.7336,49.8171],[1.7323,49.8162],[1.7336,49.8135],[1.7376,49.8077],[1.7405,49.8076],[1.7437,49.8053],[1.7446,49.8034],[1.7465,49.8029],[1.7449,49.7994],[1.7468,49.7966],[1.7488,49.7957],[1.7523,49.7922],[1.755,49.7883],[1.7575,49.7861],[1.7583,49.7828],[1.7583,49.7803],[1.7623,49.7801],[1.7674,49.778],[1.7711,49.778],[1.7791,49.7709],[1.7812,49.7676],[1.7844,49.7637],[1.7838,49.7583],[1.7789,49.758],[1.7663,49.7566],[1.7605,49.7576],[1.7552,49.7621],[1.7498,49.7639],[1.7473,49.7608],[1.7479,49.7581],[1.7446,49.7556],[1.743,49.7528],[1.7403,49.7496],[1.7438,49.7454],[1.7436,49.7427],[1.7459,49.7387],[1.7429,49.7384],[1.7357,49.735],[1.7305,49.7337],[1.7232,49.7302],[1.7196,49.7306],[1.7135,49.7342],[1.7121,49.7327],[1.7133,49.7221],[1.7146,49.7184],[1.7148,49.7138],[1.7153,49.7088],[1.7127,49.705],[1.7055,49.7073],[1.7009,49.7021],[1.6925,49.6967],[1.6889,49.6953],[1.6889,49.6939],[1.6955,49.6906],[1.702,49.6854],[1.7052,49.6813],[1.7135,49.6824],[1.7181,49.6851],[1.7201,49.6895],[1.7242,49.6941],[1.7272,49.6953],[1.7333,49.6991],[1.7381,49.7008],[1.7433,49.7018],[1.745,49.6982],[1.7511,49.6944],[1.7489,49.6927],[1.7507,49.688],[1.7502,49.6864],[1.7523,49.6811],[1.7457,49.6797],[1.7338,49.6739],[1.7229,49.6723],[1.7233,49.6695],[1.7221,49.6667],[1.7225,49.6616],[1.7196,49.6566],[1.7128,49.6548],[1.7123,49.6515],[1.7084,49.6463],[1.7058,49.6455],[1.6986,49.6445],[1.7045,49.6399],[1.7111,49.6353],[1.7173,49.6331],[1.7171,49.632],[1.721,49.6253],[1.7215,49.6232],[1.7183,49.6194],[1.7179,49.6147],[1.7107,49.6126],[1.7059,49.6064],[1.6999,49.6025],[1.6939,49.6011],[1.6951,49.5998],[1.7014,49.5989],[1.7024,49.5963],[1.7088,49.5949],[1.7053,49.5909],[1.7089,49.5871],[1.7106,49.5869],[1.7179,49.5886],[1.7209,49.59],[1.7222,49.5891],[1.7196,49.5839],[1.7201,49.5817],[1.7161,49.5822],[1.7102,49.5799],[1.7059,49.5798],[1.7015,49.5828],[1.6975,49.5826],[1.6925,49.5805],[1.6913,49.5791],[1.6939,49.5791],[1.6996,49.5808],[1.7008,49.5797],[1.6944,49.575],[1.6977,49.5723],[1.7022,49.5755],[1.7076,49.5775],[1.714,49.5776],[1.7205,49.5696],[1.7255,49.5643],[1.73,49.5614],[1.7268,49.558],[1.7309,49.5563],[1.7283,49.554],[1.7264,49.5483],[1.7228,49.5442],[1.7322,49.5413],[1.7393,49.5434],[1.7449,49.5395],[1.7455,49.5393],[1.7478,49.5387],[1.7463,49.5352],[1.7418,49.533],[1.7443,49.5315],[1.7442,49.5292],[1.7353,49.525],[1.7381,49.5213],[1.7377,49.52],[1.7261,49.5139],[1.7215,49.5111],[1.7198,49.5089],[1.717,49.5059],[1.7165,49.5038],[1.7192,49.503],[1.7209,49.5038],[1.7251,49.5032],[1.7253,49.4997],[1.7309,49.5001],[1.734,49.4991],[1.7368,49.5004],[1.7401,49.4994],[1.7444,49.4942],[1.7435,49.49],[1.7467,49.49],[1.7526,49.4973],[1.7496,49.5007],[1.7508,49.5038],[1.7532,49.5042],[1.7576,49.507],[1.7571,49.5095],[1.7595,49.5114],[1.763,49.5113],[1.7668,49.5094],[1.7682,49.5121],[1.7713,49.5131],[1.7803,49.5099],[1.785,49.5069],[1.7875,49.5065],[1.7903,49.5035],[1.7879,49.4991],[1.7908,49.498],[1.7875,49.4935],[1.789,49.4904],[1.7791,49.4908],[1.7767,49.488],[1.772,49.4849],[1.7763,49.4827],[1.7733,49.4801],[1.7727,49.4781],[1.776,49.476],[1.7766,49.4731],[1.7736,49.472],[1.7712,49.4691],[1.766,49.466],[1.7621,49.466],[1.7602,49.4636],[1.7562,49.4617],[1.7505,49.4609],[1.7475,49.4595],[1.7509,49.4564],[1.7521,49.4537],[1.7476,49.4511],[1.74,49.4491],[1.738,49.449],[1.7339,49.4429],[1.7335,49.4411],[1.7315,49.4404],[1.7276,49.442],[1.7245,49.4411],[1.7243,49.4395],[1.7282,49.4373],[1.7273,49.4358],[1.7235,49.4346],[1.7221,49.4295],[1.7236,49.4274],[1.7208,49.4242],[1.7242,49.4223],[1.7208,49.4182],[1.7164,49.4169],[1.7151,49.415],[1.7161,49.4107],[1.714,49.4093],[1.714,49.407],[1.7165,49.4033],[1.7195,49.4038],[1.7208,49.4057],[1.7241,49.4057],[1.7295,49.4067],[1.737,49.4073],[1.7405,49.4056],[1.7375,49.4046],[1.7335,49.4015],[1.7297,49.4007],[1.7272,49.3975],[1.7237,49.3971],[1.7199,49.3955],[1.7212,49.3931],[1.7301,49.3907],[1.7362,49.3838],[1.7412,49.3812],[1.745,49.3803],[1.7479,49.3747],[1.7478,49.3717],[1.7503,49.3706],[1.7568,49.3706],[1.7565,49.369],[1.7595,49.3682],[1.7614,49.3606],[1.758,49.357],[1.7603,49.3554],[1.7597,49.3536],[1.7612,49.351],[1.7642,49.3483],[1.7666,49.345],[1.7659,49.3425],[1.7689,49.341],[1.7685,49.3392],[1.7742,49.3375],[1.7743,49.3342],[1.772,49.3309],[1.7727,49.3292],[1.7708,49.326],[1.7688,49.324],[1.7671,49.3161],[1.7721,49.3141],[1.7702,49.3109],[1.7732,49.3099],[1.773,49.3073],[1.775,49.3056],[1.7747,49.3008],[1.7753,49.2984],[1.7719,49.294],[1.7723,49.2911],[1.7844,49.2932],[1.7914,49.2882],[1.7976,49.2885],[1.7979,49.2853],[1.794,49.2829],[1.7975,49.2799],[1.7941,49.2774],[1.7935,49.2743],[1.8024,49.2735],[1.8023,49.2719],[1.7988,49.2679],[1.795,49.2624],[1.7938,49.2592],[1.7894,49.2537],[1.7904,49.2469],[1.7903,49.2468],[1.7891,49.249],[1.7794,49.2485],[1.7669,49.252],[1.7688,49.2562],[1.7668,49.2615],[1.765,49.2634],[1.759,49.2628],[1.7583,49.2676],[1.7589,49.2722],[1.7544,49.27],[1.7504,49.2675],[1.7463,49.269],[1.7441,49.2682],[1.7398,49.2689],[1.7364,49.2703],[1.7318,49.2678],[1.7302,49.2661],[1.7262,49.2648],[1.7116,49.2645],[1.7076,49.261],[1.7084,49.2579],[1.7065,49.2542],[1.7012,49.2527],[1.7012,49.2518],[1.6988,49.2457],[1.7015,49.2425],[1.702,49.2391],[1.699,49.235],[1.7044,49.2324],[1.7038,49.2295],[1.6987,49.2261],[1.6987,49.2249],[1.6925,49.2239],[1.6908,49.2226],[1.6886,49.2185],[1.6861,49.2181],[1.6774,49.2136],[1.6748,49.2117],[1.6742,49.2088],[1.6722,49.2063],[1.675,49.2041],[1.6769,49.2027],[1.6748,49.1968],[1.6705,49.1934],[1.6705,49.1899],[1.6692,49.1875],[1.6708,49.1845],[1.6716,49.1808],[1.6674,49.1797],[1.6663,49.1755],[1.6702,49.1701],[1.6648,49.166],[1.663,49.1594],[1.6607,49.1576],[1.6641,49.1541],[1.6595,49.1515],[1.6585,49.1491],[1.6531,49.1449],[1.6524,49.1411],[1.6532,49.1369],[1.6567,49.1376],[1.6568,49.1339],[1.6578,49.1319],[1.6556,49.1308],[1.6503,49.1271],[1.6499,49.1252],[1.6464,49.1237],[1.6466,49.1214],[1.6424,49.1166],[1.6395,49.1164],[1.6297,49.1102],[1.6294,49.1073],[1.6267,49.1047],[1.6273,49.1029],[1.6214,49.1007],[1.6213,49.0982],[1.6191,49.0973],[1.6176,49.094],[1.6226,49.0934],[1.6228,49.091],[1.6192,49.0877],[1.6234,49.086],[1.6157,49.0823],[1.6087,49.0777],[1.6035,49.0833],[1.605,49.0852],[1.598,49.084],[1.5942,49.0827],[1.5905,49.0814],[1.5729,49.0781],[1.5719,49.0767],[1.5688,49.073],[1.5579,49.0691],[1.5532,49.0704],[1.5504,49.0726],[1.5466,49.0723],[1.5425,49.0725],[1.5417,49.0737],[1.5342,49.071],[1.5298,49.0704],[1.5213,49.0683],[1.5167,49.0761],[1.5179,49.0792],[1.5125,49.0838],[1.5098,49.0842],[1.5143,49.0794],[1.5093,49.0699],[1.5097,49.0663],[1.5048,49.0604],[1.5029,49.0593],[1.4971,49.0584],[1.4934,49.0569],[1.4878,49.0533],[1.4871,49.0516],[1.4829,49.0523],[1.4788,49.0522],[1.4741,49.0546],[1.4719,49.0581],[1.4648,49.0609],[1.4618,49.064],[1.4558,49.0573],[1.4473,49.0535],[1.4528,49.0504],[1.4502,49.048],[1.4463,49.0463],[1.454,49.0383],[1.4582,49.0345],[1.4574,49.0305],[1.458,49.026],[1.461,49.0237],[1.4716,49.0186],[1.477,49.0168],[1.4777,49.0139],[1.4739,49.0097],[1.48,49.0072],[1.4803,49.0052],[1.4807,49.001],[1.477,48.9973],[1.4741,48.9978],[1.4691,48.9932],[1.4717,48.9897],[1.4615,48.989],[1.461,48.9867],[1.4627,48.9848],[1.4652,48.9848],[1.4668,48.9829],[1.4675,48.9798],[1.471,48.975],[1.4776,48.977],[1.4753,48.9795],[1.4787,48.9807],[1.4813,48.9785],[1.4842,48.9798],[1.4916,48.9791],[1.4978,48.9797],[1.5079,48.9839],[1.5124,48.9787],[1.5183,48.9784],[1.5152,48.9765],[1.505,48.9731],[1.5054,48.9726],[1.4966,48.9695],[1.4918,48.9646],[1.4969,48.9622],[1.4988,48.9603],[1.499,48.9568],[1.4952,48.9568],[1.5011,48.9527],[1.5055,48.9523],[1.5058,48.9539],[1.5109,48.9536],[1.5014,48.941],[1.499,48.9388],[1.4959,48.9384],[1.4922,48.9362],[1.4804,48.9405],[1.4728,48.9398],[1.4611,48.9375],[1.4598,48.9348],[1.4586,48.9279],[1.4542,48.9255],[1.4478,48.9246],[1.4526,48.9216],[1.4511,48.9198],[1.4595,48.9145],[1.4552,48.9133],[1.4597,48.911],[1.4605,48.9097],[1.4621,48.9051],[1.4608,48.9007],[1.4619,48.8993],[1.4658,48.8998],[1.4716,48.8975],[1.4713,48.8946],[1.4678,48.8918],[1.4665,48.8885],[1.4669,48.8837],[1.4654,48.8793],[1.4646,48.8768],[1.4607,48.8726],[1.4577,48.8716],[1.4555,48.8704],[1.4499,48.8695],[1.4448,48.8677],[1.4409,48.8648],[1.4388,48.8646],[1.4352,48.8662],[1.4303,48.8663],[1.4246,48.8627],[1.4239,48.8613],[1.4186,48.8616],[1.4059,48.8611],[1.4022,48.8583],[1.3981,48.8567],[1.3962,48.8519],[1.3899,48.8463],[1.3798,48.8433],[1.3734,48.8389],[1.3705,48.838],[1.3663,48.8353],[1.363,48.8347],[1.3596,48.8311],[1.3596,48.8222],[1.3587,48.8196],[1.3558,48.8167],[1.3587,48.814],[1.3663,48.8047],[1.3681,48.8028],[1.3702,48.8007],[1.3746,48.796],[1.3771,48.7916],[1.3775,48.7893],[1.374,48.7835],[1.3735,48.781],[1.3651,48.784],[1.3615,48.7801],[1.3563,48.7794],[1.3558,48.7792],[1.3527,48.7789],[1.3501,48.7758],[1.342,48.7724],[1.3379,48.7694],[1.3377,48.7683],[1.3332,48.7628],[1.3276,48.7604],[1.3196,48.7608],[1.3181,48.7623],[1.3133,48.7641],[1.3115,48.7649],[1.3067,48.7662],[1.3048,48.7657],[1.2996,48.7679],[1.2964,48.7681],[1.2874,48.7641],[1.2798,48.7626],[1.2783,48.763],[1.2709,48.7627],[1.2699,48.7612],[1.2702,48.7576],[1.2682,48.7573],[1.2646,48.7574],[1.2546,48.7585],[1.2566,48.7657],[1.2535,48.7661],[1.2455,48.7695],[1.2229,48.7673],[1.2244,48.7634],[1.2292,48.7628],[1.2302,48.7617],[1.223,48.758],[1.2159,48.762],[1.2118,48.7634],[1.2082,48.7664],[1.2044,48.7666],[1.1986,48.7695],[1.1942,48.7705],[1.1874,48.773],[1.1829,48.7717],[1.1738,48.7705],[1.1682,48.7704],[1.1631,48.7691],[1.1538,48.7736],[1.149,48.7778],[1.1484,48.7798],[1.1508,48.7814],[1.1504,48.7834],[1.1519,48.7859],[1.1468,48.7848],[1.1428,48.786],[1.1354,48.7853],[1.1297,48.7883],[1.1214,48.7892],[1.1174,48.7845],[1.1189,48.7834],[1.1204,48.7789],[1.1199,48.7757],[1.1224,48.7709],[1.1249,48.7676],[1.1181,48.7661],[1.1174,48.764],[1.1191,48.7616],[1.1181,48.7603],[1.1196,48.7557],[1.1179,48.7543],[1.1127,48.7519],[1.1148,48.7466],[1.1139,48.7461],[1.1111,48.7469],[1.1104,48.7497],[1.1066,48.7485],[1.1033,48.7492],[1.1014,48.7515],[1.096,48.7487],[1.0923,48.75],[1.0902,48.7541],[1.0873,48.7538],[1.0884,48.7568],[1.0848,48.7561],[1.0822,48.7529],[1.0796,48.7525],[1.0771,48.7501],[1.0697,48.7488],[1.0687,48.7516],[1.0686,48.7562],[1.0671,48.7584],[1.0629,48.7591],[1.0583,48.7565],[1.0556,48.7527],[1.0529,48.7521],[1.0469,48.7484],[1.0474,48.7456],[1.0435,48.7426],[1.0367,48.7416],[1.034,48.7394],[1.0342,48.7339],[1.0363,48.7332],[1.0366,48.7303],[1.0329,48.7285],[1.029,48.7287],[1.0266,48.7328],[1.0221,48.7348],[1.0191,48.734],[1.0168,48.7284],[1.0107,48.7281],[1.0065,48.7271],[0.9974,48.7283],[0.9943,48.7264],[0.9905,48.7256],[0.9851,48.7259],[0.9817,48.729],[0.9782,48.7309],[0.9773,48.7301],[0.9689,48.7283],[0.9615,48.7258],[0.957,48.7211],[0.9583,48.7194],[0.956,48.7173],[0.9496,48.7146],[0.941,48.7132],[0.9369,48.7138],[0.931,48.7124],[0.9269,48.7105],[0.9212,48.7092],[0.9201,48.7124],[0.9161,48.7111],[0.9087,48.71],[0.9071,48.7117],[0.8994,48.7105],[0.8979,48.7133],[0.8947,48.7157],[0.8902,48.7204],[0.8865,48.7175],[0.8837,48.7178],[0.8769,48.7157],[0.8726,48.7132],[0.8714,48.7081],[0.8666,48.7036],[0.8668,48.7012],[0.8687,48.6989],[0.8654,48.6973],[0.8608,48.6933],[0.864,48.6878],[0.8588,48.6856],[0.8538,48.6856],[0.8503,48.6829],[0.8464,48.6823],[0.8421,48.679],[0.8344,48.6811],[0.8273,48.6807],[0.8238,48.6787],[0.8148,48.6702],[0.8093,48.6647],[0.8108,48.6612],[0.8176,48.6598],[0.8189,48.6575],[0.8186,48.6538],[0.8234,48.6507],[0.8248,48.6483],[0.8216,48.6446],[0.8226,48.643],[0.8232,48.6385],[0.8216,48.6362],[0.8247,48.6338],[0.8318,48.6334],[0.8275,48.6311],[0.8242,48.6272],[0.8228,48.6232],[0.8211,48.6229],[0.8172,48.6157],[0.8196,48.6099],[0.8226,48.6089],[0.8281,48.6109],[0.8344,48.6104],[0.8366,48.6087],[0.8398,48.6082],[0.8471,48.6097],[0.8467,48.6031],[0.8473,48.5971],[0.85,48.5916],[0.8489,48.5887],[0.8496,48.5843],[0.8522,48.5816],[0.8576,48.5804],[0.8593,48.578],[0.8669,48.5744],[0.8683,48.5728],[0.8805,48.5742],[0.8941,48.5717],[0.8984,48.5697],[0.9033,48.566],[0.9059,48.566],[0.9237,48.5583],[0.9257,48.5599],[0.9308,48.5555],[0.9336,48.5547],[0.9386,48.5508],[0.9366,48.5468],[0.9321,48.5467],[0.931,48.5433],[0.9269,48.5422],[0.9225,48.5377],[0.9258,48.5354],[0.932,48.5342],[0.933,48.5326],[0.9388,48.5321],[0.9407,48.5311],[0.9447,48.5309],[0.9476,48.5281],[0.952,48.5263],[0.9571,48.5257],[0.9604,48.5243],[0.9674,48.5239],[0.9653,48.518],[0.9623,48.5157],[0.9534,48.5031],[0.9466,48.501],[0.9415,48.4988],[0.9441,48.4962],[0.9498,48.4935],[0.9554,48.4929],[0.9555,48.486],[0.9542,48.4833],[0.9564,48.4824],[0.9536,48.4802],[0.9449,48.4771],[0.9409,48.4776],[0.9357,48.4756],[0.9383,48.4692],[0.9374,48.4678],[0.9399,48.4657],[0.939,48.4608],[0.9428,48.4574],[0.9457,48.4574],[0.9477,48.456],[0.9474,48.4536],[0.9509,48.4496],[0.9538,48.448],[0.9538,48.4466],[0.9585,48.4425],[0.9715,48.4415],[0.9735,48.4438],[0.9766,48.4411],[0.9764,48.4388],[0.9712,48.4345],[0.9655,48.4309],[0.9566,48.4274],[0.9548,48.4224],[0.9493,48.4201],[0.9482,48.4179],[0.9453,48.4182],[0.9437,48.4138],[0.9437,48.4101],[0.9462,48.4064],[0.9472,48.4034],[0.9494,48.4021],[0.9504,48.3995],[0.9447,48.3996],[0.9406,48.3983],[0.9362,48.3953],[0.9366,48.3939],[0.9289,48.3907],[0.9289,48.3882],[0.9263,48.3842],[0.9227,48.3835],[0.9204,48.3799],[0.9167,48.3795],[0.9143,48.3777],[0.9164,48.3745],[0.9126,48.3739],[0.9111,48.3718],[0.9073,48.3701],[0.9063,48.3719],[0.9006,48.374],[0.8965,48.371],[0.8976,48.3702],[0.8924,48.3665],[0.8883,48.3615],[0.8835,48.3565],[0.8794,48.3567],[0.8756,48.3554],[0.8729,48.3562],[0.8714,48.3596],[0.8667,48.355],[0.8635,48.3537],[0.862,48.3509],[0.8583,48.3495],[0.8523,48.3485],[0.8471,48.3513],[0.8399,48.3527],[0.8405,48.3504],[0.8441,48.3506],[0.8424,48.3466],[0.8408,48.3469],[0.8336,48.3452],[0.8314,48.3454],[0.828,48.3423],[0.8244,48.3455],[0.8211,48.347],[0.8184,48.3495],[0.8147,48.3487],[0.8129,48.3494],[0.8068,48.3442],[0.8035,48.3452],[0.7944,48.3425],[0.7915,48.3428],[0.7877,48.3412],[0.7854,48.3405],[0.7842,48.3336],[0.7814,48.3327],[0.7708,48.324],[0.7689,48.3218],[0.7691,48.3179],[0.7681,48.3154],[0.7689,48.3132],[0.7662,48.3129],[0.7625,48.3106],[0.7627,48.3075],[0.756,48.3006],[0.7593,48.3001],[0.7604,48.2983],[0.7692,48.3025],[0.7743,48.3017],[0.7785,48.3034],[0.7825,48.3004],[0.7859,48.2989],[0.7909,48.2944],[0.7974,48.2914],[0.8024,48.2905],[0.8051,48.2911],[0.8077,48.2898],[0.8048,48.2884],[0.7964,48.2871],[0.7917,48.2811],[0.7922,48.278],[0.788,48.2745],[0.7859,48.2711],[0.7918,48.2651],[0.7875,48.2619],[0.7913,48.2611],[0.7918,48.2585],[0.7963,48.2544],[0.7989,48.2534],[0.8021,48.2499],[0.8007,48.2473],[0.8021,48.2448],[0.8046,48.2433],[0.806,48.2398],[0.8148,48.2324],[0.8185,48.2283],[0.819,48.2259],[0.8222,48.2236],[0.8258,48.221],[0.8303,48.2138],[0.8306,48.2107],[0.8243,48.2107],[0.8178,48.2085],[0.8148,48.2057],[0.8126,48.2064],[0.8054,48.2055],[0.8071,48.2001],[0.8088,48.1976],[0.7979,48.1948],[0.7816,48.1889],[0.7773,48.1883],[0.7725,48.1849],[0.7672,48.1833],[0.7604,48.1802],[0.7577,48.1799],[0.7555,48.1824],[0.7523,48.1838],[0.7446,48.1851],[0.7384,48.1893],[0.7353,48.1928],[0.7346,48.1963],[0.7283,48.2008],[0.7236,48.1983],[0.722,48.2001],[0.7215,48.203],[0.7222,48.204],[0.7185,48.2085],[0.7157,48.2148],[0.7116,48.2152],[0.7115,48.2168],[0.7045,48.219],[0.7068,48.2227],[0.7022,48.2259],[0.7008,48.2306],[0.6957,48.2349],[0.6954,48.2365],[0.6926,48.2385],[0.6887,48.2392],[0.6861,48.2407],[0.6858,48.2442],[0.6882,48.246],[0.6871,48.2481],[0.682,48.249],[0.6841,48.2541],[0.6788,48.2553],[0.6734,48.2547],[0.6709,48.2556],[0.6645,48.261],[0.6617,48.2605],[0.6518,48.2642],[0.6457,48.2622],[0.6388,48.2607],[0.6373,48.2584],[0.6333,48.2575],[0.6319,48.2548],[0.6315,48.2501],[0.6336,48.2489],[0.6327,48.2465],[0.6371,48.24],[0.6385,48.2354],[0.6319,48.2346],[0.628,48.2377],[0.6306,48.2397],[0.6302,48.2417],[0.6261,48.2431],[0.6237,48.2455],[0.6168,48.243],[0.6114,48.2422],[0.6076,48.2447],[0.6007,48.2447],[0.5964,48.2453],[0.5936,48.2447],[0.586,48.2454],[0.5791,48.2445],[0.5674,48.2451],[0.5608,48.246],[0.5596,48.2472],[0.5518,48.2478],[0.547,48.2506],[0.542,48.2492],[0.5374,48.2492],[0.5373,48.2523],[0.5385,48.2571],[0.5372,48.2596],[0.5326,48.2648],[0.5303,48.2655],[0.5206,48.2662],[0.5168,48.2677],[0.5127,48.2677],[0.508,48.2735],[0.5024,48.2756],[0.5033,48.2778],[0.4968,48.2823],[0.4946,48.282],[0.4931,48.2841],[0.4958,48.2883],[0.5022,48.2937],[0.5061,48.2937],[0.5075,48.2953],[0.5007,48.301],[0.4928,48.3058],[0.4902,48.3096],[0.4873,48.3076],[0.4832,48.3029],[0.4805,48.2985],[0.4737,48.3005],[0.4662,48.306],[0.4633,48.3053],[0.4578,48.3053],[0.4559,48.3066],[0.4428,48.3046],[0.4384,48.3065],[0.4312,48.3067],[0.4313,48.3086],[0.4283,48.3106],[0.4277,48.315],[0.4249,48.3178],[0.4197,48.3214],[0.4155,48.3216],[0.4118,48.3208],[0.4128,48.3173],[0.4091,48.3168],[0.406,48.3148],[0.404,48.3159],[0.3988,48.3205],[0.3957,48.3203],[0.393,48.3226],[0.3908,48.3268],[0.3827,48.3339],[0.3805,48.3432],[0.3841,48.3431],[0.3852,48.347],[0.3876,48.3474],[0.3881,48.349],[0.3865,48.3526],[0.3836,48.3527],[0.3823,48.3583],[0.3826,48.3609],[0.3803,48.3664],[0.3804,48.3693],[0.3807,48.3739],[0.3797,48.3763],[0.3799,48.3802],[0.3787,48.3832],[0.376,48.3843],[0.3739,48.387],[0.3762,48.3914],[0.3744,48.3948],[0.3751,48.399],[0.3726,48.4047],[0.3727,48.4083],[0.3715,48.4108],[0.3733,48.4127],[0.3772,48.4135],[0.381,48.4163],[0.3813,48.422],[0.3826,48.4251],[0.3788,48.4265],[0.3758,48.4304],[0.3733,48.4338],[0.3711,48.4346],[0.3705,48.4372],[0.3678,48.4377],[0.3685,48.4416],[0.366,48.4434],[0.3655,48.4482],[0.3633,48.4523],[0.3584,48.4544],[0.3589,48.4558],[0.3567,48.4579],[0.3527,48.4597],[0.3506,48.4589],[0.3461,48.4587],[0.3412,48.461],[0.3355,48.4636],[0.3382,48.4655],[0.3293,48.4683],[0.3268,48.4718],[0.3215,48.4729],[0.3171,48.4714],[0.3148,48.4732],[0.3118,48.4722],[0.309,48.4726],[0.3062,48.4756],[0.3042,48.4751],[0.3011,48.4803],[0.2961,48.4804],[0.2923,48.4787],[0.2886,48.4785],[0.2836,48.4815],[0.2783,48.4809],[0.2758,48.4792],[0.2726,48.4806],[0.2721,48.4825],[0.2655,48.485],[0.2625,48.4828],[0.2618,48.4797],[0.2594,48.477],[0.2488,48.474],[0.2436,48.474],[0.2409,48.476],[0.237,48.4749],[0.2337,48.4731],[0.2286,48.4726],[0.2179,48.4738],[0.2133,48.4735],[0.2094,48.4706],[0.204,48.4697],[0.2049,48.4685],[0.1988,48.4665],[0.1947,48.4636],[0.1901,48.4619],[0.1843,48.4635],[0.1836,48.4647],[0.1772,48.4655],[0.1734,48.4653],[0.1697,48.4617],[0.1694,48.459],[0.1709,48.4535],[0.1736,48.4508],[0.1713,48.4495],[0.1659,48.4498],[0.1579,48.453],[0.1544,48.4566],[0.152,48.4575],[0.1465,48.4577],[0.1437,48.4553],[0.1487,48.4488],[0.1534,48.4473],[0.1553,48.4453],[0.1584,48.444],[0.1586,48.4422],[0.1561,48.4395],[0.1531,48.4379],[0.1408,48.4369],[0.1381,48.4375],[0.1338,48.437],[0.1284,48.4349],[0.1251,48.4345],[0.1215,48.4362],[0.1174,48.4364],[0.1116,48.4325],[0.1065,48.4266],[0.1104,48.4232],[0.1071,48.4194],[0.1046,48.4154],[0.0999,48.4102],[0.0985,48.4107],[0.0893,48.4106],[0.0833,48.411],[0.0802,48.4088],[0.0719,48.408],[0.0705,48.4091],[0.0675,48.406],[0.0639,48.4033],[0.0631,48.4009],[0.0594,48.3963],[0.0538,48.3919],[0.0554,48.3901],[0.058,48.3896],[0.0592,48.3867],[0.0623,48.3829],[0.0612,48.3798],[0.0579,48.3793],[0.0468,48.3813],[0.0397,48.3806],[0.0314,48.3802],[0.0269,48.3811],[0.0231,48.3804],[0.0151,48.3819],[0.0149,48.3836],[0.0115,48.3858],[0.011,48.3894],[0.0092,48.3907],[0.0068,48.3885],[0.0036,48.3888],[0.004,48.3931],[0.0032,48.3962],[-0.0015,48.3975],[-0.0116,48.3936],[-0.0202,48.3939],[-0.0224,48.3912],[-0.022,48.3875],[-0.0255,48.3852],[-0.0279,48.3862],[-0.0351,48.3864],[-0.0358,48.3812],[-0.0412,48.3811],[-0.0434,48.3792],[-0.0515,48.3798],[-0.0497,48.3755],[-0.0516,48.3756],[-0.0549,48.3783],[-0.0549,48.3821],[-0.0571,48.3844],[-0.0577,48.3882],[-0.0539,48.3891],[-0.0525,48.3925],[-0.0539,48.3938],[-0.0563,48.3956],[-0.0568,48.399],[-0.0551,48.4037],[-0.0552,48.4072],[-0.0578,48.4085],[-0.0545,48.4106],[-0.0523,48.4132],[-0.0535,48.4164],[-0.0577,48.4209],[-0.0535,48.4228],[-0.0526,48.425],[-0.0573,48.4291],[-0.055,48.4308],[-0.0516,48.4412],[-0.0523,48.4426],[-0.0498,48.4444],[-0.0491,48.4495],[-0.0513,48.4508],[-0.051,48.453],[-0.0626,48.4567],[-0.0707,48.4584],[-0.0729,48.4551],[-0.0719,48.4533],[-0.0731,48.4506],[-0.0808,48.4501],[-0.089,48.4503],[-0.0934,48.4486],[-0.1084,48.4479],[-0.1118,48.4487],[-0.1183,48.4483],[-0.1249,48.4494],[-0.1379,48.4529],[-0.1467,48.4564],[-0.1491,48.4586],[-0.1506,48.4651],[-0.1495,48.4669],[-0.1496,48.4707],[-0.1481,48.474],[-0.1508,48.4752],[-0.1502,48.4797],[-0.1517,48.4839],[-0.1554,48.4869],[-0.1556,48.4902],[-0.1561,48.496],[-0.1591,48.4968],[-0.1686,48.5034],[-0.1721,48.5021],[-0.1708,48.5037],[-0.1708,48.5068],[-0.1725,48.5105],[-0.1662,48.514],[-0.1652,48.5159],[-0.1618,48.5181],[-0.1589,48.5187],[-0.1551,48.5207],[-0.1494,48.5186],[-0.1459,48.5203],[-0.1445,48.5245],[-0.1444,48.5277],[-0.1503,48.5305],[-0.1537,48.531],[-0.1618,48.5337],[-0.1632,48.5353],[-0.1703,48.5373],[-0.1735,48.5414],[-0.1802,48.5418],[-0.1806,48.545],[-0.1859,48.5469],[-0.19,48.549],[-0.1919,48.5517],[-0.194,48.5548],[-0.1962,48.556],[-0.1988,48.558],[-0.2034,48.5593],[-0.2082,48.5642],[-0.2124,48.5631],[-0.2172,48.558],[-0.2215,48.5602],[-0.2272,48.5618],[-0.2299,48.5614],[-0.2344,48.5623],[-0.2426,48.568],[-0.2462,48.5664],[-0.2488,48.5636],[-0.2463,48.5582],[-0.2511,48.5549],[-0.2576,48.552],[-0.2626,48.5483],[-0.2577,48.5463],[-0.2462,48.5427],[-0.2423,48.5387],[-0.2413,48.5366],[-0.2443,48.5348],[-0.2487,48.5289],[-0.253,48.5263],[-0.2611,48.5271],[-0.2633,48.5231],[-0.2675,48.5215],[-0.2727,48.5174],[-0.2678,48.517],[-0.2672,48.5137],[-0.2711,48.5094],[-0.2715,48.5074],[-0.2774,48.5072],[-0.2806,48.5063],[-0.2852,48.5064],[-0.2863,48.5114],[-0.2854,48.5179],[-0.2935,48.5152],[-0.3089,48.5185],[-0.3121,48.5205],[-0.3201,48.5231],[-0.3252,48.5193],[-0.3255,48.5173],[-0.328,48.5163],[-0.3296,48.5137],[-0.3361,48.5095],[-0.3347,48.5056],[-0.3358,48.502],[-0.3388,48.5002],[-0.3456,48.5007],[-0.3509,48.5005],[-0.354,48.496],[-0.3559,48.4957],[-0.3554,48.4927],[-0.353,48.4922],[-0.3494,48.4888],[-0.3532,48.4837],[-0.3576,48.4838],[-0.3635,48.4867],[-0.3647,48.4878],[-0.3694,48.4888],[-0.369,48.4926],[-0.3666,48.4938],[-0.3721,48.496],[-0.3758,48.4962],[-0.3831,48.4968],[-0.3908,48.5007],[-0.3931,48.5011],[-0.3911,48.5087],[-0.3976,48.5106],[-0.3982,48.5087],[-0.4014,48.5083],[-0.4074,48.5056],[-0.4112,48.5065],[-0.4184,48.5074],[-0.424,48.5069],[-0.4254,48.5075],[-0.4245,48.5085],[-0.4337,48.5137],[-0.4361,48.5135],[-0.4386,48.5117],[-0.4431,48.5132],[-0.445,48.5151],[-0.4477,48.5153],[-0.4503,48.5131],[-0.4582,48.5119],[-0.4626,48.5135],[-0.4695,48.5123],[-0.4707,48.5104],[-0.4684,48.5088],[-0.4719,48.5077],[-0.4739,48.5057],[-0.4736,48.5038],[-0.4783,48.5016],[-0.4832,48.5023],[-0.4847,48.5043],[-0.4883,48.5041],[-0.4884,48.5015],[-0.4931,48.5018],[-0.5005,48.505],[-0.4995,48.5075],[-0.5065,48.5065],[-0.5095,48.5089],[-0.5126,48.5071],[-0.5136,48.5045],[-0.5174,48.5031],[-0.5157,48.4999],[-0.5165,48.4981],[-0.5206,48.4973],[-0.5213,48.4952],[-0.5247,48.4962],[-0.5306,48.4951],[-0.5349,48.4916],[-0.5377,48.4904],[-0.5393,48.4863],[-0.5392,48.4842],[-0.5435,48.4834],[-0.5496,48.4803],[-0.5504,48.4739],[-0.5573,48.4721],[-0.5618,48.4731],[-0.5632,48.4758],[-0.5657,48.477],[-0.5677,48.473],[-0.5717,48.469],[-0.5761,48.4704],[-0.586,48.4721],[-0.5932,48.4708],[-0.5942,48.4725],[-0.5971,48.4718],[-0.6054,48.4653],[-0.6105,48.4632],[-0.6157,48.4588],[-0.6207,48.4588],[-0.6363,48.4524],[-0.6421,48.4483],[-0.6459,48.4469],[-0.6511,48.4439],[-0.6541,48.4446],[-0.6557,48.448],[-0.654,48.4495],[-0.6538,48.454],[-0.6535,48.4596],[-0.6567,48.4658],[-0.6598,48.4692],[-0.657,48.4719],[-0.6557,48.4747],[-0.6569,48.4765],[-0.6631,48.4774],[-0.6601,48.479],[-0.6625,48.4841],[-0.6688,48.4865],[-0.6686,48.4835],[-0.6755,48.4832],[-0.6753,48.4807],[-0.6777,48.4788],[-0.6856,48.4772],[-0.6857,48.4748],[-0.6822,48.4709],[-0.688,48.4696],[-0.6922,48.4681],[-0.695,48.4686],[-0.7018,48.4672],[-0.7038,48.4708],[-0.6999,48.473],[-0.7007,48.4749],[-0.7053,48.4757],[-0.7098,48.4734],[-0.7113,48.4705],[-0.7137,48.4692],[-0.722,48.4704],[-0.7249,48.4734],[-0.7312,48.4712],[-0.7337,48.4671],[-0.7352,48.467],[-0.7371,48.4638],[-0.736,48.4614],[-0.7334,48.4601],[-0.729,48.4599],[-0.725,48.4572],[-0.7255,48.4555],[-0.7211,48.4555],[-0.7178,48.4541],[-0.715,48.4545],[-0.7143,48.4503],[-0.7162,48.4483],[-0.7243,48.4462],[-0.7273,48.4448],[-0.7353,48.4457],[-0.7357,48.4446],[-0.7424,48.442],[-0.7474,48.4414],[-0.7477,48.439],[-0.7522,48.4374],[-0.7565,48.4371],[-0.7591,48.4362],[-0.7646,48.4363],[-0.7651,48.4391],[-0.7669,48.4408],[-0.7713,48.4428],[-0.774,48.4427],[-0.7754,48.4458],[-0.7798,48.4461],[-0.7795,48.4492],[-0.7776,48.4516],[-0.7775,48.4555],[-0.7789,48.4573],[-0.7774,48.461],[-0.7779,48.4655],[-0.7819,48.466],[-0.7847,48.4641],[-0.7955,48.4662],[-0.7965,48.4635],[-0.7991,48.4628],[-0.7987,48.4592],[-0.8085,48.4573],[-0.8125,48.455],[-0.8161,48.4585],[-0.8146,48.4594],[-0.8162,48.4625],[-0.8141,48.4642],[-0.8153,48.4677],[-0.8183,48.4686],[-0.8147,48.4722],[-0.8211,48.4761],[-0.824,48.475],[-0.8272,48.4767],[-0.8263,48.479],[-0.8305,48.4788],[-0.8315,48.4811],[-0.8342,48.4838],[-0.8377,48.4845],[-0.8418,48.4956],[-0.8444,48.4963],[-0.8479,48.4994],[-0.8505,48.4976],[-0.8603,48.5015],[-0.8671,48.4987],[-0.8699,48.4982],[-0.8746,48.5001],[-0.8809,48.4994],[-0.8838,48.4977],[-0.8921,48.4967],[-0.8937,48.4945],[-0.8958,48.4949],[-0.8991,48.4978],[-0.9046,48.4961],[-0.909,48.4966],[-0.9105,48.4993],[-0.918,48.5003],[-0.9233,48.5044],[-0.9225,48.5078],[-0.9205,48.5098],[-0.9238,48.5134],[-0.9271,48.5132],[-0.9335,48.515],[-0.942,48.515],[-0.9445,48.5146],[-0.9463,48.5141],[-0.9524,48.5168],[-0.9554,48.5173],[-0.9581,48.5152],[-0.9633,48.5129],[-0.9644,48.5111],[-0.9624,48.507],[-0.9624,48.5036],[-0.9666,48.5],[-0.9714,48.5008],[-0.9709,48.4959],[-0.9727,48.4943],[-0.9768,48.493],[-0.9827,48.4929],[-0.9864,48.4939],[-0.99,48.4938],[-0.9961,48.4924],[-0.9989,48.4898],[-1.0029,48.4891],[-1.0075,48.4904],[-1.0094,48.4925],[-1.0117,48.493],[-1.0147,48.4935],[-1.0169,48.4921],[-1.0182,48.4955],[-1.0209,48.4954],[-1.0212,48.4976],[-1.0234,48.499],[-1.0256,48.4982],[-1.0322,48.5018],[-1.0358,48.5017],[-1.0381,48.5051],[-1.041,48.5064],[-1.0457,48.5064],[-1.0479,48.5076],[-1.049,48.5102],[-1.0523,48.5091],[-1.0543,48.5099],[-1.056,48.5132],[-1.0596,48.5142],[-1.0612,48.5156],[-1.0632,48.5134],[-1.0616,48.5109],[-1.0665,48.5107],[-1.0701,48.5088],[-1.0734,48.508],[-1.0813,48.5111],[-1.0893,48.5111],[-1.0912,48.5105],[-1.0962,48.5114],[-1.0991,48.5133],[-1.1039,48.5131],[-1.1074,48.5156],[-1.115,48.5183],[-1.1172,48.5217],[-1.1273,48.5207],[-1.1334,48.5222],[-1.1392,48.5184],[-1.1472,48.5178],[-1.1499,48.5191],[-1.1558,48.5198],[-1.158,48.5232],[-1.162,48.5243],[-1.1631,48.5277],[-1.1667,48.5302],[-1.1701,48.5312],[-1.1734,48.5303],[-1.1812,48.5299],[-1.1831,48.5283],[-1.1885,48.5287],[-1.1929,48.5288],[-1.1958,48.5315],[-1.1986,48.5314],[-1.1994,48.5352],[-1.2038,48.5412],[-1.2068,48.5423],[-1.2065,48.539],[-1.2137,48.5394],[-1.2173,48.537],[-1.2219,48.5385],[-1.2251,48.5376],[-1.2314,48.5376],[-1.2336,48.5383],[-1.2389,48.5377],[-1.2421,48.54],[-1.2462,48.5403],[-1.2492,48.5417],[-1.2489,48.5437],[-1.2493,48.5437],[-1.2518,48.5438],[-1.2628,48.5402],[-1.265,48.5383],[-1.2728,48.5339],[-1.2686,48.5297],[-1.2697,48.524],[-1.2736,48.5202],[-1.275,48.517],[-1.2774,48.5159],[-1.2772,48.5141],[-1.279,48.5093],[-1.2808,48.5084],[-1.2875,48.5096],[-1.2881,48.507],[-1.2938,48.5061],[-1.3006,48.499],[-1.3057,48.4991],[-1.3126,48.4983],[-1.3177,48.496],[-1.3226,48.4995],[-1.328,48.498],[-1.3293,48.4962],[-1.3277,48.4938],[-1.3315,48.4926],[-1.3287,48.4862],[-1.3304,48.4861],[-1.3321,48.4889],[-1.3371,48.4912],[-1.3394,48.491],[-1.3442,48.4872],[-1.3459,48.4836],[-1.3495,48.4817],[-1.3448,48.4729],[-1.3479,48.4713],[-1.3503,48.4716],[-1.3535,48.468],[-1.3569,48.4668],[-1.3606,48.468],[-1.3656,48.4661],[-1.3677,48.4621],[-1.3715,48.4599],[-1.3814,48.4568],[-1.3878,48.4579],[-1.3936,48.4614],[-1.397,48.4622],[-1.3995,48.461],[-1.4037,48.4615],[-1.4076,48.4601],[-1.4107,48.4605],[-1.4153,48.4629],[-1.4219,48.4603],[-1.4293,48.4622],[-1.4314,48.4657],[-1.4358,48.4676],[-1.4409,48.4719],[-1.4349,48.4779],[-1.4407,48.4807],[-1.4418,48.4836],[-1.4484,48.4855],[-1.4498,48.4875],[-1.4545,48.4877],[-1.4594,48.4848],[-1.4664,48.4885],[-1.4736,48.4853],[-1.4796,48.4872],[-1.4823,48.4868],[-1.4843,48.4913],[-1.4899,48.4893],[-1.4909,48.4921],[-1.4897,48.4962],[-1.4937,48.5003],[-1.4956,48.5041],[-1.4956,48.5087],[-1.5001,48.5117],[-1.5022,48.5151],[-1.5048,48.5152],[-1.508,48.5231],[-1.5119,48.5238],[-1.5107,48.527],[-1.5141,48.5282],[-1.5153,48.5303],[-1.5179,48.5298],[-1.5168,48.5326],[-1.519,48.5345],[-1.5167,48.5372],[-1.5206,48.5388],[-1.523,48.542],[-1.5299,48.5441],[-1.5294,48.546],[-1.533,48.5462],[-1.5346,48.5505],[-1.5335,48.5532],[-1.5306,48.554],[-1.5264,48.5567],[-1.5294,48.5602],[-1.5274,48.5617],[-1.5273,48.5654],[-1.5245,48.5651],[-1.5224,48.5636],[-1.519,48.5667],[-1.5228,48.5709],[-1.5255,48.572],[-1.5283,48.575],[-1.5282,48.5789],[-1.5316,48.5809],[-1.5346,48.5809],[-1.5402,48.5795],[-1.5431,48.5799],[-1.5443,48.5871],[-1.5373,48.5989],[-1.5383,48.5998],[-1.5468,48.6015],[-1.544,48.6061],[-1.5548,48.6092],[-1.5655,48.6144],[-1.5656,48.6196],[-1.5681,48.6239],[-1.5709,48.6263],[-1.5496,48.6301],[-1.5425,48.6312],[-1.527,48.6292],[-1.5189,48.6271],[-1.516,48.6182],[-1.5123,48.6175],[-1.5106,48.6193],[-1.5027,48.6195],[-1.4953,48.6205],[-1.4905,48.6179],[-1.4879,48.6197],[-1.4844,48.6205],[-1.4808,48.62],[-1.4795,48.6183],[-1.4759,48.6191],[-1.4652,48.622],[-1.4543,48.6259],[-1.4522,48.6229],[-1.4497,48.623],[-1.4452,48.6269],[-1.4357,48.6314],[-1.4291,48.6353],[-1.4257,48.638],[-1.4296,48.6406],[-1.4291,48.6423],[-1.4256,48.6436],[-1.4231,48.6427],[-1.4214,48.6395],[-1.4177,48.6402],[-1.4146,48.6398],[-1.4139,48.6417],[-1.4088,48.6432],[-1.404,48.6437],[-1.3981,48.6415],[-1.3952,48.6441],[-1.3889,48.6443],[-1.3847,48.6408],[-1.3818,48.6425],[-1.3718,48.6435],[-1.3648,48.6448],[-1.3628,48.6386],[-1.3639,48.6354],[-1.3618,48.6343],[-1.3577,48.6345],[-1.3527,48.6318],[-1.3507,48.6316],[-1.3507,48.6319],[-1.3573,48.6349],[-1.3627,48.6359],[-1.3614,48.6405],[-1.3637,48.646],[-1.3725,48.6461],[-1.3771,48.6503],[-1.3796,48.6514],[-1.3848,48.6517],[-1.3917,48.6503],[-1.3955,48.6518],[-1.3989,48.6544],[-1.4009,48.6583],[-1.4,48.6626],[-1.393,48.6685],[-1.3899,48.67],[-1.3872,48.6728],[-1.385,48.6789],[-1.3829,48.6808],[-1.3837,48.6831],[-1.3802,48.686],[-1.3769,48.6853],[-1.3761,48.6859],[-1.3753,48.688],[-1.3762,48.6888],[-1.378,48.689],[-1.3788,48.6898],[-1.377,48.6908],[-1.3739,48.6915],[-1.3728,48.6929],[-1.3788,48.6901],[-1.3792,48.6896],[-1.3785,48.689],[-1.3757,48.6883],[-1.3762,48.6863],[-1.377,48.6855],[-1.3796,48.6863],[-1.3806,48.686],[-1.3839,48.6833],[-1.3836,48.6807],[-1.3855,48.6789],[-1.3869,48.676],[-1.3934,48.6766],[-1.3976,48.6736],[-1.4062,48.6731],[-1.413,48.6708],[-1.4195,48.6701],[-1.4231,48.6686],[-1.4249,48.666],[-1.4299,48.6671],[-1.4334,48.6658],[-1.4364,48.6628],[-1.4394,48.6553],[-1.4421,48.6557],[-1.4461,48.6544],[-1.4469,48.6574],[-1.4465,48.6638],[-1.4494,48.67],[-1.4576,48.6736],[-1.4642,48.674],[-1.4696,48.6795],[-1.4724,48.6812],[-1.4755,48.6817],[-1.4796,48.6839],[-1.4859,48.6864],[-1.4907,48.686],[-1.4967,48.6836],[-1.501,48.6855],[-1.5026,48.6888],[-1.5054,48.6919],[-1.5099,48.6975],[-1.5123,48.6978],[-1.5156,48.7039],[-1.5149,48.7089],[-1.5162,48.7137],[-1.5183,48.7168],[-1.5207,48.722],[-1.5249,48.7232],[-1.5264,48.7266],[-1.5292,48.73],[-1.5329,48.7312],[-1.5413,48.7318],[-1.5479,48.7332],[-1.5514,48.7325],[-1.5562,48.7351],[-1.5607,48.736],[-1.5634,48.7378],[-1.567,48.742],[-1.5704,48.7437],[-1.5741,48.7524],[-1.5741,48.7559],[-1.5725,48.7591],[-1.571,48.766],[-1.5697,48.777],[-1.5697,48.7884],[-1.5701,48.7961],[-1.57,48.8008],[-1.5686,48.8032],[-1.569,48.8059],[-1.5721,48.8074],[-1.572,48.811],[-1.5729,48.8159],[-1.5719,48.8163],[-1.5755,48.8236],[-1.5782,48.8258],[-1.5826,48.8265],[-1.5846,48.8308],[-1.5887,48.8317],[-1.5939,48.8347],[-1.5991,48.8355],[-1.6018,48.8325],[-1.605,48.8355],[-1.6081,48.833],[-1.6117,48.833],[-1.6143,48.834],[-1.6111,48.8365],[-1.6055,48.8373],[-1.6013,48.8396],[-1.598,48.8395],[-1.5921,48.8453],[-1.5885,48.8456],[-1.5859,48.8475],[-1.5828,48.8524],[-1.5783,48.8621],[-1.5759,48.8692],[-1.5723,48.885],[-1.5712,48.8908],[-1.5689,48.9029],[-1.567,48.9097],[-1.5647,48.9229],[-1.5617,48.9276],[-1.5573,48.9303],[-1.559,48.9246],[-1.5575,48.9233],[-1.5616,48.9179],[-1.5622,48.913],[-1.5596,48.9109],[-1.56,48.9093],[-1.5565,48.9055],[-1.5567,48.9017],[-1.5546,48.9008],[-1.5549,48.8937],[-1.5487,48.8934],[-1.5491,48.896],[-1.5512,48.8985],[-1.5494,48.9045],[-1.5507,48.9087],[-1.5502,48.9115],[-1.5484,48.9119],[-1.5478,48.9157],[-1.5486,48.92],[-1.5472,48.9225],[-1.5483,48.9252],[-1.5437,48.9307],[-1.5393,48.9324],[-1.5432,48.9317],[-1.543,48.9345],[-1.5464,48.9391],[-1.5512,48.941],[-1.5553,48.9412],[-1.5604,48.94],[-1.5626,48.9431],[-1.5621,48.9557],[-1.5615,48.9634],[-1.5618,48.9684],[-1.5622,48.9772],[-1.5617,48.9813],[-1.5591,48.9851],[-1.5584,48.9879],[-1.5588,48.9943],[-1.5605,48.998],[-1.5577,48.9979],[-1.5554,48.998],[-1.5544,48.998],[-1.5515,48.9915],[-1.5487,48.9904],[-1.5513,48.9983],[-1.551,49.0036],[-1.555,49.0081],[-1.5574,49.0128],[-1.5545,49.0156],[-1.5554,49.0226],[-1.5568,49.0266],[-1.5544,49.0269],[-1.5409,49.0326],[-1.5395,49.0343],[-1.5335,49.0341],[-1.5289,49.0316],[-1.5248,49.0275],[-1.5202,49.0267],[-1.514,49.0237],[-1.51,49.0217],[-1.5086,49.0188],[-1.5056,49.0196],[-1.5071,49.0215],[-1.5066,49.0237],[-1.508,49.0259],[-1.5138,49.0293],[-1.5253,49.0339],[-1.5283,49.0358],[-1.5343,49.0384],[-1.5423,49.0408],[-1.5467,49.0374],[-1.5498,49.0381],[-1.556,49.0366],[-1.5591,49.0365],[-1.5601,49.0383],[-1.5608,49.0361],[-1.564,49.0352],[-1.5697,49.0317],[-1.5706,49.0296],[-1.5691,49.028],[-1.5712,49.0251],[-1.5779,49.0202],[-1.576,49.0187],[-1.579,49.0152],[-1.5788,49.0116],[-1.5751,49.0096],[-1.5749,49.0076],[-1.5786,49.0036],[-1.5838,49.0025],[-1.5862,49.0067],[-1.5939,49.0232],[-1.5955,49.029],[-1.5969,49.0313],[-1.5996,49.041],[-1.6011,49.0483],[-1.6046,49.0602],[-1.6032,49.0603],[-1.6,49.056],[-1.5981,49.0604],[-1.5981,49.0637],[-1.5954,49.0667],[-1.6021,49.0689],[-1.6001,49.0722],[-1.5974,49.0733],[-1.5989,49.0753],[-1.6024,49.076],[-1.6029,49.0783],[-1.607,49.0784],[-1.6085,49.0826],[-1.6104,49.0834],[-1.6106,49.0922],[-1.61,49.0991],[-1.6073,49.1075],[-1.6002,49.1188],[-1.5965,49.1286],[-1.5949,49.1318],[-1.5918,49.1346],[-1.5951,49.1392],[-1.5958,49.1441],[-1.5958,49.1508],[-1.5977,49.164],[-1.599,49.1711],[-1.6001,49.174],[-1.6023,49.185],[-1.6051,49.1918],[-1.607,49.1973],[-1.6058,49.2009],[-1.6027,49.2039],[-1.6031,49.2063],[-1.6082,49.2108],[-1.6098,49.2143],[-1.6148,49.2182],[-1.6077,49.2194],[-1.6042,49.2171],[-1.5996,49.217],[-1.5935,49.2189],[-1.5855,49.2206],[-1.5782,49.2229],[-1.5747,49.223],[-1.5677,49.2204],[-1.5673,49.2211],[-1.5692,49.2232],[-1.5751,49.2255],[-1.577,49.2275],[-1.5844,49.2318],[-1.5852,49.2334],[-1.597,49.2324],[-1.6017,49.2316],[-1.6068,49.2321],[-1.6128,49.2345],[-1.6234,49.2265],[-1.6256,49.2235],[-1.6262,49.2199],[-1.6254,49.2178],[-1.6254,49.2132],[-1.6275,49.2115],[-1.6298,49.2128],[-1.6369,49.2192],[-1.6412,49.222],[-1.6456,49.228],[-1.6506,49.2364],[-1.6552,49.2448],[-1.6603,49.2588],[-1.6632,49.2638],[-1.6685,49.2704],[-1.6764,49.2779],[-1.6783,49.2804],[-1.6791,49.2837],[-1.6784,49.2854],[-1.6754,49.2856],[-1.6762,49.2825],[-1.6748,49.2803],[-1.6692,49.2794],[-1.6646,49.282],[-1.6619,49.2814],[-1.6603,49.2791],[-1.6571,49.2792],[-1.6573,49.2816],[-1.6629,49.2845],[-1.665,49.2868],[-1.67,49.285],[-1.6721,49.2849],[-1.6751,49.2877],[-1.6846,49.2881],[-1.6867,49.2896],[-1.6924,49.2976],[-1.6995,49.3082],[-1.7064,49.3157],[-1.7078,49.3182],[-1.709,49.3269],[-1.7067,49.3268],[-1.7046,49.3245],[-1.6989,49.3237],[-1.6925,49.3275],[-1.6861,49.3288],[-1.687,49.3305],[-1.692,49.33],[-1.6958,49.331],[-1.7017,49.3359],[-1.7008,49.3383],[-1.7018,49.341],[-1.7046,49.3428],[-1.7111,49.3441],[-1.7136,49.3459],[-1.7179,49.3465],[-1.7157,49.3413],[-1.7099,49.336],[-1.7161,49.333],[-1.7178,49.3313],[-1.7158,49.3277],[-1.7195,49.3253],[-1.7247,49.3278],[-1.7362,49.3402],[-1.7456,49.3483],[-1.7525,49.3533],[-1.7608,49.3598],[-1.7636,49.3624],[-1.7758,49.3704],[-1.7826,49.3729],[-1.7874,49.3737],[-1.7853,49.3758],[-1.7808,49.3748],[-1.7781,49.3735],[-1.7753,49.3748],[-1.7646,49.3709],[-1.7643,49.3734],[-1.7705,49.3757],[-1.7707,49.3788],[-1.7724,49.38],[-1.7865,49.3772],[-1.7895,49.3742],[-1.7898,49.3701],[-1.7959,49.3728],[-1.8017,49.3722],[-1.8091,49.3725],[-1.8085,49.3751],[-1.8101,49.3775],[-1.8138,49.3823],[-1.819,49.3907],[-1.8211,49.396],[-1.8231,49.403],[-1.8217,49.4159],[-1.8215,49.4203],[-1.8223,49.428],[-1.822,49.4341],[-1.8224,49.4385],[-1.8243,49.4489],[-1.8267,49.4547],[-1.831,49.4625],[-1.8357,49.4686],[-1.8383,49.4711],[-1.8451,49.4711],[-1.8469,49.4744],[-1.8443,49.4772],[-1.845,49.4827],[-1.8445,49.4863],[-1.8452,49.4943],[-1.8477,49.5029],[-1.8501,49.5078],[-1.8533,49.5107],[-1.8601,49.512],[-1.868,49.5128],[-1.8755,49.5151],[-1.882,49.5196],[-1.8837,49.5215],[-1.8865,49.5272],[-1.8849,49.5288],[-1.8861,49.5333],[-1.8837,49.5403],[-1.8813,49.5433],[-1.877,49.545],[-1.873,49.5456],[-1.8678,49.5489],[-1.864,49.5504],[-1.8583,49.5513],[-1.859,49.5541],[-1.8566,49.5543],[-1.8547,49.5565],[-1.8535,49.5614],[-1.8496,49.564],[-1.8466,49.5637],[-1.8444,49.5662],[-1.8425,49.5719],[-1.8415,49.5721],[-1.8403,49.5755],[-1.8416,49.578],[-1.8417,49.583],[-1.8415,49.586],[-1.8422,49.5963],[-1.842,49.5994],[-1.8432,49.6095],[-1.8467,49.6242],[-1.8522,49.6369],[-1.8566,49.6448],[-1.8607,49.6501],[-1.8654,49.6521],[-1.8721,49.6571],[-1.8762,49.6588],[-1.8818,49.6583],[-1.8883,49.6599],[-1.8889,49.6611],[-1.8935,49.6642],[-1.8993,49.6664],[-1.9055,49.6667],[-1.9123,49.6654],[-1.9244,49.6687],[-1.9293,49.6696],[-1.9293,49.6722],[-1.9352,49.6717],[-1.9396,49.6731],[-1.9414,49.675],[-1.9471,49.6751],[-1.9463,49.678],[-1.9439,49.6805],[-1.9387,49.6842],[-1.9362,49.688],[-1.9364,49.6938],[-1.9391,49.6966],[-1.9439,49.698],[-1.9429,49.6992],[-1.9457,49.7015],[-1.9442,49.703],[-1.9473,49.7049],[-1.9478,49.7071],[-1.9467,49.7103],[-1.9434,49.7144],[-1.9454,49.7175],[-1.9446,49.7215],[-1.9415,49.7258],[-1.9346,49.7269],[-1.9302,49.7259],[-1.9261,49.7269],[-1.9127,49.7238],[-1.9117,49.7215],[-1.9042,49.7209],[-1.903,49.7189],[-1.9001,49.7187],[-1.8951,49.7156],[-1.8969,49.7134],[-1.8965,49.7111],[-1.8936,49.7097],[-1.8907,49.7096],[-1.8896,49.7066],[-1.8821,49.706],[-1.8736,49.7074],[-1.8689,49.71],[-1.8619,49.7151],[-1.8593,49.7147],[-1.8576,49.7164],[-1.8525,49.7158],[-1.8509,49.7135],[-1.848,49.7123],[-1.8422,49.712],[-1.8395,49.7113],[-1.8358,49.7072],[-1.8358,49.7039],[-1.8315,49.7032],[-1.8326,49.7004],[-1.8285,49.6989],[-1.8277,49.6933],[-1.8232,49.6902],[-1.8197,49.6906],[-1.8156,49.689],[-1.8095,49.6897],[-1.8064,49.6878],[-1.7984,49.6883],[-1.7929,49.6864],[-1.7864,49.6857],[-1.7817,49.6832],[-1.7741,49.6804],[-1.7711,49.6808],[-1.766,49.6801],[-1.7629,49.6788],[-1.7572,49.6781],[-1.7451,49.6783],[-1.7364,49.6775],[-1.7299,49.6774],[-1.7236,49.6785],[-1.7189,49.6798],[-1.712,49.6781],[-1.7118,49.6762],[-1.7091,49.6728],[-1.7045,49.6709],[-1.6979,49.6697],[-1.6893,49.6722],[-1.687,49.6738],[-1.6803,49.6715],[-1.6842,49.6659],[-1.6797,49.6623],[-1.6728,49.6582],[-1.6559,49.6578],[-1.6521,49.6563],[-1.6468,49.6571],[-1.6441,49.6589],[-1.6331,49.6603],[-1.6297,49.6598],[-1.6317,49.6533],[-1.6363,49.6536],[-1.6354,49.6511],[-1.6324,49.6524],[-1.6279,49.6526],[-1.6268,49.649],[-1.6235,49.6447],[-1.6203,49.6445],[-1.6181,49.6486],[-1.6165,49.6489],[-1.6156,49.6438],[-1.6125,49.6442],[-1.6116,49.6468],[-1.6083,49.6461],[-1.6026,49.6465],[-1.6046,49.6506],[-1.6056,49.6584],[-1.6,49.6606],[-1.5868,49.651],[-1.5847,49.6525],[-1.5692,49.657],[-1.5552,49.6539],[-1.5487,49.6544],[-1.5314,49.6551],[-1.5268,49.6585],[-1.5233,49.6565],[-1.521,49.657],[-1.5161,49.6599],[-1.5073,49.6615],[-1.5027,49.6646],[-1.4984,49.6664],[-1.495,49.6688],[-1.4917,49.67],[-1.4878,49.6681],[-1.486,49.669],[-1.4864,49.6721],[-1.4849,49.6778],[-1.4801,49.6792],[-1.4749,49.6819],[-1.4754,49.6836],[-1.4726,49.6864],[-1.4731,49.6882],[-1.4779,49.69],[-1.4744,49.6963],[-1.4701,49.6967],[-1.4662,49.6944],[-1.4621,49.6946],[-1.4603,49.6925],[-1.4548,49.6911],[-1.4512,49.6917],[-1.4442,49.6945],[-1.4436,49.6961],[-1.4387,49.6978],[-1.435,49.7008],[-1.4299,49.7007],[-1.4266,49.7021],[-1.4199,49.7043],[-1.418,49.7017],[-1.4136,49.7013],[-1.4088,49.7024],[-1.4004,49.7032],[-1.3944,49.7058],[-1.3914,49.7063],[-1.3783,49.7058],[-1.372,49.7067],[-1.3673,49.7059],[-1.3575,49.7051],[-1.3523,49.7027],[-1.3432,49.7008],[-1.3331,49.7021],[-1.3236,49.6986],[-1.3194,49.6984],[-1.3097,49.6964],[-1.306,49.6949],[-1.2999,49.6939],[-1.2896,49.693],[-1.2775,49.6944],[-1.2738,49.6937],[-1.271,49.6952],[-1.2679,49.6952],[-1.2658,49.692],[-1.2685,49.6867],[-1.2722,49.6848],[-1.2703,49.6793],[-1.2678,49.6782],[-1.2654,49.6746],[-1.263,49.6734],[-1.263,49.6684],[-1.2571,49.6705],[-1.2568,49.6668],[-1.2522,49.663],[-1.251,49.6611],[-1.2445,49.6575],[-1.2423,49.6553],[-1.2397,49.6546],[-1.2399,49.6519],[-1.2436,49.6484],[-1.2417,49.645],[-1.2363,49.6379],[-1.2348,49.634],[-1.2347,49.6313],[-1.2282,49.6231],[-1.2298,49.6192],[-1.2285,49.6156],[-1.2292,49.6142],[-1.2295,49.6087],[-1.2306,49.606],[-1.2337,49.6078],[-1.2451,49.6106],[-1.2488,49.6126],[-1.256,49.6124],[-1.2544,49.6116],[-1.2606,49.6015],[-1.2625,49.5993],[-1.2666,49.5927],[-1.2644,49.5846],[-1.2682,49.5819],[-1.2723,49.577],[-1.2739,49.5716],[-1.2763,49.5732],[-1.2757,49.5761],[-1.2734,49.5791],[-1.2713,49.579],[-1.268,49.5824],[-1.2714,49.5847],[-1.2772,49.5866],[-1.2857,49.5873],[-1.296,49.5835],[-1.301,49.5783],[-1.3046,49.5736],[-1.3062,49.5689],[-1.3076,49.5603],[-1.3098,49.5486],[-1.3081,49.5457],[-1.3065,49.5389],[-1.3024,49.5353],[-1.2971,49.5284],[-1.2911,49.5225],[-1.2893,49.5188],[-1.2927,49.5166],[-1.2883,49.518],[-1.2786,49.508],[-1.2737,49.5035],[-1.2703,49.5007],[-1.2578,49.4861],[-1.2539,49.4825],[-1.2502,49.4791],[-1.24,49.4711],[-1.2229,49.4558],[-1.2122,49.4473],[-1.1967,49.4355],[-1.1894,49.4296],[-1.1779,49.4193],[-1.1688,49.4104],[-1.1661,49.4072],[-1.167,49.404],[-1.1642,49.3988],[-1.1624,49.394],[-1.1627,49.3887],[-1.1667,49.3835],[-1.1737,49.3786],[-1.1774,49.3798],[-1.1792,49.3777],[-1.1789,49.3741],[-1.1766,49.3689],[-1.1778,49.3648],[-1.1824,49.3635],[-1.1829,49.3585],[-1.1856,49.3568],[-1.1817,49.3554],[-1.1823,49.3483],[-1.1844,49.3461],[-1.1941,49.3398],[-1.1964,49.3376],[-1.1986,49.3389],[-1.2029,49.3358],[-1.203,49.3346],[-1.2086,49.3335],[-1.2139,49.3316],[-1.2179,49.3267],[-1.2213,49.3239],[-1.2253,49.3196],[-1.2391,49.326],[-1.2252,49.318],[-1.2217,49.3208],[-1.2191,49.3242],[-1.2147,49.3286],[-1.2136,49.3306],[-1.211,49.3321],[-1.2009,49.3337],[-1.1922,49.3377],[-1.1871,49.3406],[-1.1825,49.3443],[-1.1705,49.3573],[-1.1603,49.3576],[-1.1599,49.3592],[-1.1552,49.3624],[-1.139,49.3586],[-1.1365,49.3545],[-1.118,49.3449],[-1.1142,49.3272],[-1.1149,49.3258],[-1.1404,49.31],[-1.1403,49.3087],[-1.1355,49.3123],[-1.1191,49.3219],[-1.1136,49.3249],[-1.1108,49.3244],[-1.1011,49.321],[-1.1108,49.325],[-1.1124,49.3264],[-1.1148,49.3375],[-1.1151,49.3442],[-1.1145,49.3493],[-1.1165,49.3545],[-1.1164,49.3574],[-1.1196,49.3579],[-1.1183,49.3607],[-1.107,49.3686],[-1.101,49.3721],[-1.0899,49.3813],[-1.0778,49.3885],[-1.0702,49.3905],[-1.0594,49.3904],[-1.0569,49.3909],[-1.0521,49.3896],[-1.0432,49.3892],[-1.0281,49.3898],[-1.026,49.3919],[-1.0193,49.3935],[-1.016,49.3936],[-1.0078,49.396],[-1.0041,49.3963],[-0.9963,49.3947],[-0.9926,49.3953],[-0.9892,49.3974],[-0.9853,49.3959],[-0.9826,49.3952],[-0.9763,49.395],[-0.9691,49.3966],[-0.962,49.3964],[-0.9528,49.3961],[-0.9414,49.3952],[-0.9253,49.3924],[-0.9198,49.3904],[-0.918,49.3874],[-0.9127,49.385],[-0.9023,49.3792],[-0.8957,49.3764],[-0.8817,49.3716],[-0.861,49.3652],[-0.8455,49.3611],[-0.8335,49.3587],[-0.8275,49.3579],[-0.815,49.3564],[-0.8104,49.3554],[-0.8015,49.3552],[-0.7987,49.354],[-0.7894,49.3533],[-0.7609,49.3507],[-0.7581,49.3495],[-0.7454,49.3489],[-0.7275,49.3477],[-0.7238,49.347],[-0.7187,49.3474],[-0.7102,49.3475],[-0.7078,49.348],[-0.6991,49.3467],[-0.6959,49.3476],[-0.6908,49.3473],[-0.687,49.3465],[-0.6674,49.3463],[-0.6599,49.3457],[-0.6499,49.3467],[-0.6451,49.3454],[-0.6403,49.3454],[-0.6337,49.3423],[-0.6255,49.3407],[-0.6109,49.3401],[-0.6013,49.3398],[-0.5932,49.3407],[-0.5844,49.3422],[-0.5834,49.3419],[-0.5726,49.3436],[-0.5584,49.346],[-0.5533,49.3462],[-0.5502,49.3459],[-0.5295,49.3456],[-0.5178,49.3452],[-0.5062,49.344],[-0.4845,49.3405],[-0.4789,49.3392],[-0.4668,49.3378],[-0.458,49.3376],[-0.4575,49.3365],[-0.4522,49.3357],[-0.4452,49.3358],[-0.4413,49.3352],[-0.4339,49.3351],[-0.4198,49.3358],[-0.4138,49.3358],[-0.4009,49.3336],[-0.3977,49.3334],[-0.3757,49.3275],[-0.368,49.3254],[-0.3585,49.322],[-0.3437,49.3162],[-0.3399,49.3134],[-0.3264,49.3089],[-0.3231,49.3066],[-0.3176,49.304],[-0.3096,49.3009],[-0.3063,49.2997],[-0.2874,49.2947],[-0.2788,49.2929],[-0.2704,49.2919],[-0.2588,49.2918],[-0.25,49.2927],[-0.2469,49.2923],[-0.2496,49.2812],[-0.2461,49.2792],[-0.2401,49.278],[-0.2294,49.2777],[-0.2273,49.2763],[-0.2303,49.2746],[-0.2367,49.2747],[-0.2454,49.2734],[-0.2495,49.2684],[-0.2519,49.261],[-0.2492,49.26],[-0.2467,49.263],[-0.2442,49.266],[-0.2424,49.2654],[-0.2333,49.2645],[-0.2255,49.2679],[-0.2223,49.2686],[-0.2191,49.2711],[-0.223,49.2717],[-0.2234,49.2741],[-0.222,49.2783],[-0.2252,49.2804],[-0.2288,49.2861],[-0.2256,49.2856],[-0.2169,49.287],[-0.209,49.2871],[-0.1913,49.2866],[-0.1891,49.2861],[-0.17,49.2864],[-0.1484,49.2885],[-0.1393,49.2898],[-0.1309,49.2913],[-0.1143,49.2947],[-0.1014,49.2976],[-0.1068,49.2921],[-0.1072,49.289],[-0.1117,49.2859],[-0.107,49.2879],[-0.1041,49.2907],[-0.1033,49.294],[-0.0991,49.2927],[-0.0926,49.2948],[-0.0898,49.2949],[-0.0877,49.296],[-0.085,49.3004],[-0.0782,49.3045],[-0.074,49.3057],[-0.0658,49.3071],[-0.0549,49.3096],[-0.0416,49.3141],[-0.0257,49.3185],[-0.0219,49.3189],[-0.0136,49.3215],[-0.0093,49.3226],[0.0031,49.3273],[0.014,49.3324],[0.031,49.3414],[0.0381,49.3453],[0.04,49.3454],[0.0471,49.3493],[0.0532,49.3533],[0.058,49.3566],[0.0662,49.3626],[0.0705,49.3675],[0.0729,49.3671],[0.0766,49.3644],[0.0799,49.3648],[0.0826,49.3637],[0.0805,49.3656],[0.0769,49.3652],[0.0757,49.3678],[0.0846,49.3736],[0.0923,49.3807],[0.0955,49.3824],[0.1054,49.3898],[0.1126,49.3953],[0.1154,49.3954],[0.1209,49.398],[0.1243,49.4005],[0.1323,49.4038],[0.1402,49.4057],[0.1453,49.4061],[0.1496,49.4072],[0.1623,49.4106],[0.1722,49.4118],[0.1763,49.4127],[0.1846,49.4155],[0.1981,49.4199],[0.2121,49.4248],[0.2216,49.4274],[0.2231,49.4283],[0.2459,49.428],[0.2585,49.4281],[0.2754,49.4287],[0.2859,49.4292]]],[[[-1.839,48.8772],[-1.8366,48.8782],[-1.8344,48.8759],[-1.83,48.8747],[-1.826,48.8726],[-1.8246,48.8709],[-1.83,48.8689],[-1.8325,48.8723],[-1.8368,48.8734],[-1.837,48.8761],[-1.839,48.8772]]],[[[-1.2495,49.5883],[-1.2492,49.5902],[-1.247,49.5916],[-1.2411,49.5908],[-1.2392,49.5889],[-1.2408,49.5863],[-1.2442,49.5866],[-1.2495,49.5883]]]]}},{"type":"Feature","properties":{"code":"32","nom":"Hauts-de-France","analysis_region_code":"32"},"geometry":{"type":"Polygon","coordinates":[[[3.9867,49.379],[3.9772,49.3795],[3.9725,49.3794],[3.9615,49.3773],[3.9556,49.3819],[3.9533,49.3843],[3.9461,49.3876],[3.9347,49.3984],[3.9318,49.4007],[3.932,49.4029],[3.9247,49.4078],[3.9249,49.4065],[3.9209,49.4046],[3.9155,49.4033],[3.9149,49.3983],[3.9132,49.3979],[3.9098,49.3948],[3.9026,49.3941],[3.8957,49.3929],[3.8932,49.397],[3.8934,49.3991],[3.8851,49.4021],[3.8819,49.4051],[3.8784,49.4056],[3.8739,49.4047],[3.8684,49.4065],[3.8624,49.4045],[3.8584,49.4031],[3.8561,49.4012],[3.8516,49.4011],[3.8464,49.4033],[3.8463,49.4005],[3.8314,49.4028],[3.8226,49.4025],[3.8235,49.4004],[3.8292,49.4001],[3.8375,49.3965],[3.8396,49.391],[3.8449,49.3916],[3.8466,49.3888],[3.8495,49.3877],[3.8542,49.3884],[3.8599,49.3862],[3.858,49.3845],[3.8597,49.3818],[3.8564,49.3812],[3.8595,49.3747],[3.8588,49.3708],[3.8561,49.3683],[3.8533,49.3673],[3.8561,49.3642],[3.8507,49.3636],[3.8479,49.3644],[3.8486,49.3619],[3.8554,49.3578],[3.8587,49.3541],[3.8551,49.3495],[3.8574,49.3488],[3.8528,49.345],[3.8456,49.3468],[3.8412,49.3488],[3.8329,49.3502],[3.8241,49.354],[3.8239,49.3574],[3.8141,49.3571],[3.81,49.358],[3.8022,49.3589],[3.7963,49.3579],[3.7932,49.3567],[3.7891,49.3548],[3.7854,49.3541],[3.7796,49.352],[3.7777,49.356],[3.772,49.3533],[3.7651,49.3509],[3.7627,49.3511],[3.7577,49.3477],[3.7519,49.3488],[3.7465,49.3482],[3.7408,49.3476],[3.7422,49.3368],[3.7364,49.3359],[3.731,49.3356],[3.7211,49.3358],[3.7119,49.3338],[3.6991,49.3322],[3.6933,49.3288],[3.6875,49.3271],[3.6774,49.3246],[3.6716,49.3245],[3.6694,49.3251],[3.6652,49.3198],[3.6561,49.3175],[3.6541,49.3164],[3.6476,49.316],[3.6439,49.3127],[3.6433,49.3082],[3.6436,49.303],[3.6382,49.3012],[3.6418,49.2966],[3.6498,49.2932],[3.6559,49.2911],[3.6576,49.2871],[3.659,49.2868],[3.6526,49.2828],[3.6516,49.2784],[3.6588,49.273],[3.6616,49.2701],[3.6651,49.2694],[3.6586,49.2673],[3.6553,49.263],[3.6554,49.2612],[3.6532,49.2576],[3.6548,49.2562],[3.6582,49.2606],[3.6596,49.2581],[3.6623,49.2575],[3.6614,49.2555],[3.6638,49.2536],[3.6669,49.2472],[3.6659,49.2464],[3.6698,49.2434],[3.668,49.242],[3.6708,49.2396],[3.675,49.2401],[3.6783,49.2352],[3.6688,49.2317],[3.6704,49.228],[3.6657,49.223],[3.6629,49.2219],[3.661,49.2231],[3.6559,49.221],[3.6515,49.2215],[3.6563,49.2183],[3.6529,49.2155],[3.6565,49.2113],[3.6625,49.209],[3.6646,49.2107],[3.6708,49.2094],[3.6786,49.2069],[3.6814,49.2051],[3.6775,49.2035],[3.677,49.1998],[3.6814,49.1975],[3.6835,49.1974],[3.6915,49.2019],[3.6929,49.2054],[3.6951,49.2051],[3.6975,49.2066],[3.7006,49.2012],[3.7047,49.2007],[3.7035,49.1955],[3.6999,49.1958],[3.6966,49.1941],[3.6993,49.1881],[3.7069,49.1859],[3.7039,49.1815],[3.7065,49.1803],[3.7142,49.1787],[3.7199,49.1756],[3.7254,49.1735],[3.7301,49.1783],[3.7404,49.1777],[3.7426,49.1792],[3.7451,49.1778],[3.7513,49.1778],[3.7526,49.1725],[3.7485,49.1717],[3.7488,49.1586],[3.7488,49.1571],[3.7396,49.1569],[3.7252,49.1515],[3.7195,49.1488],[3.717,49.147],[3.7064,49.1453],[3.7079,49.1432],[3.7029,49.1415],[3.698,49.1487],[3.698,49.1498],[3.6934,49.1519],[3.6924,49.1533],[3.6888,49.1531],[3.6838,49.1545],[3.6726,49.1508],[3.6602,49.1498],[3.6532,49.1485],[3.6512,49.149],[3.6393,49.1492],[3.6376,49.1508],[3.6316,49.1505],[3.628,49.1515],[3.6244,49.1514],[3.6212,49.1498],[3.6196,49.1476],[3.6189,49.1448],[3.6207,49.1394],[3.6149,49.1392],[3.6099,49.1349],[3.6119,49.1287],[3.608,49.1244],[3.603,49.1215],[3.5997,49.1207],[3.6029,49.1146],[3.612,49.1183],[3.6145,49.1142],[3.6201,49.1073],[3.6228,49.1046],[3.6251,49.0985],[3.6285,49.0945],[3.6276,49.0927],[3.6301,49.0903],[3.6322,49.0866],[3.6393,49.0812],[3.6389,49.0775],[3.6319,49.0722],[3.6238,49.0708],[3.6185,49.0713],[3.6134,49.0733],[3.6098,49.0734],[3.6074,49.0719],[3.604,49.0696],[3.6032,49.0644],[3.6021,49.063],[3.5966,49.0605],[3.5904,49.06],[3.5877,49.0594],[3.5869,49.0479],[3.5859,49.0435],[3.5867,49.0415],[3.5851,49.039],[3.5876,49.0338],[3.601,49.0351],[3.6092,49.0337],[3.6149,49.0335],[3.6169,49.0365],[3.6301,49.0396],[3.634,49.0399],[3.6404,49.0393],[3.6428,49.0371],[3.645,49.0398],[3.65,49.0429],[3.6512,49.041],[3.6549,49.0405],[3.6576,49.0381],[3.6602,49.0372],[3.6642,49.0375],[3.6662,49.0332],[3.6713,49.0266],[3.6738,49.0216],[3.6791,49.0182],[3.6749,49.0117],[3.6653,49.0056],[3.6607,49.0044],[3.6547,49.0038],[3.6403,49.0044],[3.636,48.9983],[3.6237,48.9829],[3.6271,48.981],[3.6222,48.9727],[3.6225,48.9695],[3.6211,48.9661],[3.6168,48.9652],[3.6106,48.9669],[3.6051,48.964],[3.6013,48.9663],[3.5988,48.9643],[3.5914,48.9605],[3.5938,48.9576],[3.6018,48.9535],[3.5994,48.9513],[3.6029,48.944],[3.5934,48.9447],[3.5902,48.9443],[3.5822,48.9411],[3.5747,48.9392],[3.5746,48.934],[3.573,48.9287],[3.5734,48.9247],[3.5764,48.9233],[3.5725,48.9186],[3.5707,48.915],[3.5666,48.9141],[3.5642,48.9118],[3.56,48.917],[3.5495,48.913],[3.5474,48.916],[3.5431,48.9154],[3.5325,48.9105],[3.5311,48.9129],[3.5287,48.9122],[3.5222,48.9056],[3.5208,48.9051],[3.5201,48.9015],[3.5156,48.8967],[3.5131,48.8952],[3.5083,48.8905],[3.5096,48.8894],[3.509,48.8853],[3.5028,48.8741],[3.503,48.8714],[3.4984,48.8698],[3.4919,48.8686],[3.4847,48.8665],[3.4814,48.8662],[3.4835,48.8635],[3.4836,48.8614],[3.4869,48.8573],[3.485,48.8518],[3.4702,48.8512],[3.4662,48.8426],[3.4627,48.8398],[3.4628,48.8374],[3.4605,48.8408],[3.4556,48.8419],[3.4521,48.8419],[3.4458,48.8433],[3.4457,48.8472],[3.4505,48.8489],[3.4485,48.8529],[3.4521,48.8561],[3.4458,48.8605],[3.4379,48.8606],[3.4329,48.8596],[3.4261,48.8634],[3.4233,48.8675],[3.421,48.8674],[3.4179,48.8653],[3.4155,48.8658],[3.4134,48.864],[3.4109,48.8645],[3.4082,48.8632],[3.4044,48.864],[3.3997,48.8663],[3.4016,48.8706],[3.406,48.871],[3.4059,48.8761],[3.3974,48.8762],[3.3934,48.8756],[3.3932,48.8717],[3.3906,48.871],[3.3859,48.8723],[3.3814,48.8716],[3.3805,48.8742],[3.3811,48.8769],[3.3803,48.8797],[3.3828,48.8808],[3.3811,48.8839],[3.3836,48.8845],[3.3799,48.8887],[3.3751,48.8921],[3.3713,48.8923],[3.3693,48.8938],[3.3707,48.9052],[3.3758,48.9075],[3.3761,48.9106],[3.3714,48.9186],[3.3724,48.9226],[3.371,48.9257],[3.3675,48.9283],[3.368,48.9263],[3.3661,48.9231],[3.3616,48.9191],[3.3536,48.9152],[3.3503,48.918],[3.3468,48.9171],[3.3382,48.9116],[3.3367,48.9094],[3.3343,48.9107],[3.3303,48.9087],[3.3267,48.9129],[3.3203,48.9165],[3.3133,48.9213],[3.3133,48.929],[3.3127,48.9335],[3.3106,48.9388],[3.3074,48.9454],[3.3044,48.9488],[3.3004,48.9467],[3.2907,48.9433],[3.2845,48.9405],[3.2784,48.9396],[3.2738,48.9389],[3.2719,48.9376],[3.2649,48.9388],[3.2639,48.9417],[3.2602,48.9448],[3.2624,48.9485],[3.263,48.949],[3.2585,48.9511],[3.2593,48.9536],[3.2552,48.9621],[3.2543,48.9673],[3.2515,48.9729],[3.245,48.9765],[3.2395,48.9776],[3.2312,48.9769],[3.231,48.9814],[3.2272,48.9819],[3.2267,48.9848],[3.2294,48.9886],[3.2247,48.9875],[3.2238,48.9901],[3.2251,48.9913],[3.2094,48.994],[3.2086,48.9985],[3.2073,49.0007],[3.2035,49.0017],[3.2006,49.0036],[3.1995,49.0062],[3.196,49.0066],[3.1982,49.0088],[3.1914,49.0086],[3.1866,49.0098],[3.181,49.013],[3.1733,49.0124],[3.1675,49.0125],[3.1686,49.017],[3.166,49.0207],[3.1632,49.02],[3.1611,49.0243],[3.164,49.0268],[3.1713,49.0298],[3.1741,49.0285],[3.1772,49.0301],[3.1767,49.0326],[3.1796,49.0339],[3.1789,49.0381],[3.1814,49.0389],[3.183,49.0417],[3.1798,49.0427],[3.1807,49.0446],[3.1899,49.046],[3.1903,49.0467],[3.1901,49.0526],[3.1822,49.0519],[3.1809,49.0564],[3.182,49.0621],[3.1799,49.0658],[3.1764,49.0701],[3.1662,49.078],[3.1588,49.0803],[3.1534,49.0834],[3.1588,49.088],[3.1652,49.0999],[3.1599,49.0994],[3.1521,49.1001],[3.1438,49.1021],[3.1407,49.1041],[3.1395,49.1068],[3.1369,49.1077],[3.1327,49.1074],[3.126,49.106],[3.1237,49.1069],[3.1202,49.1093],[3.1161,49.1085],[3.1144,49.1072],[3.1118,49.1079],[3.1026,49.108],[3.0951,49.1118],[3.0929,49.1109],[3.0882,49.1112],[3.0833,49.1127],[3.0802,49.112],[3.0785,49.1145],[3.0754,49.1152],[3.072,49.1178],[3.0695,49.1176],[3.0674,49.1141],[3.0634,49.1098],[3.0626,49.1066],[3.0562,49.1019],[3.0555,49.0965],[3.0574,49.094],[3.0629,49.0906],[3.0661,49.0852],[3.0606,49.087],[3.0585,49.0885],[3.0545,49.0858],[3.041,49.0873],[3.0397,49.0864],[3.0342,49.0885],[3.0317,49.0857],[3.0244,49.0877],[3.0155,49.0913],[3.0085,49.0916],[3.006,49.0864],[3.004,49.0887],[2.9994,49.0874],[2.9964,49.0877],[2.9954,49.0855],[2.9912,49.084],[2.9884,49.0795],[2.9877,49.0767],[2.9883,49.072],[2.9868,49.0709],[2.9829,49.0711],[2.9773,49.0743],[2.9746,49.075],[2.974,49.0797],[2.9702,49.0863],[2.9714,49.089],[2.9652,49.0911],[2.9565,49.0853],[2.9484,49.0869],[2.9458,49.0883],[2.9444,49.0855],[2.9445,49.0826],[2.9429,49.0783],[2.9415,49.0773],[2.9366,49.0789],[2.9341,49.0791],[2.933,49.081],[2.9259,49.0781],[2.9159,49.0802],[2.9114,49.0821],[2.9064,49.0832],[2.9014,49.0853],[2.895,49.0771],[2.8875,49.0795],[2.8836,49.0761],[2.8803,49.0759],[2.8796,49.0738],[2.8759,49.0741],[2.8734,49.0717],[2.8702,49.0701],[2.8664,49.0707],[2.8561,49.0701],[2.8544,49.0715],[2.855,49.0735],[2.8489,49.079],[2.8484,49.0817],[2.8451,49.0848],[2.8414,49.0846],[2.8372,49.0833],[2.833,49.083],[2.8224,49.0862],[2.82,49.0874],[2.8092,49.0975],[2.7986,49.0929],[2.7917,49.0903],[2.7839,49.0889],[2.7881,49.0851],[2.7891,49.083],[2.7797,49.0828],[2.7712,49.084],[2.7687,49.0831],[2.7775,49.0789],[2.783,49.0776],[2.7873,49.0755],[2.7779,49.0703],[2.7744,49.0705],[2.7693,49.0673],[2.7663,49.0648],[2.761,49.0631],[2.7538,49.0608],[2.7405,49.0611],[2.7348,49.0605],[2.7331,49.0628],[2.7318,49.0687],[2.7323,49.0705],[2.7298,49.075],[2.7249,49.0756],[2.7242,49.0807],[2.7203,49.0796],[2.721,49.0751],[2.7141,49.0701],[2.7091,49.0677],[2.7062,49.0653],[2.703,49.0648],[2.6983,49.0645],[2.6897,49.0676],[2.6911,49.0706],[2.695,49.075],[2.6832,49.082],[2.6782,49.0861],[2.6775,49.0882],[2.6731,49.0911],[2.6629,49.0936],[2.6613,49.0968],[2.6586,49.096],[2.6562,49.0986],[2.6505,49.1009],[2.6411,49.0991],[2.6408,49.1011],[2.6354,49.102],[2.6352,49.1047],[2.6364,49.1067],[2.6332,49.1086],[2.6302,49.1025],[2.6242,49.1006],[2.625,49.099],[2.6221,49.0948],[2.6194,49.0946],[2.6155,49.0939],[2.6101,49.095],[2.6102,49.0929],[2.6072,49.0893],[2.6029,49.0857],[2.596,49.0818],[2.5903,49.0799],[2.583,49.0807],[2.5827,49.0824],[2.5789,49.0843],[2.5798,49.0868],[2.5777,49.0878],[2.5801,49.0898],[2.5786,49.092],[2.5729,49.0943],[2.571,49.0951],[2.5652,49.0949],[2.5624,49.0978],[2.5596,49.0975],[2.5575,49.1002],[2.5579,49.1043],[2.556,49.1094],[2.5518,49.1124],[2.5562,49.119],[2.5569,49.1237],[2.5533,49.1246],[2.5477,49.1203],[2.5471,49.1164],[2.5396,49.1164],[2.5391,49.1193],[2.5424,49.1193],[2.5441,49.1213],[2.5421,49.1222],[2.5385,49.1218],[2.5367,49.1201],[2.533,49.1195],[2.5313,49.0995],[2.5268,49.1009],[2.5201,49.102],[2.5104,49.1043],[2.505,49.1038],[2.4901,49.1062],[2.4912,49.1114],[2.503,49.1177],[2.4991,49.1222],[2.4873,49.1256],[2.4753,49.1285],[2.4775,49.131],[2.4753,49.131],[2.4717,49.1351],[2.4676,49.1361],[2.4611,49.1367],[2.4625,49.1393],[2.4589,49.1408],[2.4477,49.136],[2.4403,49.1342],[2.4355,49.134],[2.4389,49.1416],[2.4408,49.1459],[2.4353,49.1477],[2.4247,49.1495],[2.4155,49.1499],[2.4156,49.1518],[2.4131,49.1524],[2.4043,49.1519],[2.3913,49.1493],[2.381,49.1577],[2.3733,49.1594],[2.3711,49.1593],[2.3693,49.1562],[2.3666,49.1553],[2.3649,49.1523],[2.3622,49.1525],[2.3618,49.1502],[2.3593,49.1473],[2.3551,49.1493],[2.3534,49.1512],[2.3554,49.1533],[2.3505,49.1572],[2.346,49.1623],[2.3413,49.1649],[2.3355,49.1707],[2.326,49.1777],[2.3258,49.1787],[2.3196,49.1824],[2.3216,49.1844],[2.3132,49.1858],[2.3104,49.185],[2.3013,49.184],[2.3001,49.1812],[2.2995,49.176],[2.2966,49.1762],[2.2942,49.1717],[2.2888,49.1707],[2.2895,49.168],[2.2851,49.1657],[2.2865,49.1599],[2.2812,49.1589],[2.2767,49.159],[2.2704,49.157],[2.2682,49.1558],[2.2622,49.1584],[2.2538,49.1526],[2.2504,49.1535],[2.2419,49.1534],[2.2413,49.1516],[2.2388,49.152],[2.2321,49.1514],[2.2223,49.1523],[2.2168,49.1541],[2.2231,49.1597],[2.2242,49.1624],[2.2292,49.1638],[2.2343,49.166],[2.2347,49.1673],[2.2315,49.1705],[2.2238,49.174],[2.2198,49.1796],[2.2175,49.1797],[2.2121,49.1765],[2.2063,49.1746],[2.2013,49.1741],[2.1991,49.1753],[2.196,49.1734],[2.1868,49.1734],[2.182,49.1737],[2.1761,49.176],[2.1798,49.1732],[2.1793,49.1708],[2.1715,49.1679],[2.1706,49.1644],[2.1638,49.1663],[2.158,49.1726],[2.165,49.1789],[2.1617,49.1796],[2.1592,49.1815],[2.1524,49.1838],[2.148,49.185],[2.1473,49.1881],[2.1412,49.1859],[2.1408,49.1789],[2.1365,49.179],[2.1368,49.1813],[2.1351,49.1883],[2.1352,49.1912],[2.1318,49.1907],[2.128,49.1936],[2.1255,49.1928],[2.125,49.1906],[2.1186,49.1874],[2.1133,49.1865],[2.111,49.187],[2.1095,49.1908],[2.1036,49.1889],[2.1021,49.1904],[2.0977,49.1892],[2.0953,49.1901],[2.0958,49.1916],[2.0925,49.1934],[2.089,49.1938],[2.0889,49.1961],[2.0927,49.1953],[2.0925,49.1975],[2.0903,49.1982],[2.0922,49.2012],[2.0905,49.2017],[2.0914,49.205],[2.0909,49.2086],[2.0879,49.2091],[2.0847,49.2059],[2.0807,49.2069],[2.0807,49.2107],[2.0748,49.2088],[2.0721,49.2043],[2.0668,49.2029],[2.0558,49.1989],[2.0473,49.1987],[2.0462,49.1964],[2.0382,49.1924],[2.038,49.1922],[2.0346,49.1896],[2.0284,49.188],[2.0218,49.1888],[2.0047,49.1772],[1.9991,49.1754],[1.9962,49.1768],[1.9909,49.1766],[1.9879,49.179],[1.9832,49.1801],[1.9813,49.1817],[1.9736,49.1839],[1.9717,49.1814],[1.9647,49.1769],[1.9624,49.1746],[1.96,49.1735],[1.9497,49.1705],[1.9453,49.1715],[1.9423,49.17],[1.9389,49.1706],[1.9348,49.17],[1.9344,49.1735],[1.9312,49.1743],[1.915,49.1709],[1.9069,49.1686],[1.8947,49.1661],[1.8951,49.165],[1.8874,49.163],[1.883,49.1626],[1.8837,49.1661],[1.8809,49.1673],[1.8767,49.1714],[1.8761,49.1751],[1.8735,49.1741],[1.8673,49.172],[1.8582,49.17],[1.8565,49.172],[1.8489,49.1706],[1.8447,49.1707],[1.8388,49.1668],[1.8364,49.1645],[1.8343,49.1652],[1.8375,49.1728],[1.8281,49.1784],[1.8268,49.1797],[1.8195,49.1769],[1.8145,49.1761],[1.8131,49.1783],[1.8063,49.1801],[1.8036,49.18],[1.8031,49.1851],[1.797,49.1852],[1.7955,49.1853],[1.7936,49.1803],[1.7909,49.18],[1.7864,49.1831],[1.7848,49.1858],[1.7775,49.184],[1.777,49.185],[1.7764,49.1849],[1.7769,49.1842],[1.767,49.18],[1.7549,49.1746],[1.7424,49.1798],[1.7401,49.1808],[1.7443,49.1833],[1.741,49.1857],[1.7411,49.1884],[1.7399,49.1921],[1.7364,49.1928],[1.7373,49.1948],[1.7291,49.1952],[1.7259,49.1943],[1.7248,49.1999],[1.7155,49.2027],[1.7149,49.2074],[1.7202,49.2068],[1.7229,49.2097],[1.7294,49.2097],[1.7337,49.211],[1.7323,49.2156],[1.7357,49.2161],[1.7341,49.2213],[1.7405,49.2237],[1.7362,49.2263],[1.7333,49.2265],[1.7297,49.2292],[1.7253,49.2298],[1.7153,49.2334],[1.7132,49.2348],[1.7126,49.2413],[1.7094,49.2415],[1.7096,49.2387],[1.7083,49.2359],[1.7053,49.2344],[1.7044,49.2324],[1.699,49.235],[1.702,49.2391],[1.7015,49.2425],[1.6988,49.2457],[1.7012,49.2518],[1.7012,49.2527],[1.7065,49.2542],[1.7084,49.2579],[1.7076,49.261],[1.7116,49.2645],[1.7262,49.2648],[1.7302,49.2661],[1.7318,49.2678],[1.7364,49.2703],[1.7398,49.2689],[1.7441,49.2682],[1.7463,49.269],[1.7504,49.2675],[1.7544,49.27],[1.7589,49.2722],[1.7583,49.2676],[1.759,49.2628],[1.765,49.2634],[1.7668,49.2615],[1.7688,49.2562],[1.7669,49.252],[1.7794,49.2485],[1.7891,49.249],[1.7903,49.2468],[1.7904,49.2469],[1.7894,49.2537],[1.7938,49.2592],[1.795,49.2624],[1.7988,49.2679],[1.8023,49.2719],[1.8024,49.2735],[1.7935,49.2743],[1.7941,49.2774],[1.7975,49.2799],[1.794,49.2829],[1.7979,49.2853],[1.7976,49.2885],[1.7914,49.2882],[1.7844,49.2932],[1.7723,49.2911],[1.7719,49.294],[1.7753,49.2984],[1.7747,49.3008],[1.775,49.3056],[1.773,49.3073],[1.7732,49.3099],[1.7702,49.3109],[1.7721,49.3141],[1.7671,49.3161],[1.7688,49.324],[1.7708,49.326],[1.7727,49.3292],[1.772,49.3309],[1.7743,49.3342],[1.7742,49.3375],[1.7685,49.3392],[1.7689,49.341],[1.7659,49.3425],[1.7666,49.345],[1.7642,49.3483],[1.7612,49.351],[1.7597,49.3536],[1.7603,49.3554],[1.758,49.357],[1.7614,49.3606],[1.7595,49.3682],[1.7565,49.369],[1.7568,49.3706],[1.7503,49.3706],[1.7478,49.3717],[1.7479,49.3747],[1.745,49.3803],[1.7412,49.3812],[1.7362,49.3838],[1.7301,49.3907],[1.7212,49.3931],[1.7199,49.3955],[1.7237,49.3971],[1.7272,49.3975],[1.7297,49.4007],[1.7335,49.4015],[1.7375,49.4046],[1.7405,49.4056],[1.737,49.4073],[1.7295,49.4067],[1.7241,49.4057],[1.7208,49.4057],[1.7195,49.4038],[1.7165,49.4033],[1.714,49.407],[1.714,49.4093],[1.7161,49.4107],[1.7151,49.415],[1.7164,49.4169],[1.7208,49.4182],[1.7242,49.4223],[1.7208,49.4242],[1.7236,49.4274],[1.7221,49.4295],[1.7235,49.4346],[1.7273,49.4358],[1.7282,49.4373],[1.7243,49.4395],[1.7245,49.4411],[1.7276,49.442],[1.7315,49.4404],[1.7335,49.4411],[1.7339,49.4429],[1.738,49.449],[1.74,49.4491],[1.7476,49.4511],[1.7521,49.4537],[1.7509,49.4564],[1.7475,49.4595],[1.7505,49.4609],[1.7562,49.4617],[1.7602,49.4636],[1.7621,49.466],[1.766,49.466],[1.7712,49.4691],[1.7736,49.472],[1.7766,49.4731],[1.776,49.476],[1.7727,49.4781],[1.7733,49.4801],[1.7763,49.4827],[1.772,49.4849],[1.7767,49.488],[1.7791,49.4908],[1.789,49.4904],[1.7875,49.4935],[1.7908,49.498],[1.7879,49.4991],[1.7903,49.5035],[1.7875,49.5065],[1.785,49.5069],[1.7803,49.5099],[1.7713,49.5131],[1.7682,49.5121],[1.7668,49.5094],[1.763,49.5113],[1.7595,49.5114],[1.7571,49.5095],[1.7576,49.507],[1.7532,49.5042],[1.7508,49.5038],[1.7496,49.5007],[1.7526,49.4973],[1.7467,49.49],[1.7435,49.49],[1.7444,49.4942],[1.7401,49.4994],[1.7368,49.5004],[1.734,49.4991],[1.7309,49.5001],[1.7253,49.4997],[1.7251,49.5032],[1.7209,49.5038],[1.7192,49.503],[1.7165,49.5038],[1.717,49.5059],[1.7198,49.5089],[1.7215,49.5111],[1.7261,49.5139],[1.7377,49.52],[1.7381,49.5213],[1.7353,49.525],[1.7442,49.5292],[1.7443,49.5315],[1.7418,49.533],[1.7463,49.5352],[1.7478,49.5387],[1.7455,49.5393],[1.7449,49.5395],[1.7393,49.5434],[1.7322,49.5413],[1.7228,49.5442],[1.7264,49.5483],[1.7283,49.554],[1.7309,49.5563],[1.7268,49.558],[1.73,49.5614],[1.7255,49.5643],[1.7205,49.5696],[1.714,49.5776],[1.7076,49.5775],[1.7022,49.5755],[1.6977,49.5723],[1.6944,49.575],[1.7008,49.5797],[1.6996,49.5808],[1.6939,49.5791],[1.6913,49.5791],[1.6925,49.5805],[1.6975,49.5826],[1.7015,49.5828],[1.7059,49.5798],[1.7102,49.5799],[1.7161,49.5822],[1.7201,49.5817],[1.7196,49.5839],[1.7222,49.5891],[1.7209,49.59],[1.7179,49.5886],[1.7106,49.5869],[1.7089,49.5871],[1.7053,49.5909],[1.7088,49.5949],[1.7024,49.5963],[1.7014,49.5989],[1.6951,49.5998],[1.6939,49.6011],[1.6999,49.6025],[1.7059,49.6064],[1.7107,49.6126],[1.7179,49.6147],[1.7183,49.6194],[1.7215,49.6232],[1.721,49.6253],[1.7171,49.632],[1.7173,49.6331],[1.7111,49.6353],[1.7045,49.6399],[1.6986,49.6445],[1.7058,49.6455],[1.7084,49.6463],[1.7123,49.6515],[1.7128,49.6548],[1.7196,49.6566],[1.7225,49.6616],[1.7221,49.6667],[1.7233,49.6695],[1.7229,49.6723],[1.7338,49.6739],[1.7457,49.6797],[1.7523,49.6811],[1.7502,49.6864],[1.7507,49.688],[1.7489,49.6927],[1.7511,49.6944],[1.745,49.6982],[1.7433,49.7018],[1.7381,49.7008],[1.7333,49.6991],[1.7272,49.6953],[1.7242,49.6941],[1.7201,49.6895],[1.7181,49.6851],[1.7135,49.6824],[1.7052,49.6813],[1.702,49.6854],[1.6955,49.6906],[1.6889,49.6939],[1.6889,49.6953],[1.6925,49.6967],[1.7009,49.7021],[1.7055,49.7073],[1.7127,49.705],[1.7153,49.7088],[1.7148,49.7138],[1.7146,49.7184],[1.7133,49.7221],[1.7121,49.7327],[1.7135,49.7342],[1.7196,49.7306],[1.7232,49.7302],[1.7305,49.7337],[1.7357,49.735],[1.7429,49.7384],[1.7459,49.7387],[1.7436,49.7427],[1.7438,49.7454],[1.7403,49.7496],[1.743,49.7528],[1.7446,49.7556],[1.7479,49.7581],[1.7473,49.7608],[1.7498,49.7639],[1.7552,49.7621],[1.7605,49.7576],[1.7663,49.7566],[1.7789,49.758],[1.7838,49.7583],[1.7844,49.7637],[1.7812,49.7676],[1.7791,49.7709],[1.7711,49.778],[1.7674,49.778],[1.7623,49.7801],[1.7583,49.7803],[1.7583,49.7828],[1.7575,49.7861],[1.755,49.7883],[1.7523,49.7922],[1.7488,49.7957],[1.7468,49.7966],[1.7449,49.7994],[1.7465,49.8029],[1.7446,49.8034],[1.7437,49.8053],[1.7405,49.8076],[1.7376,49.8077],[1.7336,49.8135],[1.7323,49.8162],[1.7336,49.8171],[1.7299,49.8215],[1.7294,49.8249],[1.7271,49.8282],[1.7274,49.8302],[1.7253,49.8331],[1.7272,49.8352],[1.7255,49.8364],[1.7259,49.8398],[1.7244,49.8427],[1.7258,49.8453],[1.7213,49.8464],[1.7172,49.8482],[1.7204,49.8501],[1.7188,49.8531],[1.7202,49.8594],[1.72,49.8619],[1.7185,49.8658],[1.7148,49.8663],[1.7115,49.874],[1.7142,49.8759],[1.7113,49.8819],[1.7125,49.8832],[1.7121,49.8868],[1.7101,49.8894],[1.7063,49.89],[1.7057,49.8919],[1.7026,49.8932],[1.6967,49.8934],[1.6934,49.8944],[1.6917,49.8986],[1.6905,49.9023],[1.6852,49.9035],[1.6856,49.9063],[1.6834,49.9118],[1.6784,49.9136],[1.679,49.9167],[1.6736,49.9191],[1.6694,49.922],[1.6665,49.9214],[1.6623,49.9221],[1.6594,49.9239],[1.6597,49.9253],[1.6546,49.9262],[1.6476,49.9286],[1.6398,49.9319],[1.6297,49.9344],[1.6225,49.9347],[1.6156,49.9402],[1.6086,49.9418],[1.6033,49.943],[1.5997,49.947],[1.5946,49.9486],[1.5913,49.9515],[1.5909,49.9542],[1.5871,49.9559],[1.5884,49.9577],[1.5861,49.9588],[1.5812,49.9632],[1.5778,49.9632],[1.5741,49.9696],[1.5762,49.9709],[1.5745,49.9733],[1.5701,49.9759],[1.5655,49.9758],[1.5617,49.9783],[1.5581,49.9787],[1.5524,49.9837],[1.5475,49.9872],[1.5351,49.9914],[1.5329,49.9938],[1.5274,49.9947],[1.5273,49.9957],[1.5251,49.9986],[1.5225,50.0039],[1.5175,50.005],[1.516,50.008],[1.5183,50.0101],[1.5163,50.0121],[1.5092,50.0142],[1.498,50.0196],[1.4931,50.0176],[1.4909,50.0189],[1.4903,50.0217],[1.4866,50.0229],[1.4844,50.0247],[1.4783,50.0274],[1.4776,50.0302],[1.4734,50.0336],[1.4708,50.0351],[1.4672,50.0351],[1.4586,50.037],[1.4529,50.039],[1.4532,50.0422],[1.4489,50.0455],[1.4494,50.047],[1.4559,50.0444],[1.4556,50.0486],[1.4565,50.0498],[1.4549,50.0558],[1.4592,50.0627],[1.4533,50.0645],[1.4493,50.0693],[1.4416,50.0704],[1.4288,50.0704],[1.4265,50.0714],[1.4232,50.0711],[1.4219,50.0694],[1.4202,50.0662],[1.4153,50.0632],[1.4129,50.0631],[1.4087,50.0571],[1.4034,50.0572],[1.4004,50.0587],[1.3973,50.0583],[1.3959,50.0612],[1.3963,50.0643],[1.3922,50.0635],[1.3925,50.0608],[1.3866,50.0614],[1.3852,50.064],[1.3806,50.0644],[1.3805,50.0657],[1.3866,50.0702],[1.3901,50.0737],[1.4012,50.0793],[1.4142,50.0849],[1.4176,50.0875],[1.421,50.0889],[1.4318,50.0931],[1.4336,50.0949],[1.4388,50.0981],[1.4434,50.1],[1.4542,50.1101],[1.4593,50.1209],[1.4657,50.1334],[1.4682,50.139],[1.4739,50.1509],[1.48,50.1664],[1.4871,50.1778],[1.4936,50.1855],[1.4965,50.1878],[1.5043,50.1966],[1.5128,50.2025],[1.5293,50.2113],[1.5275,50.209],[1.5305,50.2084],[1.5435,50.2135],[1.5518,50.2152],[1.5625,50.2167],[1.5653,50.2165],[1.5668,50.2149],[1.562,50.2136],[1.559,50.212],[1.5571,50.2097],[1.5606,50.2075],[1.5664,50.2022],[1.565,50.2001],[1.5661,50.1984],[1.5721,50.195],[1.578,50.193],[1.5889,50.1864],[1.5914,50.1858],[1.593,50.1844],[1.6124,50.1914],[1.6154,50.1914],[1.6201,50.1898],[1.6265,50.1895],[1.6271,50.1903],[1.643,50.1857],[1.6445,50.18],[1.6478,50.1823],[1.6606,50.1797],[1.6652,50.1776],[1.6577,50.1753],[1.6611,50.1741],[1.6695,50.1738],[1.6746,50.1747],[1.677,50.1762],[1.6838,50.183],[1.6887,50.188],[1.6822,50.1908],[1.6769,50.1942],[1.6776,50.1963],[1.687,50.2001],[1.6826,50.2053],[1.6768,50.2096],[1.6626,50.2143],[1.6519,50.2168],[1.6482,50.2148],[1.642,50.213],[1.637,50.2132],[1.6343,50.215],[1.6325,50.2181],[1.6296,50.2164],[1.6294,50.2148],[1.6258,50.2137],[1.6228,50.2145],[1.6169,50.2194],[1.613,50.2236],[1.6119,50.226],[1.604,50.2362],[1.5966,50.2422],[1.5935,50.2459],[1.5929,50.2492],[1.5958,50.2513],[1.5925,50.2558],[1.5948,50.2578],[1.5856,50.2551],[1.5744,50.2565],[1.5677,50.2561],[1.5604,50.2565],[1.553,50.2589],[1.5541,50.2564],[1.5458,50.257],[1.542,50.2593],[1.5397,50.2635],[1.5383,50.2754],[1.5379,50.2834],[1.5383,50.287],[1.5422,50.3051],[1.5457,50.3214],[1.5475,50.329],[1.5498,50.343],[1.5501,50.3517],[1.5512,50.3582],[1.5543,50.3635],[1.5568,50.3652],[1.5633,50.3658],[1.5642,50.3647],[1.5693,50.3627],[1.5647,50.3591],[1.5682,50.3585],[1.6025,50.3599],[1.6135,50.3604],[1.6243,50.3664],[1.6265,50.3657],[1.6269,50.3602],[1.6316,50.3575],[1.6363,50.354],[1.6448,50.3503],[1.6451,50.3509],[1.6354,50.3561],[1.6315,50.3606],[1.6335,50.3643],[1.6326,50.3659],[1.6267,50.3713],[1.6248,50.372],[1.619,50.3715],[1.6177,50.3724],[1.6109,50.3701],[1.6043,50.3739],[1.6018,50.3773],[1.5975,50.3796],[1.593,50.3785],[1.5894,50.3786],[1.5851,50.3774],[1.5796,50.3789],[1.5795,50.3816],[1.5807,50.386],[1.5735,50.3902],[1.5702,50.3944],[1.5671,50.3956],[1.5633,50.3956],[1.5605,50.3944],[1.5565,50.3968],[1.5554,50.4007],[1.5576,50.407],[1.5598,50.4102],[1.5643,50.4205],[1.5663,50.4264],[1.5691,50.4399],[1.57,50.4445],[1.5729,50.4657],[1.5745,50.4714],[1.5761,50.4879],[1.5768,50.4951],[1.5774,50.5054],[1.5774,50.5144],[1.5783,50.5225],[1.5817,50.5334],[1.585,50.5391],[1.5888,50.539],[1.5947,50.5366],[1.592,50.5337],[1.5958,50.5286],[1.5992,50.5271],[1.6031,50.5294],[1.6095,50.5269],[1.6325,50.5128],[1.6349,50.5117],[1.6386,50.509],[1.6406,50.5087],[1.6443,50.5095],[1.6355,50.5131],[1.626,50.5204],[1.6268,50.5213],[1.6202,50.5338],[1.6151,50.5349],[1.6127,50.5387],[1.6092,50.5378],[1.604,50.538],[1.6051,50.5408],[1.5994,50.5515],[1.5885,50.5566],[1.5805,50.5644],[1.5772,50.5699],[1.5764,50.5743],[1.578,50.5813],[1.5785,50.5868],[1.578,50.5926],[1.5781,50.6057],[1.5786,50.6067],[1.5782,50.6085],[1.5779,50.6196],[1.5771,50.6261],[1.576,50.6385],[1.578,50.6413],[1.5764,50.6416],[1.5714,50.6644],[1.5695,50.6694],[1.5686,50.6741],[1.5636,50.6843],[1.5625,50.6875],[1.563,50.6921],[1.5622,50.6962],[1.5607,50.6994],[1.569,50.7068],[1.5729,50.7169],[1.5638,50.7231],[1.5638,50.7249],[1.5705,50.7249],[1.5717,50.7275],[1.5744,50.7274],[1.5713,50.7204],[1.5734,50.7188],[1.5756,50.7226],[1.5796,50.7263],[1.5789,50.7284],[1.5857,50.7314],[1.5899,50.7296],[1.5912,50.7263],[1.5966,50.7276],[1.5999,50.7231],[1.6015,50.7236],[1.5983,50.7279],[1.5926,50.73],[1.5944,50.7352],[1.5943,50.7392],[1.5957,50.7446],[1.5959,50.7487],[1.5944,50.7506],[1.6001,50.754],[1.6053,50.7636],[1.6066,50.7708],[1.6054,50.7801],[1.603,50.786],[1.6063,50.7886],[1.6065,50.7946],[1.6024,50.8043],[1.599,50.8082],[1.5968,50.814],[1.5948,50.8174],[1.5892,50.8258],[1.5908,50.828],[1.5892,50.8316],[1.5865,50.8379],[1.5863,50.8405],[1.5812,50.8505],[1.5781,50.8535],[1.5785,50.8576],[1.5814,50.865],[1.5812,50.87],[1.5838,50.8719],[1.5889,50.8717],[1.5911,50.8705],[1.5989,50.8717],[1.6045,50.8707],[1.6138,50.872],[1.6158,50.8728],[1.6245,50.8739],[1.635,50.8759],[1.6432,50.8782],[1.6478,50.8805],[1.6517,50.8839],[1.6588,50.8875],[1.6608,50.8879],[1.668,50.8937],[1.6709,50.8953],[1.679,50.902],[1.6898,50.9131],[1.6927,50.9156],[1.698,50.9185],[1.7059,50.9243],[1.707,50.9256],[1.7116,50.9287],[1.7278,50.9374],[1.7405,50.9425],[1.758,50.9479],[1.7649,50.9504],[1.7824,50.9555],[1.789,50.957],[1.8106,50.9601],[1.8237,50.9616],[1.829,50.9626],[1.835,50.964],[1.8404,50.966],[1.8424,50.9676],[1.84,50.9708],[1.8406,50.9729],[1.8459,50.9782],[1.8546,50.9815],[1.8643,50.9827],[1.8749,50.9819],[1.8801,50.9795],[1.8856,50.9728],[1.8885,50.9727],[1.8944,50.9745],[1.8982,50.9769],[1.9022,50.9784],[1.9041,50.9806],[1.9079,50.9822],[1.913,50.9806],[1.9104,50.9826],[1.9143,50.9844],[1.9219,50.9851],[1.9242,50.9864],[1.935,50.9875],[1.9407,50.9892],[1.9476,50.99],[1.9561,50.9888],[1.9618,50.9869],[1.9665,50.9886],[1.9727,50.9895],[1.9745,50.9906],[1.9911,50.9935],[2.0064,50.9949],[2.0143,50.9949],[2.028,50.9966],[2.0351,50.9982],[2.0429,50.9973],[2.0455,50.9988],[2.0478,51.0021],[2.0459,51.0033],[2.0572,51.0056],[2.0673,51.0067],[2.0767,51.0081],[2.0906,51.0107],[2.0871,51.0076],[2.0837,51.0075],[2.0825,51.0053],[2.0895,51.004],[2.0939,51.0035],[2.0973,51.0058],[2.1015,51.0048],[2.1027,51.0065],[2.1041,51.007],[2.1078,51.0041],[2.1142,51.0083],[2.1222,51.0114],[2.1228,51.0147],[2.1363,51.0194],[2.142,51.0224],[2.1434,51.0258],[2.1486,51.0285],[2.1486,51.0343],[2.1525,51.0354],[2.1632,51.0378],[2.163,51.044],[2.1707,51.0444],[2.1829,51.04],[2.1919,51.0414],[2.1948,51.0404],[2.1973,51.0368],[2.1998,51.0354],[2.201,51.0331],[2.2037,51.032],[2.2086,51.0319],[2.2134,51.0328],[2.227,51.0364],[2.2404,51.0392],[2.2556,51.0421],[2.2571,51.0431],[2.2645,51.0447],[2.303,51.0513],[2.3298,51.056],[2.3403,51.0575],[2.3445,51.0558],[2.3445,51.053],[2.3488,51.0521],[2.3565,51.0524],[2.3604,51.0536],[2.3707,51.0451],[2.3717,51.0425],[2.3762,51.0424],[2.3721,51.0456],[2.3744,51.0476],[2.3694,51.048],[2.3679,51.0512],[2.3706,51.0516],[2.3858,51.0498],[2.3902,51.0502],[2.4089,51.0529],[2.4251,51.0563],[2.4321,51.058],[2.4483,51.0621],[2.453,51.0631],[2.4667,51.0667],[2.4731,51.0683],[2.4826,51.0706],[2.4939,51.0738],[2.5025,51.0761],[2.5139,51.0798],[2.5357,51.086],[2.5454,51.0892],[2.5594,51.0707],[2.5591,51.07],[2.5628,51.0649],[2.562,51.0583],[2.5737,51.0214],[2.5759,51.0139],[2.5724,51.013],[2.571,51.0105],[2.5719,51.0084],[2.5755,51.0058],[2.574,51.0032],[2.5793,50.9992],[2.5845,50.9965],[2.5954,50.992],[2.607,50.9912],[2.6079,50.9875],[2.6101,50.9853],[2.6067,50.982],[2.6091,50.9815],[2.6085,50.9792],[2.6125,50.9747],[2.6109,50.9736],[2.6166,50.97],[2.6211,50.9648],[2.6227,50.9603],[2.6264,50.9566],[2.6287,50.9506],[2.6303,50.9499],[2.6329,50.9462],[2.6303,50.9433],[2.618,50.9414],[2.6172,50.9405],[2.6193,50.9369],[2.6178,50.9347],[2.6142,50.9324],[2.6088,50.9309],[2.6061,50.9287],[2.6026,50.9273],[2.5974,50.9224],[2.5904,50.9192],[2.5923,50.9154],[2.5945,50.9144],[2.6038,50.9166],[2.6048,50.9142],[2.6075,50.9128],[2.6081,50.9101],[2.6051,50.9066],[2.6039,50.9046],[2.6067,50.9018],[2.6055,50.9006],[2.6095,50.8956],[2.607,50.8905],[2.6048,50.8878],[2.607,50.8861],[2.6065,50.8839],[2.6095,50.8806],[2.6098,50.8788],[2.6063,50.8757],[2.6075,50.8726],[2.6122,50.8659],[2.6122,50.8635],[2.6096,50.861],[2.6043,50.8585],[2.5993,50.8533],[2.5987,50.8502],[2.6001,50.8485],[2.6035,50.8478],[2.6113,50.8503],[2.6125,50.849],[2.6167,50.8479],[2.6156,50.8438],[2.6169,50.8426],[2.6166,50.8395],[2.6204,50.8389],[2.6255,50.8367],[2.6273,50.828],[2.6316,50.8177],[2.6352,50.8129],[2.6547,50.8134],[2.6624,50.8164],[2.6681,50.82],[2.6693,50.8227],[2.6751,50.8192],[2.6789,50.8134],[2.6886,50.8135],[2.6939,50.814],[2.7046,50.8135],[2.7108,50.8136],[2.7142,50.8142],[2.7181,50.8135],[2.7225,50.8104],[2.7259,50.809],[2.7244,50.806],[2.7213,50.8023],[2.7227,50.8012],[2.7262,50.7924],[2.7298,50.7918],[2.7304,50.7881],[2.7372,50.7829],[2.7384,50.7805],[2.742,50.7809],[2.7505,50.7785],[2.7537,50.7767],[2.7545,50.7747],[2.7573,50.7739],[2.762,50.7711],[2.7565,50.7627],[2.7621,50.7634],[2.7639,50.7611],[2.7616,50.7592],[2.7645,50.7558],[2.7676,50.7543],[2.7727,50.7551],[2.778,50.7506],[2.783,50.7515],[2.7827,50.7488],[2.7836,50.7443],[2.7816,50.7434],[2.7871,50.7327],[2.7904,50.7316],[2.7894,50.7289],[2.7913,50.7281],[2.7946,50.7249],[2.803,50.7222],[2.8085,50.7194],[2.8107,50.7174],[2.8133,50.7171],[2.8148,50.7176],[2.8192,50.7155],[2.8228,50.7179],[2.8296,50.7197],[2.8399,50.7206],[2.8481,50.723],[2.8511,50.7198],[2.8538,50.7154],[2.8596,50.7107],[2.8697,50.7033],[2.8741,50.7042],[2.8796,50.7028],[2.8853,50.7065],[2.8898,50.7033],[2.8976,50.6951],[2.9012,50.6928],[2.9058,50.6924],[2.9099,50.6937],[2.9109,50.6961],[2.9086,50.7018],[2.9117,50.704],[2.9229,50.7032],[2.9262,50.7081],[2.9299,50.7108],[2.9311,50.7182],[2.9288,50.7233],[2.9319,50.7285],[2.9371,50.73],[2.9442,50.7313],[2.9436,50.7347],[2.9416,50.737],[2.9385,50.7381],[2.9372,50.7423],[2.938,50.7446],[2.9405,50.7456],[2.9465,50.7482],[2.9503,50.7515],[2.9565,50.7536],[2.9616,50.7529],[2.967,50.7498],[2.973,50.7505],[2.9775,50.7529],[2.9808,50.7567],[2.9831,50.7574],[2.9869,50.7579],[2.9933,50.7603],[3.012,50.7692],[3.0149,50.7712],[3.0144,50.7735],[3.019,50.7736],[3.0239,50.7711],[3.027,50.7717],[3.0334,50.7698],[3.0355,50.7703],[3.041,50.7761],[3.0452,50.7775],[3.0487,50.7778],[3.0517,50.7796],[3.0589,50.7808],[3.0609,50.7807],[3.0828,50.7726],[3.0897,50.7738],[3.0896,50.7756],[3.0946,50.778],[3.0997,50.7793],[3.1046,50.7818],[3.1086,50.7866],[3.1071,50.7884],[3.1104,50.7936],[3.1152,50.7931],[3.1209,50.791],[3.1241,50.7888],[3.125,50.7866],[3.1282,50.7863],[3.1484,50.7902],[3.1522,50.7881],[3.1511,50.7839],[3.1549,50.7782],[3.1614,50.7726],[3.1651,50.7674],[3.1714,50.7623],[3.1714,50.7585],[3.1803,50.7553],[3.1796,50.7537],[3.1842,50.749],[3.1863,50.7466],[3.1856,50.7445],[3.1875,50.7408],[3.1926,50.7392],[3.1968,50.7372],[3.2,50.7345],[3.1968,50.7301],[3.1917,50.7277],[3.1913,50.7256],[3.1986,50.7204],[3.2084,50.7187],[3.2085,50.7158],[3.2128,50.7126],[3.2186,50.7122],[3.2221,50.7102],[3.2274,50.713],[3.2308,50.7121],[3.2356,50.7131],[3.2379,50.7113],[3.2452,50.713],[3.2522,50.7066],[3.2508,50.7054],[3.2545,50.7035],[3.2606,50.7022],[3.2611,50.7013],[3.2586,50.6961],[3.2615,50.6914],[3.2537,50.6911],[3.2528,50.6898],[3.2555,50.6864],[3.2586,50.6853],[3.2576,50.6836],[3.2598,50.682],[3.2612,50.679],[3.2645,50.6778],[3.2635,50.6762],[3.2604,50.676],[3.2549,50.6741],[3.2529,50.6743],[3.2476,50.6711],[3.2412,50.6688],[3.242,50.6669],[3.2424,50.6624],[3.2401,50.6586],[3.2464,50.6526],[3.2453,50.6512],[3.2489,50.6498],[3.2494,50.6471],[3.2441,50.6407],[3.2506,50.6364],[3.2527,50.6328],[3.2592,50.6297],[3.2588,50.6282],[3.2553,50.6227],[3.2583,50.6203],[3.2637,50.6179],[3.2631,50.6167],[3.27,50.612],[3.2706,50.6079],[3.2721,50.6051],[3.2747,50.6048],[3.2737,50.6007],[3.2762,50.6004],[3.2746,50.5969],[3.2796,50.5959],[3.2761,50.5898],[3.2766,50.589],[3.2757,50.5816],[3.2792,50.5802],[3.2817,50.5777],[3.2816,50.5729],[3.2777,50.5701],[3.2778,50.5643],[3.2852,50.5617],[3.2811,50.5599],[3.276,50.5585],[3.2789,50.5555],[3.2809,50.556],[3.2826,50.5521],[3.2783,50.5517],[3.2793,50.547],[3.2807,50.5444],[3.2788,50.539],[3.2846,50.5352],[3.2853,50.5323],[3.287,50.5319],[3.2864,50.5279],[3.2885,50.5258],[3.2913,50.5255],[3.295,50.5236],[3.3046,50.5204],[3.3115,50.5192],[3.3206,50.5187],[3.3206,50.5169],[3.3282,50.5126],[3.3266,50.5106],[3.3289,50.5084],[3.3346,50.508],[3.3425,50.5076],[3.3493,50.5056],[3.3619,50.5039],[3.3649,50.5003],[3.3693,50.4977],[3.3707,50.4939],[3.3771,50.4911],[3.3811,50.4931],[3.3854,50.4937],[3.392,50.4985],[3.396,50.4961],[3.3973,50.4984],[3.4057,50.499],[3.4172,50.503],[3.4211,50.5032],[3.4289,50.5047],[3.4322,50.5078],[3.4384,50.5107],[3.4395,50.5074],[3.4419,50.5081],[3.4469,50.506],[3.4502,50.5076],[3.452,50.5111],[3.4517,50.5128],[3.4543,50.5152],[3.4538,50.5192],[3.4641,50.5253],[3.4684,50.5294],[3.4703,50.5304],[3.4704,50.5326],[3.4744,50.5337],[3.4789,50.5317],[3.488,50.5295],[3.4913,50.5276],[3.4933,50.5289],[3.4992,50.5301],[3.5049,50.5282],[3.5087,50.528],[3.5116,50.5257],[3.5184,50.5247],[3.5176,50.518],[3.5156,50.5154],[3.5162,50.5129],[3.5095,50.5086],[3.5038,50.5069],[3.5041,50.5057],[3.5,50.5027],[3.4963,50.4989],[3.4995,50.4946],[3.4975,50.4931],[3.5007,50.4867],[3.5074,50.4893],[3.5108,50.4909],[3.5152,50.4912],[3.523,50.4954],[3.5281,50.4952],[3.5343,50.4958],[3.5393,50.4947],[3.5439,50.497],[3.5521,50.4981],[3.5596,50.498],[3.5647,50.4985],[3.5693,50.5009],[3.5738,50.4987],[3.5728,50.4966],[3.579,50.4946],[3.5789,50.4927],[3.581,50.4913],[3.5854,50.4905],[3.5938,50.4914],[3.6075,50.4972],[3.6192,50.4868],[3.6325,50.48],[3.6302,50.4792],[3.6351,50.4712],[3.6434,50.4633],[3.6484,50.4642],[3.6533,50.4635],[3.6579,50.4591],[3.6603,50.4584],[3.6628,50.456],[3.6642,50.4523],[3.6608,50.45],[3.6604,50.4456],[3.663,50.4416],[3.6684,50.4392],[3.6698,50.4372],[3.6688,50.4368],[3.6691,50.4229],[3.6723,50.4222],[3.6703,50.4198],[3.6703,50.4167],[3.6737,50.4097],[3.673,50.405],[3.675,50.4033],[3.673,50.3998],[3.6736,50.3972],[3.6728,50.3914],[3.6732,50.388],[3.67,50.3869],[3.6668,50.3809],[3.6654,50.3798],[3.6632,50.3765],[3.6582,50.3735],[3.6572,50.3709],[3.6589,50.3669],[3.6645,50.3655],[3.6672,50.3609],[3.6673,50.3512],[3.6654,50.347],[3.6693,50.3467],[3.6692,50.3448],[3.6736,50.3434],[3.6774,50.3403],[3.6733,50.3351],[3.6747,50.3329],[3.6778,50.3329],[3.6795,50.3292],[3.6848,50.3272],[3.685,50.325],[3.6886,50.3228],[3.6905,50.3204],[3.689,50.3186],[3.6958,50.3163],[3.6948,50.3133],[3.702,50.311],[3.7076,50.3065],[3.7077,50.3052],[3.7104,50.3032],[3.7201,50.305],[3.7165,50.3064],[3.7173,50.3089],[3.7153,50.3127],[3.7102,50.314],[3.7096,50.3164],[3.7121,50.3196],[3.718,50.3176],[3.721,50.3114],[3.7286,50.3095],[3.7319,50.3115],[3.7274,50.3153],[3.7313,50.3184],[3.7324,50.3216],[3.7299,50.3234],[3.7292,50.3257],[3.7299,50.3304],[3.7339,50.33],[3.7339,50.3322],[3.7343,50.3373],[3.7331,50.3382],[3.7368,50.3408],[3.7371,50.3446],[3.7391,50.3452],[3.7393,50.3477],[3.7472,50.351],[3.7606,50.3489],[3.7632,50.348],[3.767,50.3531],[3.7703,50.3511],[3.7759,50.3532],[3.7854,50.3535],[3.7895,50.3522],[3.7936,50.3523],[3.7989,50.3509],[3.8053,50.3553],[3.8072,50.3553],[3.814,50.3532],[3.8154,50.3496],[3.8116,50.345],[3.8151,50.3449],[3.8219,50.3457],[3.8245,50.3485],[3.8243,50.3534],[3.8263,50.3537],[3.8329,50.3524],[3.8381,50.3543],[3.8488,50.3526],[3.8535,50.351],[3.8569,50.3478],[3.8586,50.344],[3.8622,50.3437],[3.8622,50.342],[3.8717,50.3383],[3.8757,50.3376],[3.8804,50.338],[3.8872,50.341],[3.8896,50.3366],[3.8899,50.3331],[3.8878,50.3286],[3.8855,50.3275],[3.8965,50.329],[3.8996,50.3272],[3.9031,50.3273],[3.9082,50.3294],[3.9099,50.3288],[3.9192,50.3321],[3.9684,50.3501],[3.9688,50.347],[3.9656,50.3415],[3.9674,50.3406],[3.9712,50.3437],[3.9732,50.3479],[3.9751,50.346],[3.9865,50.3424],[3.9887,50.3436],[3.9886,50.3462],[3.9936,50.3487],[3.9991,50.3478],[4.0028,50.3498],[4.0084,50.3506],[4.0114,50.35],[4.0149,50.3518],[4.0183,50.3573],[4.0226,50.3568],[4.0242,50.3592],[4.0306,50.355],[4.0319,50.3514],[4.035,50.3483],[4.0334,50.3471],[4.0365,50.3449],[4.0375,50.3431],[4.0409,50.3407],[4.0441,50.3395],[4.054,50.3393],[4.0532,50.3353],[4.0551,50.3325],[4.0629,50.3313],[4.0654,50.3303],[4.0671,50.3273],[4.0713,50.3239],[4.0783,50.3207],[4.0784,50.3152],[4.0796,50.3112],[4.0789,50.3102],[4.0793,50.3097],[4.0834,50.3097],[4.0876,50.3119],[4.0972,50.3135],[4.1039,50.3092],[4.1071,50.306],[4.1097,50.3018],[4.1143,50.3022],[4.1171,50.3041],[4.119,50.3021],[4.1183,50.3005],[4.1227,50.298],[4.1257,50.2884],[4.1253,50.2805],[4.1219,50.2776],[4.1241,50.2728],[4.128,50.2743],[4.1363,50.2746],[4.1342,50.2657],[4.1371,50.2651],[4.1388,50.2633],[4.1379,50.2599],[4.1351,50.2596],[4.1371,50.2568],[4.1457,50.2585],[4.1503,50.2566],[4.1547,50.2564],[4.1636,50.2574],[4.165,50.2594],[4.1677,50.2595],[4.1687,50.2665],[4.1636,50.2692],[4.1625,50.2716],[4.158,50.2721],[4.1503,50.2741],[4.1493,50.2769],[4.1553,50.2802],[4.1544,50.2812],[4.1562,50.2852],[4.1611,50.2849],[4.1626,50.289],[4.1699,50.2881],[4.169,50.2847],[4.1764,50.2844],[4.1761,50.2811],[4.1746,50.2785],[4.1789,50.2752],[4.1906,50.2746],[4.1948,50.2733],[4.199,50.2745],[4.2028,50.2746],[4.2116,50.27],[4.2153,50.2634],[4.2158,50.2616],[4.2212,50.2586],[4.2218,50.2566],[4.22,50.2516],[4.2123,50.2461],[4.2075,50.2445],[4.2029,50.2403],[4.1994,50.2405],[4.1983,50.2395],[4.1936,50.2404],[4.1891,50.2367],[4.1815,50.2323],[4.1797,50.2277],[4.1749,50.22],[4.1722,50.2193],[4.1728,50.2171],[4.1651,50.216],[4.1655,50.2146],[4.1558,50.214],[4.1537,50.2126],[4.1504,50.2136],[4.152,50.2119],[4.1527,50.2082],[4.1554,50.2043],[4.1603,50.2015],[4.1603,50.1936],[4.1566,50.1928],[4.1562,50.1834],[4.151,50.1795],[4.1481,50.1734],[4.1558,50.1721],[4.1549,50.1672],[4.1553,50.163],[4.1537,50.1609],[4.1495,50.1582],[4.1474,50.1582],[4.1377,50.1519],[4.1368,50.1479],[4.1352,50.1456],[4.1356,50.1426],[4.1308,50.1406],[4.1271,50.1356],[4.1321,50.1321],[4.1451,50.1289],[4.1525,50.1288],[4.1548,50.1279],[4.1572,50.1353],[4.1661,50.1346],[4.1759,50.1331],[4.1817,50.1332],[4.1968,50.1352],[4.2008,50.1329],[4.1976,50.1288],[4.1983,50.1267],[4.2018,50.1244],[4.2028,50.1202],[4.2023,50.1138],[4.1975,50.1092],[4.1968,50.1064],[4.2065,50.1061],[4.2074,50.1052],[4.2017,50.1021],[4.2016,50.0999],[4.205,50.0982],[4.2071,50.0959],[4.2101,50.0967],[4.2144,50.0942],[4.2169,50.0909],[4.2173,50.0881],[4.2208,50.0862],[4.2252,50.0856],[4.2255,50.0815],[4.2271,50.0797],[4.2309,50.0735],[4.2306,50.0692],[4.2284,50.0664],[4.2242,50.0637],[4.2186,50.061],[4.2076,50.058],[4.1988,50.0566],[4.1947,50.0516],[4.1943,50.0494],[4.186,50.0493],[4.1844,50.0478],[4.1739,50.0455],[4.1718,50.0469],[4.1645,50.048],[4.1606,50.0479],[4.1589,50.045],[4.1569,50.0439],[4.1522,50.039],[4.1523,50.0368],[4.1487,50.0323],[4.1442,50.0307],[4.1444,50.0289],[4.1361,50.0209],[4.1359,50.0149],[4.1406,50.0096],[4.1449,50.0085],[4.1443,50.0068],[4.1476,50.0058],[4.1454,50.0039],[4.1549,49.9998],[4.159,50.002],[4.1619,50.0006],[4.1631,49.995],[4.1594,49.9928],[4.1579,49.989],[4.1543,49.9847],[4.1516,49.9849],[4.1475,49.9836],[4.1446,49.9798],[4.1414,49.9791],[4.1447,49.9761],[4.1499,49.9766],[4.1524,49.9746],[4.1556,49.9757],[4.1639,49.9761],[4.1695,49.9775],[4.174,49.9763],[4.1782,49.972],[4.1847,49.9714],[4.1909,49.9696],[4.1932,49.9681],[4.1967,49.9677],[4.1984,49.9658],[4.1959,49.9634],[4.1962,49.9595],[4.195,49.9561],[4.1974,49.9546],[4.2018,49.9571],[4.2111,49.9579],[4.2166,49.9572],[4.2248,49.9593],[4.2284,49.9577],[4.2332,49.9578],[4.2321,49.956],[4.232,49.9525],[4.2294,49.9457],[4.2246,49.943],[4.2207,49.9372],[4.2199,49.9329],[4.2203,49.9301],[4.2197,49.9238],[4.217,49.9144],[4.2223,49.9104],[4.2334,49.9094],[4.2331,49.9046],[4.243,49.9032],[4.2456,49.9022],[4.2558,49.904],[4.2518,49.8916],[4.2512,49.8878],[4.254,49.8871],[4.2536,49.8811],[4.2527,49.8768],[4.2528,49.8696],[4.2499,49.8631],[4.2488,49.8567],[4.2444,49.8526],[4.2403,49.8506],[4.233,49.8484],[4.2315,49.8458],[4.2316,49.842],[4.2293,49.839],[4.2298,49.836],[4.2267,49.8362],[4.2236,49.8341],[4.2208,49.8254],[4.2205,49.8208],[4.2187,49.817],[4.2196,49.8143],[4.2143,49.8061],[4.2217,49.8045],[4.219,49.8003],[4.2268,49.7936],[4.2241,49.7888],[4.2178,49.785],[4.21,49.7821],[4.2076,49.7811],[4.2059,49.7782],[4.2074,49.7763],[4.2118,49.7749],[4.2139,49.7711],[4.2201,49.7731],[4.2286,49.7731],[4.2316,49.7702],[4.2381,49.7674],[4.2428,49.7671],[4.2422,49.7621],[4.2447,49.7592],[4.2496,49.7571],[4.2469,49.7548],[4.2383,49.7519],[4.2324,49.7488],[4.2312,49.7475],[4.229,49.7464],[4.2269,49.7424],[4.2259,49.7324],[4.2273,49.731],[4.2249,49.7276],[4.2158,49.7247],[4.2138,49.7237],[4.2075,49.7239],[4.2047,49.7225],[4.2034,49.721],[4.1997,49.7199],[4.1976,49.7176],[4.1938,49.7161],[4.1912,49.7163],[4.1925,49.7121],[4.19,49.7086],[4.1848,49.7039],[4.1845,49.7013],[4.1852,49.6989],[4.1787,49.6981],[4.1783,49.697],[4.1728,49.6967],[4.1702,49.6954],[4.1647,49.6943],[4.1511,49.6909],[4.144,49.6886],[4.1431,49.6875],[4.1488,49.6779],[4.1432,49.6766],[4.1397,49.6785],[4.1368,49.6781],[4.1369,49.6759],[4.1297,49.678],[4.127,49.6779],[4.1262,49.6732],[4.1221,49.6582],[4.123,49.6544],[4.1255,49.6511],[4.1229,49.6483],[4.1198,49.6427],[4.1177,49.6413],[4.1164,49.639],[4.1191,49.6385],[4.1149,49.6348],[4.1157,49.6329],[4.1095,49.6321],[4.1081,49.6337],[4.1022,49.6326],[4.0992,49.6284],[4.0872,49.6308],[4.0863,49.6293],[4.0821,49.6315],[4.0806,49.6342],[4.0757,49.6353],[4.071,49.6353],[4.069,49.6375],[4.0654,49.6374],[4.062,49.636],[4.0582,49.6358],[4.0557,49.6343],[4.0509,49.6345],[4.0482,49.6378],[4.0411,49.6383],[4.0403,49.6337],[4.0437,49.6331],[4.0423,49.6297],[4.0381,49.6282],[4.0398,49.6259],[4.0379,49.623],[4.0275,49.6227],[4.0245,49.6212],[4.0271,49.6179],[4.0316,49.6141],[4.0382,49.609],[4.0472,49.5996],[4.0523,49.6001],[4.054,49.5952],[4.0592,49.5946],[4.0602,49.5963],[4.0661,49.5943],[4.0646,49.592],[4.0591,49.593],[4.0578,49.5884],[4.0618,49.5888],[4.0623,49.5851],[4.0595,49.5789],[4.0596,49.5759],[4.0622,49.5731],[4.0659,49.5708],[4.0674,49.5726],[4.0708,49.5723],[4.0768,49.5707],[4.0748,49.5658],[4.072,49.5658],[4.0673,49.5628],[4.0627,49.561],[4.0605,49.5586],[4.0599,49.5539],[4.0585,49.5525],[4.0542,49.5528],[4.0527,49.5507],[4.0502,49.551],[4.0487,49.5454],[4.0573,49.545],[4.0649,49.5434],[4.0669,49.5436],[4.0752,49.5416],[4.0769,49.5357],[4.0762,49.5347],[4.0775,49.5283],[4.077,49.5246],[4.0731,49.5233],[4.0749,49.522],[4.0758,49.5183],[4.0716,49.5172],[4.0654,49.5236],[4.0563,49.5211],[4.0568,49.5186],[4.0605,49.5153],[4.0619,49.5127],[4.0569,49.5105],[4.0572,49.5082],[4.0486,49.5087],[4.0407,49.5086],[4.0401,49.5054],[4.0408,49.4956],[4.0416,49.4843],[4.0416,49.4808],[4.0416,49.4708],[4.0441,49.4665],[4.0473,49.4665],[4.0487,49.4632],[4.0508,49.463],[4.0521,49.4605],[4.0546,49.459],[4.0537,49.4574],[4.0556,49.4557],[4.0579,49.4511],[4.0607,49.4515],[4.0628,49.4482],[4.0656,49.4482],[4.0645,49.4456],[4.0613,49.447],[4.0569,49.4463],[4.0536,49.4442],[4.0519,49.4468],[4.0492,49.4477],[4.0475,49.4457],[4.0442,49.4439],[4.0429,49.4414],[4.0402,49.4405],[4.0372,49.4382],[4.0399,49.4328],[4.0405,49.4299],[4.0438,49.4287],[4.0433,49.4251],[4.0424,49.4167],[4.0472,49.4176],[4.0496,49.4156],[4.0503,49.4123],[4.0482,49.4056],[4.0449,49.4044],[4.0447,49.4007],[4.0426,49.4009],[4.0419,49.3976],[4.04,49.3974],[4.0389,49.3879],[4.0371,49.3842],[4.038,49.3796],[4.0358,49.3599],[4.0315,49.3592],[4.0232,49.3604],[4.0178,49.3604],[4.0177,49.3584],[4.0127,49.3583],[4.012,49.3616],[4.0071,49.3698],[4.0033,49.3685],[4.0006,49.3689],[3.999,49.3724],[3.9965,49.3718],[3.9951,49.3783],[3.9867,49.379]]]}},{"type":"Feature","properties":{"code":"44","nom":"Grand Est","analysis_region_code":"44"},"geometry":{"type":"Polygon","coordinates":[[[4.7517,50.1119],[4.7533,50.1165],[4.748,50.1223],[4.7562,50.1216],[4.7628,50.1345],[4.7622,50.1364],[4.7726,50.1401],[4.7796,50.1415],[4.7971,50.1486],[4.8065,50.1527],[4.8242,50.1693],[4.8238,50.1623],[4.8273,50.1584],[4.83,50.1572],[4.8334,50.1536],[4.8425,50.1531],[4.8452,50.1539],[4.8512,50.1522],[4.8581,50.1528],[4.8637,50.1524],[4.8646,50.1532],[4.8758,50.154],[4.8792,50.1521],[4.8785,50.1499],[4.8805,50.1456],[4.8825,50.1437],[4.8814,50.1412],[4.8952,50.1399],[4.897,50.1379],[4.8949,50.1348],[4.8908,50.1341],[4.8868,50.1308],[4.8851,50.1304],[4.8784,50.1318],[4.8785,50.1272],[4.873,50.1259],[4.8682,50.1206],[4.8672,50.1181],[4.8732,50.1096],[4.8734,50.1071],[4.8709,50.1039],[4.8687,50.0978],[4.8689,50.0962],[4.873,50.0959],[4.8759,50.0944],[4.8731,50.0908],[4.8723,50.0878],[4.8687,50.0883],[4.8649,50.091],[4.8606,50.0929],[4.8618,50.0971],[4.8585,50.1001],[4.8528,50.1012],[4.8493,50.1006],[4.8499,50.0988],[4.8431,50.0956],[4.8401,50.0951],[4.8374,50.0932],[4.8421,50.0918],[4.844,50.0875],[4.8468,50.0844],[4.8462,50.0834],[4.8407,50.083],[4.8423,50.0809],[4.8429,50.0777],[4.8417,50.0743],[4.8381,50.0672],[4.8305,50.0676],[4.8243,50.0671],[4.8197,50.0661],[4.8219,50.0646],[4.8197,50.0606],[4.8217,50.0597],[4.8275,50.0591],[4.8296,50.0569],[4.8267,50.0511],[4.8293,50.0481],[4.832,50.0468],[4.8375,50.0473],[4.8405,50.0466],[4.8419,50.0435],[4.8411,50.0375],[4.835,50.0345],[4.8302,50.034],[4.8281,50.03],[4.8238,50.0284],[4.8201,50.0261],[4.8224,50.0217],[4.8184,50.0198],[4.8174,50.0154],[4.8211,50.0105],[4.8182,50.0066],[4.8163,50.0028],[4.8165,49.998],[4.819,49.9955],[4.8182,49.9937],[4.815,49.9917],[4.8128,49.9886],[4.8103,49.988],[4.8074,49.9842],[4.8039,49.9825],[4.7959,49.983],[4.7933,49.9818],[4.7954,49.9772],[4.7908,49.9703],[4.7903,49.9676],[4.7913,49.964],[4.7911,49.958],[4.7959,49.9582],[4.8067,49.9545],[4.8139,49.9542],[4.8211,49.9517],[4.8264,49.9514],[4.8298,49.9492],[4.8399,49.9508],[4.8471,49.9491],[4.8499,49.9464],[4.853,49.9412],[4.854,49.9381],[4.8591,49.9315],[4.8608,49.9312],[4.8711,49.9273],[4.8817,49.9221],[4.8808,49.9163],[4.8895,49.9096],[4.8876,49.9061],[4.8854,49.9054],[4.8804,49.9058],[4.8775,49.9044],[4.8763,49.9013],[4.8853,49.902],[4.8874,49.8997],[4.8865,49.8975],[4.8777,49.8946],[4.877,49.8918],[4.8727,49.8882],[4.8692,49.8835],[4.8717,49.8799],[4.8664,49.8785],[4.8636,49.8746],[4.8613,49.8704],[4.8631,49.8676],[4.8595,49.8653],[4.8567,49.8647],[4.8508,49.8655],[4.8521,49.8585],[4.8518,49.8527],[4.8555,49.8482],[4.8576,49.8467],[4.8565,49.8447],[4.8575,49.8419],[4.8672,49.8421],[4.8692,49.8341],[4.8663,49.8331],[4.8688,49.8311],[4.8696,49.8277],[4.8692,49.8228],[4.8762,49.8197],[4.8761,49.8172],[4.8693,49.8154],[4.8653,49.8133],[4.8655,49.8101],[4.8634,49.8046],[4.8631,49.8019],[4.8592,49.7998],[4.8592,49.7969],[4.8562,49.7949],[4.8516,49.7934],[4.8562,49.7921],[4.862,49.7891],[4.8711,49.7895],[4.8701,49.7933],[4.8758,49.7935],[4.8805,49.7928],[4.8878,49.7882],[4.8894,49.7888],[4.8957,49.7883],[4.8981,49.7891],[4.901,49.7861],[4.9087,49.7857],[4.9201,49.7887],[4.9309,49.787],[4.9319,49.7899],[4.9389,49.7931],[4.9421,49.7927],[4.9429,49.7905],[4.9459,49.794],[4.9474,49.799],[4.954,49.8009],[4.9567,49.8007],[4.9623,49.7978],[4.9675,49.7985],[4.9687,49.8016],[4.9728,49.8017],[4.9811,49.8007],[4.9846,49.7996],[4.9941,49.8009],[4.9983,49.7996],[4.9984,49.7965],[4.9972,49.7948],[5.0012,49.7937],[5.0017,49.7923],[5.0042,49.7891],[5.0071,49.7874],[5.0065,49.7848],[5.0085,49.782],[5.0144,49.7799],[5.023,49.7775],[5.0296,49.7751],[5.0371,49.7719],[5.0438,49.7702],[5.0468,49.7702],[5.0594,49.7672],[5.0616,49.7674],[5.0631,49.7623],[5.0696,49.7618],[5.0718,49.761],[5.075,49.762],[5.0855,49.7634],[5.0877,49.7661],[5.0943,49.7635],[5.0968,49.7602],[5.1042,49.753],[5.111,49.7472],[5.1129,49.7442],[5.1188,49.7387],[5.1191,49.7355],[5.1217,49.7321],[5.123,49.729],[5.125,49.727],[5.123,49.7192],[5.1231,49.7172],[5.126,49.7162],[5.126,49.7124],[5.1296,49.7136],[5.1346,49.7129],[5.1405,49.7135],[5.1437,49.7091],[5.1473,49.7118],[5.1508,49.7153],[5.1511,49.7173],[5.154,49.7189],[5.159,49.7169],[5.1631,49.7132],[5.166,49.7118],[5.1664,49.7083],[5.1637,49.7003],[5.1652,49.696],[5.1644,49.6934],[5.1665,49.693],[5.174,49.6935],[5.1801,49.6944],[5.1884,49.694],[5.1913,49.695],[5.1998,49.6924],[5.2057,49.6963],[5.2083,49.6954],[5.2116,49.6921],[5.218,49.6877],[5.2286,49.6913],[5.233,49.6914],[5.2357,49.6901],[5.243,49.6893],[5.2426,49.6855],[5.247,49.6867],[5.2562,49.6942],[5.2643,49.6951],[5.2685,49.6966],[5.2814,49.689],[5.2813,49.6859],[5.2822,49.6859],[5.2879,49.6818],[5.2928,49.679],[5.2937,49.6772],[5.2983,49.6762],[5.3092,49.672],[5.3118,49.669],[5.3169,49.6653],[5.3197,49.664],[5.3254,49.6595],[5.3283,49.6586],[5.3327,49.6527],[5.327,49.6498],[5.3182,49.6464],[5.3173,49.6438],[5.3125,49.6388],[5.3095,49.6372],[5.3088,49.6354],[5.305,49.6301],[5.3056,49.6258],[5.3047,49.6247],[5.3077,49.6206],[5.3108,49.6185],[5.3121,49.6117],[5.315,49.6114],[5.3192,49.6146],[5.3223,49.614],[5.3259,49.6161],[5.3304,49.6168],[5.3369,49.6155],[5.3405,49.6167],[5.3398,49.6184],[5.3432,49.6219],[5.3431,49.6259],[5.3444,49.6286],[5.3474,49.6313],[5.3536,49.6307],[5.3571,49.6268],[5.3618,49.6263],[5.3638,49.6232],[5.3691,49.623],[5.3755,49.6234],[5.3818,49.6198],[5.3934,49.6177],[5.3942,49.6168],[5.3981,49.6158],[5.4008,49.6109],[5.4023,49.6099],[5.4084,49.6093],[5.4112,49.6083],[5.4182,49.5998],[5.4234,49.599],[5.4287,49.5958],[5.4311,49.5925],[5.4289,49.5902],[5.4294,49.5879],[5.433,49.5819],[5.4361,49.5748],[5.4376,49.5699],[5.4436,49.5676],[5.4482,49.5671],[5.457,49.567],[5.4498,49.5581],[5.4477,49.5545],[5.445,49.5529],[5.4414,49.5523],[5.4428,49.5503],[5.4491,49.5482],[5.4591,49.5416],[5.4653,49.5389],[5.4662,49.5363],[5.4653,49.5324],[5.467,49.5259],[5.4616,49.5257],[5.4553,49.5204],[5.4513,49.5186],[5.4475,49.5179],[5.4497,49.5159],[5.4543,49.5144],[5.4617,49.5101],[5.4659,49.5088],[5.4643,49.5038],[5.4663,49.5006],[5.4651,49.4988],[5.4705,49.4973],[5.4742,49.4973],[5.4793,49.5003],[5.48,49.5037],[5.485,49.5072],[5.4902,49.5077],[5.4997,49.5066],[5.5173,49.5092],[5.5313,49.5127],[5.5336,49.5133],[5.5358,49.5147],[5.5412,49.5153],[5.5444,49.5188],[5.5456,49.5237],[5.5494,49.5266],[5.5563,49.5292],[5.5648,49.5257],[5.5662,49.5276],[5.5713,49.528],[5.5766,49.5254],[5.5845,49.5236],[5.5886,49.5216],[5.5913,49.5229],[5.5989,49.5186],[5.6021,49.5154],[5.6009,49.5135],[5.604,49.5121],[5.6036,49.5091],[5.6073,49.5072],[5.6111,49.506],[5.613,49.5095],[5.6175,49.5143],[5.6215,49.5196],[5.6194,49.5247],[5.6156,49.5272],[5.6199,49.5327],[5.6266,49.5375],[5.6329,49.5395],[5.6308,49.542],[5.6345,49.5428],[5.6337,49.5444],[5.6435,49.5469],[5.6429,49.5498],[5.6484,49.5499],[5.6509,49.5512],[5.657,49.5511],[5.6609,49.5535],[5.6643,49.553],[5.6693,49.5483],[5.6732,49.549],[5.6794,49.5488],[5.6821,49.548],[5.6811,49.5454],[5.6909,49.5462],[5.7015,49.5396],[5.7073,49.5389],[5.7138,49.5407],[5.7205,49.5397],[5.7263,49.5437],[5.732,49.5449],[5.7353,49.5433],[5.7386,49.5387],[5.7477,49.5395],[5.7522,49.5416],[5.7568,49.5426],[5.7558,49.5462],[5.7579,49.5503],[5.7564,49.5531],[5.7562,49.5571],[5.7598,49.5583],[5.7583,49.5614],[5.7622,49.5611],[5.7713,49.5633],[5.7745,49.5632],[5.779,49.5587],[5.7847,49.5577],[5.7893,49.554],[5.7943,49.5511],[5.8011,49.5495],[5.8079,49.5508],[5.8122,49.5475],[5.8157,49.5484],[5.8179,49.5457],[5.8106,49.5435],[5.8085,49.5409],[5.8133,49.5416],[5.8172,49.5372],[5.8227,49.538],[5.8244,49.5392],[5.835,49.5423],[5.8371,49.5426],[5.8392,49.5373],[5.8458,49.5299],[5.843,49.5295],[5.8341,49.5264],[5.836,49.5201],[5.8441,49.5158],[5.8478,49.5149],[5.8492,49.5127],[5.8498,49.5089],[5.8529,49.5072],[5.8588,49.5059],[5.8622,49.5021],[5.8663,49.4999],[5.8737,49.4985],[5.8818,49.4992],[5.8851,49.4988],[5.89,49.4967],[5.8934,49.4968],[5.8963,49.4966],[5.9033,49.4981],[5.9073,49.5001],[5.9074,49.5017],[5.9119,49.502],[5.9275,49.4984],[5.9306,49.5006],[5.9401,49.501],[5.9432,49.5002],[5.9434,49.4974],[5.9492,49.4965],[5.9521,49.4941],[5.9557,49.4932],[5.957,49.4936],[5.9652,49.4928],[5.9661,49.4913],[5.9721,49.4914],[5.9738,49.4891],[5.9709,49.4884],[5.9681,49.4864],[5.9714,49.4831],[5.9748,49.482],[5.9747,49.4774],[5.9724,49.4756],[5.9719,49.4696],[5.9736,49.4686],[5.974,49.4655],[5.9793,49.4609],[5.9814,49.4612],[5.9826,49.4635],[5.9873,49.4626],[5.9881,49.4613],[5.9857,49.4557],[5.9824,49.457],[5.9793,49.4552],[5.9791,49.4527],[5.9819,49.4511],[5.9979,49.4565],[6.0012,49.4565],[6.0078,49.4516],[6.0115,49.4535],[6.0233,49.4551],[6.0271,49.4536],[6.0259,49.4507],[6.0273,49.4483],[6.0326,49.4495],[6.0418,49.4479],[6.0469,49.4556],[6.0531,49.4639],[6.0581,49.4664],[6.0611,49.4654],[6.0663,49.4648],[6.0726,49.4654],[6.0737,49.4636],[6.0792,49.4639],[6.0807,49.4585],[6.0878,49.4548],[6.0954,49.4534],[6.1008,49.4529],[6.1016,49.4543],[6.101,49.4579],[6.0988,49.4606],[6.0982,49.4643],[6.102,49.4704],[6.1095,49.4725],[6.1138,49.4706],[6.1178,49.4714],[6.1234,49.4735],[6.1226,49.4752],[6.1275,49.4823],[6.1268,49.49],[6.128,49.4939],[6.1317,49.4906],[6.1337,49.49],[6.1417,49.4917],[6.1408,49.4867],[6.1447,49.4879],[6.1559,49.4934],[6.1573,49.4915],[6.1625,49.4935],[6.1575,49.4967],[6.1539,49.5016],[6.1571,49.5042],[6.1634,49.5045],[6.1722,49.5083],[6.175,49.5103],[6.1783,49.507],[6.1803,49.5073],[6.1808,49.508],[6.1958,49.5054],[6.2029,49.507],[6.2074,49.5063],[6.2145,49.5063],[6.2172,49.5069],[6.22,49.5088],[6.2276,49.5104],[6.2362,49.5082],[6.239,49.5135],[6.2451,49.5115],[6.2484,49.5085],[6.257,49.5098],[6.258,49.5075],[6.2619,49.5071],[6.2633,49.504],[6.2712,49.5046],[6.2799,49.5033],[6.2805,49.5004],[6.2789,49.4962],[6.2809,49.4941],[6.2841,49.493],[6.2884,49.4945],[6.2883,49.4914],[6.2844,49.4914],[6.2875,49.4862],[6.2902,49.4846],[6.2923,49.4875],[6.296,49.4873],[6.2992,49.4883],[6.2951,49.4814],[6.2962,49.4802],[6.3043,49.4783],[6.313,49.4804],[6.3144,49.478],[6.3206,49.4774],[6.3247,49.4748],[6.3299,49.4701],[6.3328,49.4696],[6.334,49.4669],[6.338,49.4684],[6.3426,49.4691],[6.3473,49.4659],[6.3529,49.4673],[6.3605,49.4614],[6.3644,49.4595],[6.3689,49.4599],[6.3676,49.4651],[6.3677,49.4694],[6.3716,49.4686],[6.3714,49.4668],[6.3743,49.4663],[6.375,49.4644],[6.3855,49.4656],[6.3891,49.4645],[6.3959,49.4645],[6.4025,49.4665],[6.4034,49.466],[6.4076,49.4674],[6.4146,49.4712],[6.4204,49.4764],[6.4259,49.4754],[6.4281,49.477],[6.4346,49.4726],[6.4335,49.4718],[6.4405,49.4667],[6.4433,49.4683],[6.4466,49.4668],[6.4511,49.466],[6.4521,49.4642],[6.456,49.4629],[6.4627,49.4651],[6.469,49.4644],[6.4716,49.4615],[6.4776,49.4578],[6.4848,49.4524],[6.4869,49.4515],[6.4997,49.4502],[6.5094,49.4451],[6.5143,49.4407],[6.525,49.4355],[6.5344,49.4356],[6.5353,49.4342],[6.5379,49.4328],[6.5417,49.4325],[6.5423,49.4309],[6.5477,49.4276],[6.5524,49.424],[6.5525,49.4212],[6.5543,49.42],[6.5524,49.4169],[6.5484,49.4178],[6.5452,49.4161],[6.54,49.4123],[6.5372,49.4088],[6.5382,49.4052],[6.5407,49.4011],[6.5444,49.4019],[6.5479,49.3998],[6.5522,49.3999],[6.551,49.3969],[6.552,49.3947],[6.557,49.3927],[6.5601,49.3925],[6.5634,49.3882],[6.5768,49.3897],[6.5792,49.3877],[6.58,49.3854],[6.5853,49.3858],[6.5876,49.383],[6.5842,49.3766],[6.5847,49.3717],[6.583,49.3684],[6.5946,49.3715],[6.5982,49.37],[6.5998,49.3666],[6.6023,49.3671],[6.5965,49.3593],[6.5918,49.3581],[6.5925,49.3554],[6.5901,49.3548],[6.5879,49.3496],[6.5854,49.3516],[6.5852,49.3532],[6.5817,49.3564],[6.5769,49.357],[6.5742,49.3587],[6.5695,49.3578],[6.5636,49.3559],[6.5651,49.3533],[6.5651,49.3494],[6.5681,49.3453],[6.5714,49.3432],[6.5759,49.3416],[6.5765,49.3395],[6.5786,49.3383],[6.5773,49.3363],[6.5785,49.3348],[6.5825,49.3347],[6.5859,49.3371],[6.5932,49.3326],[6.5957,49.33],[6.5915,49.3259],[6.589,49.3221],[6.5951,49.3172],[6.5996,49.3155],[6.6049,49.312],[6.6094,49.3067],[6.6123,49.3057],[6.6147,49.303],[6.6248,49.3028],[6.6268,49.2997],[6.6319,49.2958],[6.6388,49.2957],[6.6442,49.2898],[6.6482,49.2881],[6.6505,49.2886],[6.6535,49.2812],[6.6567,49.2817],[6.6602,49.2836],[6.6614,49.2822],[6.6703,49.2802],[6.668,49.2775],[6.666,49.2769],[6.6678,49.2713],[6.6666,49.2679],[6.6604,49.2611],[6.6623,49.2573],[6.6645,49.2546],[6.6698,49.2552],[6.6757,49.2576],[6.6769,49.2556],[6.6838,49.2534],[6.6881,49.2492],[6.6907,49.2477],[6.6857,49.2437],[6.6858,49.2397],[6.6887,49.2383],[6.6898,49.2351],[6.6896,49.2319],[6.6909,49.23],[6.6883,49.2245],[6.6897,49.2205],[6.6957,49.2154],[6.7018,49.2169],[6.7052,49.2163],[6.7131,49.2186],[6.7197,49.2213],[6.7233,49.2189],[6.7272,49.212],[6.7316,49.2059],[6.7113,49.1884],[6.7197,49.1765],[6.7205,49.1754],[6.7266,49.1726],[6.7295,49.1693],[6.7387,49.1636],[6.7432,49.1644],[6.7483,49.1661],[6.7536,49.1663],[6.7584,49.1649],[6.7639,49.165],[6.7732,49.1672],[6.7801,49.1684],[6.7853,49.1676],[6.7901,49.166],[6.7925,49.1638],[6.8027,49.162],[6.8096,49.158],[6.817,49.1576],[6.8246,49.1541],[6.8342,49.1513],[6.8439,49.1557],[6.8474,49.1572],[6.845,49.1623],[6.8445,49.1638],[6.8453,49.1683],[6.8443,49.173],[6.8538,49.1746],[6.8584,49.1748],[6.861,49.1788],[6.8617,49.1817],[6.8594,49.1837],[6.8581,49.1871],[6.855,49.1891],[6.8527,49.1922],[6.8505,49.1931],[6.8511,49.197],[6.8524,49.1985],[6.8508,49.202],[6.8489,49.2028],[6.8433,49.2072],[6.8427,49.2085],[6.8362,49.2113],[6.8376,49.2132],[6.8469,49.2169],[6.8586,49.2226],[6.8628,49.2223],[6.8675,49.2195],[6.8705,49.2185],[6.8726,49.2148],[6.8849,49.2112],[6.8929,49.2088],[6.8946,49.2101],[6.9004,49.2135],[6.9114,49.215],[6.9189,49.22],[6.9188,49.2226],[6.9252,49.2234],[6.9287,49.222],[6.9382,49.2224],[6.9399,49.2167],[6.9438,49.2143],[6.9511,49.2077],[6.9537,49.2061],[6.9596,49.2031],[6.9726,49.2095],[6.9752,49.2094],[6.9925,49.2008],[6.9972,49.1973],[6.999,49.1944],[7.0089,49.194],[7.0109,49.1879],[7.0135,49.1886],[7.0156,49.1911],[7.0216,49.1932],[7.0219,49.1903],[7.0234,49.1892],[7.0285,49.1909],[7.035,49.1914],[7.0333,49.1874],[7.0339,49.1824],[7.0329,49.1802],[7.0283,49.1753],[7.0277,49.1701],[7.0294,49.1669],[7.033,49.1641],[7.0321,49.1566],[7.0365,49.1521],[7.0387,49.149],[7.0421,49.1458],[7.0461,49.1384],[7.0469,49.1349],[7.0458,49.1323],[7.0456,49.1287],[7.0442,49.1204],[7.0484,49.115],[7.0522,49.1129],[7.0558,49.1121],[7.0592,49.1124],[7.0669,49.1146],[7.0686,49.1168],[7.0688,49.1205],[7.0715,49.1238],[7.0742,49.1255],[7.0844,49.1283],[7.0892,49.1301],[7.0901,49.1323],[7.0894,49.1338],[7.0818,49.1419],[7.0842,49.1437],[7.0808,49.1473],[7.0804,49.1491],[7.083,49.153],[7.0871,49.152],[7.0912,49.152],[7.0954,49.1529],[7.0986,49.1555],[7.1015,49.156],[7.1061,49.1554],[7.1079,49.1525],[7.1123,49.1528],[7.1134,49.1517],[7.11,49.1491],[7.104,49.1457],[7.1029,49.1419],[7.1042,49.1385],[7.1078,49.1396],[7.1162,49.14],[7.1214,49.1419],[7.1264,49.1421],[7.1318,49.1335],[7.1314,49.1318],[7.1339,49.1308],[7.1354,49.1286],[7.1393,49.1283],[7.1426,49.1261],[7.1506,49.1251],[7.157,49.121],[7.1593,49.1204],[7.1595,49.1222],[7.1633,49.1268],[7.1664,49.1288],[7.1681,49.1273],[7.1778,49.1301],[7.1839,49.1299],[7.1858,49.1313],[7.1876,49.1278],[7.1903,49.128],[7.1908,49.1258],[7.1966,49.1217],[7.1983,49.1152],[7.2002,49.1157],[7.2039,49.1203],[7.2041,49.1226],[7.2088,49.1244],[7.2161,49.1253],[7.2204,49.1252],[7.2303,49.1264],[7.2361,49.1287],[7.2453,49.13],[7.2491,49.1273],[7.2658,49.1227],[7.2674,49.1237],[7.2737,49.1242],[7.2781,49.1225],[7.2841,49.1236],[7.2826,49.1169],[7.2916,49.1157],[7.2933,49.1151],[7.2986,49.1173],[7.2998,49.1194],[7.3043,49.1233],[7.3044,49.1242],[7.306,49.1272],[7.3103,49.1296],[7.313,49.1361],[7.3157,49.1386],[7.3213,49.1414],[7.33,49.145],[7.3415,49.1452],[7.3447,49.1434],[7.3564,49.1438],[7.3626,49.1432],[7.363,49.1452],[7.3625,49.1483],[7.3614,49.153],[7.3626,49.1565],[7.3667,49.1607],[7.3689,49.162],[7.3661,49.1639],[7.3647,49.1668],[7.3653,49.172],[7.3818,49.1752],[7.444,49.1841],[7.4451,49.183],[7.4362,49.18],[7.4363,49.1769],[7.4393,49.176],[7.4419,49.1722],[7.4404,49.1704],[7.4332,49.1683],[7.4325,49.1659],[7.4367,49.1643],[7.4393,49.1644],[7.4461,49.1684],[7.4486,49.1687],[7.4568,49.1645],[7.4598,49.1628],[7.4641,49.1641],[7.4674,49.1674],[7.4721,49.1685],[7.4779,49.1689],[7.4821,49.1697],[7.4941,49.1696],[7.4926,49.1646],[7.4933,49.1608],[7.4961,49.1552],[7.4974,49.1559],[7.5064,49.1548],[7.506,49.1505],[7.5025,49.1496],[7.4972,49.1456],[7.4955,49.1436],[7.4956,49.1414],[7.49,49.1423],[7.4895,49.1365],[7.4964,49.1356],[7.4992,49.133],[7.501,49.1293],[7.5058,49.1226],[7.512,49.1225],[7.5156,49.1212],[7.5191,49.1173],[7.5217,49.1118],[7.5211,49.1099],[7.5235,49.1059],[7.5258,49.1037],[7.5297,49.102],[7.5288,49.0971],[7.5378,49.0964],[7.5358,49.0936],[7.5453,49.0881],[7.5501,49.0858],[7.5589,49.0822],[7.5636,49.0802],[7.5691,49.0797],[7.5809,49.0813],[7.5939,49.0828],[7.6011,49.0832],[7.6058,49.0816],[7.6094,49.079],[7.6204,49.0742],[7.6297,49.0736],[7.6313,49.0696],[7.6307,49.0657],[7.6328,49.0638],[7.6329,49.0585],[7.6315,49.0549],[7.6354,49.0541],[7.6586,49.0492],[7.6747,49.0449],[7.6803,49.0481],[7.6858,49.0493],[7.692,49.0489],[7.6976,49.0498],[7.6973,49.0519],[7.6924,49.0543],[7.696,49.0578],[7.6982,49.0559],[7.7006,49.057],[7.7056,49.0562],[7.7081,49.0525],[7.7181,49.054],[7.7203,49.0514],[7.7276,49.0551],[7.7313,49.0543],[7.7319,49.0514],[7.7316,49.0465],[7.7323,49.0442],[7.737,49.0443],[7.7408,49.0473],[7.7473,49.0464],[7.751,49.048],[7.7572,49.0453],[7.7655,49.0463],[7.7693,49.0476],[7.7702,49.0502],[7.7763,49.0565],[7.7787,49.0576],[7.7801,49.0584],[7.7882,49.0581],[7.7923,49.062],[7.7944,49.0658],[7.8044,49.0624],[7.8111,49.0608],[7.8125,49.0574],[7.8158,49.0549],[7.8261,49.0523],[7.8261,49.0514],[7.8306,49.0471],[7.8361,49.0473],[7.8439,49.0447],[7.8463,49.0427],[7.8496,49.0441],[7.8514,49.0423],[7.8521,49.0379],[7.855,49.0355],[7.86,49.0352],[7.8675,49.0331],[7.8741,49.0403],[7.8809,49.0445],[7.8809,49.0459],[7.8849,49.0467],[7.8889,49.0492],[7.8925,49.0472],[7.902,49.0449],[7.9107,49.0451],[7.9104,49.0442],[7.9144,49.0406],[7.9181,49.0413],[7.9228,49.0437],[7.9251,49.0466],[7.9266,49.0501],[7.931,49.0542],[7.9315,49.0579],[7.94,49.0564],[7.9408,49.0542],[7.9459,49.0548],[7.9457,49.0497],[7.9498,49.0486],[7.9493,49.0471],[7.9576,49.0449],[7.9569,49.0431],[7.9649,49.043],[7.9665,49.0419],[7.9669,49.0362],[7.9716,49.0361],[7.9738,49.0317],[7.9751,49.0266],[7.9777,49.0274],[7.9831,49.026],[7.9883,49.0283],[7.9962,49.029],[8.0007,49.0283],[8.0022,49.0265],[8.0068,49.0259],[8.0086,49.0247],[8.0129,49.0241],[8.0126,49.0216],[8.0164,49.0202],[8.0185,49.0215],[8.0227,49.0182],[8.0315,49.0188],[8.0337,49.0171],[8.0383,49.0156],[8.0411,49.0157],[8.0451,49.0138],[8.0495,49.0144],[8.0546,49.0109],[8.0565,49.008],[8.0634,49.0058],[8.0653,49.0021],[8.0648,49],[8.0682,48.9994],[8.0701,48.9964],[8.0777,48.9953],[8.0788,48.994],[8.0823,48.9937],[8.0876,48.9916],[8.0913,48.9893],[8.1004,48.9899],[8.1059,48.9892],[8.1095,48.9873],[8.116,48.9868],[8.1207,48.985],[8.1235,48.9866],[8.1259,48.9839],[8.1311,48.9832],[8.1327,48.9812],[8.1345,48.9815],[8.1369,48.9793],[8.1403,48.9784],[8.1448,48.9785],[8.1483,48.9774],[8.1532,48.977],[8.1567,48.9784],[8.1625,48.9776],[8.1656,48.9779],[8.1708,48.9766],[8.1707,48.9791],[8.1777,48.9786],[8.1808,48.9776],[8.1848,48.9784],[8.1887,48.9765],[8.1938,48.9772],[8.1963,48.9762],[8.196,48.9733],[8.1974,48.9726],[8.1953,48.9692],[8.1993,48.9669],[8.2039,48.9696],[8.2081,48.9702],[8.209,48.9717],[8.216,48.9753],[8.2235,48.9757],[8.2279,48.9725],[8.23,48.9683],[8.2325,48.9664],[8.2275,48.965],[8.2042,48.96],[8.1973,48.9572],[8.1916,48.9517],[8.1873,48.945],[8.1813,48.9368],[8.1765,48.9315],[8.1688,48.9245],[8.1578,48.9143],[8.1498,48.9059],[8.1415,48.8961],[8.1325,48.8838],[8.1285,48.8776],[8.1215,48.8649],[8.1191,48.8602],[8.1102,48.8412],[8.1081,48.835],[8.1069,48.8284],[8.106,48.8243],[8.1039,48.8192],[8.101,48.8153],[8.0938,48.8078],[8.087,48.802],[8.079,48.7963],[8.07,48.7913],[8.0617,48.7891],[8.0569,48.789],[8.0503,48.7904],[8.0418,48.7907],[8.0361,48.7897],[8.0299,48.787],[8.0271,48.7847],[8.0259,48.782],[8.0242,48.772],[8.0225,48.7678],[8.0171,48.7625],[8.0103,48.7597],[8.0053,48.7589],[7.9963,48.7593],[7.9871,48.7609],[7.9833,48.761],[7.9785,48.7604],[7.9732,48.7587],[7.9711,48.7572],[7.9688,48.7535],[7.9672,48.7469],[7.9669,48.7423],[7.9677,48.7301],[7.9673,48.7274],[7.9651,48.7235],[7.9626,48.721],[7.9249,48.6904],[7.8959,48.6669],[7.8919,48.6638],[7.8833,48.6592],[7.8625,48.6509],[7.849,48.6471],[7.8443,48.6452],[7.8394,48.641],[7.836,48.6334],[7.8335,48.626],[7.8314,48.6216],[7.8266,48.6152],[7.8048,48.5927],[7.8022,48.5889],[7.8003,48.5826],[7.8008,48.5764],[7.8047,48.5647],[7.8059,48.555],[7.8053,48.5471],[7.8037,48.5403],[7.804,48.5338],[7.8067,48.5232],[7.8066,48.5192],[7.8049,48.5131],[7.8,48.5061],[7.7961,48.5025],[7.792,48.5002],[7.7783,48.4954],[7.7708,48.4919],[7.7682,48.4896],[7.7671,48.4868],[7.7673,48.4761],[7.7667,48.4642],[7.7655,48.4577],[7.7623,48.4494],[7.7533,48.434],[7.739,48.4097],[7.7356,48.4035],[7.7334,48.3984],[7.7318,48.3922],[7.7311,48.3834],[7.7315,48.3782],[7.7327,48.3729],[7.736,48.3625],[7.7436,48.34],[7.7457,48.3319],[7.7443,48.3268],[7.7414,48.3229],[7.7351,48.3185],[7.7293,48.3164],[7.7158,48.3131],[7.7073,48.3106],[7.7007,48.3075],[7.6939,48.3021],[7.6905,48.2966],[7.6893,48.2921],[7.6891,48.2807],[7.6877,48.2754],[7.6811,48.2577],[7.6798,48.2542],[7.6754,48.2429],[7.6677,48.2237],[7.6657,48.2205],[7.6601,48.2162],[7.6495,48.211],[7.6437,48.2067],[7.6416,48.2036],[7.637,48.1956],[7.633,48.1887],[7.6296,48.1839],[7.6249,48.1791],[7.6115,48.1676],[7.6024,48.1598],[7.6001,48.1566],[7.5991,48.1504],[7.6006,48.1415],[7.5997,48.1375],[7.5974,48.1339],[7.5924,48.1302],[7.5844,48.1272],[7.5805,48.1248],[7.5774,48.1204],[7.577,48.1168],[7.5796,48.1071],[7.5795,48.1022],[7.5784,48.0983],[7.5764,48.0946],[7.5735,48.0911],[7.5711,48.0875],[7.5693,48.0818],[7.5693,48.0781],[7.5734,48.0596],[7.574,48.0557],[7.5733,48.0492],[7.5717,48.0443],[7.5695,48.0397],[7.5688,48.0355],[7.5698,48.0329],[7.5722,48.0301],[7.5786,48.025],[7.6013,48.0072],[7.6087,48.0004],[7.6121,47.9964],[7.6162,47.9904],[7.6185,47.9858],[7.6214,47.978],[7.622,47.9742],[7.6214,47.9705],[7.619,47.966],[7.6131,47.9582],[7.6077,47.9525],[7.603,47.9488],[7.5894,47.9383],[7.585,47.9339],[7.5826,47.9299],[7.5808,47.9245],[7.5806,47.9207],[7.5829,47.9062],[7.5829,47.9015],[7.5817,47.898],[7.579,47.8942],[7.5721,47.8892],[7.5639,47.8857],[7.5595,47.8824],[7.5566,47.8779],[7.5556,47.8711],[7.5568,47.8643],[7.5622,47.8554],[7.5633,47.8521],[7.5637,47.8472],[7.5618,47.8395],[7.5579,47.8334],[7.551,47.825],[7.5481,47.8193],[7.5457,47.8125],[7.5407,47.8029],[7.5324,47.7885],[7.5308,47.7849],[7.5299,47.7805],[7.53,47.7753],[7.5308,47.7718],[7.5331,47.7668],[7.5399,47.7547],[7.548,47.7397],[7.5485,47.7343],[7.5471,47.7285],[7.5455,47.725],[7.5423,47.7205],[7.5356,47.7149],[7.5156,47.7037],[7.5145,47.7028],[7.5119,47.6988],[7.5129,47.6941],[7.5171,47.6886],[7.5197,47.6821],[7.5198,47.6785],[7.519,47.6736],[7.5196,47.6679],[7.5216,47.6635],[7.5239,47.6607],[7.5328,47.653],[7.5412,47.6472],[7.5591,47.6382],[7.5634,47.6354],[7.567,47.632],[7.57,47.6269],[7.5721,47.6201],[7.5743,47.6163],[7.5768,47.6139],[7.5852,47.6099],[7.5895,47.6069],[7.5926,47.6024],[7.5931,47.5986],[7.5913,47.5939],[7.5857,47.5841],[7.5844,47.5786],[7.5847,47.5755],[7.5789,47.5767],[7.5753,47.5761],[7.5665,47.5777],[7.5654,47.5762],[7.5569,47.5725],[7.5593,47.5694],[7.5573,47.565],[7.5518,47.5633],[7.5469,47.5615],[7.5404,47.5573],[7.5365,47.5555],[7.5307,47.5542],[7.5189,47.5463],[7.5168,47.5454],[7.511,47.5445],[7.5075,47.545],[7.5042,47.5431],[7.5011,47.5411],[7.498,47.5362],[7.4991,47.5354],[7.5014,47.5322],[7.5005,47.5301],[7.5023,47.5284],[7.5051,47.529],[7.5077,47.5281],[7.5108,47.529],[7.5158,47.533],[7.5194,47.5347],[7.5244,47.5319],[7.5268,47.5329],[7.531,47.529],[7.5309,47.5268],[7.5276,47.5218],[7.5235,47.5187],[7.5237,47.5153],[7.5175,47.5173],[7.5113,47.517],[7.5055,47.5147],[7.5025,47.5157],[7.4998,47.5206],[7.4979,47.5213],[7.4991,47.5163],[7.5031,47.514],[7.5059,47.5113],[7.5079,47.5108],[7.5103,47.506],[7.5105,47.5026],[7.5088,47.5023],[7.5111,47.497],[7.5052,47.4954],[7.5011,47.4935],[7.4999,47.491],[7.4968,47.489],[7.4935,47.4881],[7.4916,47.4847],[7.4876,47.4821],[7.4771,47.4801],[7.472,47.4804],[7.4661,47.4848],[7.4624,47.4891],[7.4564,47.4885],[7.4551,47.4895],[7.4508,47.4903],[7.4471,47.4934],[7.4411,47.4951],[7.435,47.4981],[7.4331,47.4972],[7.4298,47.4936],[7.429,47.4911],[7.4258,47.4885],[7.4223,47.4839],[7.4208,47.4804],[7.4258,47.4813],[7.4294,47.4829],[7.4321,47.481],[7.4362,47.4807],[7.4463,47.4764],[7.4484,47.4738],[7.4514,47.4751],[7.4563,47.4727],[7.4558,47.4707],[7.4502,47.4675],[7.4458,47.462],[7.4367,47.4604],[7.4326,47.4593],[7.43,47.4595],[7.4278,47.4573],[7.4288,47.4539],[7.4224,47.4507],[7.4245,47.4499],[7.4206,47.4456],[7.415,47.4428],[7.4032,47.4387],[7.4031,47.4355],[7.4004,47.4355],[7.3939,47.4352],[7.3856,47.4319],[7.3821,47.433],[7.38,47.4324],[7.3683,47.4344],[7.3652,47.4337],[7.3584,47.4345],[7.3556,47.4339],[7.345,47.4361],[7.338,47.4412],[7.3326,47.4411],[7.3303,47.4418],[7.3249,47.4394],[7.3204,47.4384],[7.3143,47.4386],[7.3126,47.438],[7.3069,47.439],[7.3024,47.4386],[7.3005,47.4365],[7.2958,47.4357],[7.2927,47.4334],[7.2855,47.4352],[7.2814,47.4346],[7.2797,47.4327],[7.274,47.43],[7.2696,47.427],[7.2656,47.4266],[7.2554,47.4245],[7.2506,47.4227],[7.2466,47.4203],[7.2458,47.4265],[7.2438,47.4278],[7.239,47.4285],[7.2375,47.4306],[7.2389,47.4333],[7.2356,47.437],[7.2334,47.4386],[7.229,47.4399],[7.2231,47.4397],[7.2202,47.4385],[7.212,47.4367],[7.2067,47.4348],[7.2057,47.4356],[7.1958,47.4354],[7.1951,47.4374],[7.1925,47.439],[7.1807,47.4418],[7.1699,47.4437],[7.1721,47.4459],[7.1745,47.4501],[7.1781,47.4581],[7.179,47.4655],[7.1775,47.4681],[7.1788,47.4693],[7.1847,47.4772],[7.1869,47.4825],[7.1904,47.4862],[7.1909,47.4885],[7.1941,47.4889],[7.203,47.4914],[7.201,47.4943],[7.1953,47.4935],[7.1851,47.4912],[7.1674,47.4894],[7.1593,47.4907],[7.1555,47.4931],[7.1525,47.4963],[7.1392,47.5018],[7.1303,47.5029],[7.1342,47.505],[7.1378,47.5106],[7.1394,47.5193],[7.1434,47.5246],[7.142,47.5252],[7.1383,47.5277],[7.1381,47.5306],[7.1364,47.5321],[7.1373,47.534],[7.1358,47.5369],[7.133,47.5395],[7.1316,47.5403],[7.1276,47.5427],[7.1229,47.5437],[7.1189,47.5476],[7.1101,47.5491],[7.1057,47.5516],[7.1082,47.5521],[7.1073,47.5561],[7.1079,47.5587],[7.1083,47.5639],[7.1061,47.5661],[7.1054,47.5691],[7.0995,47.5728],[7.0941,47.5735],[7.0919,47.5788],[7.0907,47.5792],[7.0889,47.5838],[7.0865,47.5855],[7.0873,47.5896],[7.0853,47.5932],[7.0818,47.5939],[7.0809,47.5962],[7.0782,47.5969],[7.0742,47.5989],[7.0741,47.5989],[7.0715,47.5965],[7.0696,47.5975],[7.0704,47.6007],[7.0668,47.5997],[7.0643,47.6012],[7.0581,47.5991],[7.0544,47.5986],[7.0519,47.6005],[7.0476,47.5987],[7.0463,47.601],[7.0413,47.6006],[7.0398,47.6011],[7.0344,47.5941],[7.0255,47.5927],[7.0248,47.5892],[7.0196,47.5886],[7.0158,47.5919],[7.0203,47.5924],[7.0216,47.5937],[7.0195,47.5959],[7.012,47.6004],[7.0091,47.5995],[7.0057,47.6021],[7.0103,47.6047],[7.0064,47.6123],[7.0073,47.6144],[7.005,47.6196],[7.0077,47.6194],[7.0066,47.6264],[7.0059,47.6289],[7.0105,47.6303],[7.0143,47.6258],[7.0168,47.6271],[7.0126,47.6314],[7.0144,47.6327],[7.0135,47.6348],[7.016,47.6359],[7.0125,47.638],[7.0133,47.6401],[7.0185,47.641],[7.0166,47.6454],[7.0173,47.6495],[7.0189,47.6509],[7.0246,47.6497],[7.031,47.65],[7.0359,47.6495],[7.0393,47.6505],[7.0349,47.6601],[7.0352,47.6635],[7.0408,47.6652],[7.0414,47.6674],[7.0437,47.6685],[7.0461,47.6714],[7.0414,47.6724],[7.0375,47.6754],[7.0389,47.6785],[7.0429,47.6795],[7.0427,47.6811],[7.0475,47.6827],[7.0481,47.6845],[7.0411,47.6858],[7.0386,47.6878],[7.0364,47.6922],[7.0382,47.6926],[7.0373,47.6947],[7.0329,47.6954],[7.0338,47.6997],[7.0305,47.6997],[7.0265,47.701],[7.0275,47.7053],[7.0345,47.7163],[7.0375,47.7176],[7.0359,47.7214],[7.0378,47.7216],[7.0352,47.7246],[7.0325,47.7261],[7.021,47.7346],[7.0194,47.7366],[7.0158,47.7438],[7.0129,47.7414],[7.0062,47.7431],[6.999,47.746],[6.9953,47.7462],[6.9852,47.7491],[6.9811,47.7514],[6.9749,47.751],[6.9722,47.7516],[6.9706,47.7542],[6.9642,47.756],[6.9598,47.7596],[6.9544,47.7612],[6.9522,47.7644],[6.9459,47.7654],[6.9435,47.7666],[6.94,47.7717],[6.9344,47.7715],[6.9318,47.7697],[6.9255,47.7696],[6.9228,47.7719],[6.9223,47.7724],[6.9168,47.7758],[6.9114,47.7781],[6.9077,47.7777],[6.9023,47.7766],[6.893,47.7776],[6.8919,47.7787],[6.8818,47.7821],[6.8772,47.7824],[6.872,47.7818],[6.866,47.7839],[6.8654,47.7849],[6.8627,47.7855],[6.8607,47.7896],[6.8621,47.7921],[6.86,47.7943],[6.8549,47.7957],[6.8516,47.798],[6.8489,47.8018],[6.8482,47.8043],[6.8506,47.8068],[6.843,47.8128],[6.841,47.819],[6.8459,47.8229],[6.8423,47.8251],[6.8394,47.8247],[6.8355,47.8215],[6.834,47.8186],[6.8238,47.8143],[6.8236,47.8133],[6.8173,47.8186],[6.8111,47.82],[6.8003,47.8266],[6.7999,47.8278],[6.7928,47.8297],[6.7921,47.8305],[6.7887,47.8338],[6.7888,47.835],[6.7904,47.8362],[6.7922,47.8422],[6.788,47.8455],[6.785,47.8496],[6.7826,47.8513],[6.7798,47.8508],[6.7702,47.852],[6.7645,47.8535],[6.7639,47.8574],[6.756,47.8592],[6.7533,47.8587],[6.7466,47.8607],[6.7411,47.8619],[6.7383,47.8613],[6.7372,47.8649],[6.7354,47.8651],[6.7305,47.8664],[6.7293,47.8688],[6.7242,47.8699],[6.7194,47.8727],[6.7158,47.8734],[6.7104,47.8759],[6.7062,47.8786],[6.7037,47.8814],[6.6969,47.8828],[6.6918,47.8859],[6.6868,47.8883],[6.6834,47.8904],[6.6763,47.8903],[6.6709,47.8931],[6.6669,47.8938],[6.6621,47.8977],[6.6583,47.8985],[6.6548,47.9011],[6.6506,47.9016],[6.6451,47.9041],[6.6393,47.9103],[6.6419,47.9178],[6.6416,47.9188],[6.634,47.9208],[6.629,47.9252],[6.6307,47.9276],[6.6274,47.9301],[6.6221,47.9303],[6.6165,47.9327],[6.613,47.9359],[6.6073,47.9425],[6.6041,47.9448],[6.6013,47.9445],[6.589,47.9417],[6.5838,47.9401],[6.5764,47.9367],[6.5683,47.9345],[6.5634,47.9314],[6.5609,47.9282],[6.5583,47.9232],[6.5582,47.923],[6.552,47.9155],[6.5524,47.9117],[6.5454,47.9095],[6.544,47.9084],[6.544,47.9031],[6.542,47.9025],[6.5379,47.9025],[6.5349,47.9014],[6.5195,47.8999],[6.51,47.8975],[6.5032,47.8962],[6.4939,47.8921],[6.4854,47.8888],[6.4783,47.8854],[6.4741,47.891],[6.4776,47.8919],[6.4702,47.8946],[6.4623,47.8994],[6.4615,47.902],[6.4583,47.9058],[6.456,47.9068],[6.4604,47.9135],[6.4634,47.9141],[6.4588,47.9186],[6.4578,47.9205],[6.4529,47.92],[6.4492,47.9217],[6.4476,47.9234],[6.4481,47.9263],[6.4411,47.9314],[6.4411,47.9331],[6.4363,47.9365],[6.4348,47.9429],[6.4316,47.9439],[6.4256,47.9439],[6.4178,47.9427],[6.4152,47.9434],[6.4083,47.9433],[6.4073,47.9448],[6.4074,47.9485],[6.4058,47.9496],[6.4054,47.9531],[6.399,47.9553],[6.3945,47.955],[6.3922,47.9562],[6.3891,47.9607],[6.3852,47.9586],[6.378,47.9588],[6.3762,47.9598],[6.37,47.9609],[6.365,47.9626],[6.3615,47.9613],[6.3609,47.9585],[6.3588,47.9578],[6.3564,47.9591],[6.3483,47.9567],[6.3446,47.9543],[6.339,47.9544],[6.3347,47.9559],[6.329,47.9535],[6.324,47.9484],[6.3201,47.9498],[6.3073,47.9501],[6.301,47.9538],[6.2944,47.9558],[6.2872,47.9555],[6.2847,47.9547],[6.2773,47.9538],[6.2755,47.9524],[6.263,47.9461],[6.2509,47.9392],[6.2432,47.9396],[6.2387,47.9371],[6.238,47.9328],[6.2192,47.9357],[6.2143,47.9304],[6.2052,47.932],[6.2057,47.9352],[6.2087,47.9396],[6.208,47.9425],[6.207,47.9435],[6.208,47.9468],[6.2006,47.948],[6.1971,47.9474],[6.1974,47.9518],[6.192,47.9537],[6.1866,47.9535],[6.182,47.9563],[6.1739,47.9522],[6.168,47.9524],[6.1621,47.9568],[6.1612,47.9583],[6.1608,47.9648],[6.1573,47.9678],[6.1554,47.9645],[6.1497,47.9657],[6.1502,47.9701],[6.1545,47.9719],[6.1607,47.973],[6.1627,47.9727],[6.1651,47.976],[6.162,47.9784],[6.1574,47.9842],[6.1607,47.9895],[6.1597,47.9923],[6.1577,47.992],[6.1534,47.9936],[6.1528,47.9961],[6.1532,48.0007],[6.1552,48.0027],[6.1562,48.0068],[6.1521,48.0095],[6.1484,48.0144],[6.1459,48.0158],[6.1386,48.0172],[6.1344,48.0201],[6.1313,48.0241],[6.1216,48.0201],[6.1173,48.0199],[6.1137,48.0177],[6.1094,48.0126],[6.0977,48.015],[6.0856,48.0135],[6.0809,48.0129],[6.0732,48.0159],[6.0695,48.0139],[6.0557,48.0088],[6.0411,48.0045],[6.0372,48.0015],[6.0325,47.9991],[6.0306,47.9946],[6.0322,47.9906],[6.0249,47.9918],[6.0248,47.9872],[6.019,47.9875],[6.0182,47.9842],[6.0224,47.9815],[6.0261,47.9814],[6.023,47.9771],[6.0206,47.9759],[6.0173,47.9725],[6.0163,47.9704],[6.0121,47.9718],[6.0095,47.9671],[6.0062,47.964],[6.0093,47.9615],[6.0053,47.9578],[6.0023,47.9561],[5.997,47.957],[5.9958,47.9583],[5.9924,47.9581],[5.9894,47.9566],[5.9873,47.9582],[5.984,47.9562],[5.982,47.9579],[5.978,47.9571],[5.9756,47.958],[5.9705,47.9572],[5.9706,47.9535],[5.969,47.9475],[5.9637,47.9458],[5.9556,47.9383],[5.9494,47.9354],[5.9475,47.9362],[5.9422,47.9364],[5.9287,47.9381],[5.9317,47.9406],[5.934,47.9455],[5.9373,47.9479],[5.9378,47.9509],[5.9418,47.9524],[5.9465,47.9552],[5.9466,47.957],[5.9518,47.9611],[5.9538,47.961],[5.9564,47.9645],[5.9597,47.9666],[5.9588,47.9705],[5.9495,47.9729],[5.9501,47.9755],[5.9475,47.9797],[5.9369,47.979],[5.9327,47.9774],[5.9274,47.9744],[5.9213,47.971],[5.9188,47.9669],[5.9205,47.9566],[5.9175,47.9506],[5.918,47.9474],[5.9078,47.9464],[5.9002,47.9445],[5.8952,47.9405],[5.8929,47.9371],[5.8955,47.9353],[5.8977,47.9309],[5.8953,47.9303],[5.8905,47.9275],[5.8847,47.9262],[5.8836,47.9249],[5.8834,47.9215],[5.8896,47.9206],[5.8869,47.9144],[5.8895,47.9133],[5.8906,47.9101],[5.8867,47.9028],[5.8823,47.8998],[5.8808,47.9018],[5.8735,47.9005],[5.87,47.9007],[5.8651,47.9028],[5.863,47.9026],[5.8563,47.9038],[5.8516,47.906],[5.848,47.9035],[5.8482,47.9009],[5.8458,47.8993],[5.8451,47.8971],[5.8428,47.8944],[5.8375,47.8912],[5.8367,47.8853],[5.8349,47.8823],[5.8311,47.8805],[5.8245,47.8727],[5.8206,47.8691],[5.8239,47.8659],[5.8222,47.8646],[5.8246,47.8611],[5.8247,47.8594],[5.8281,47.858],[5.8246,47.8557],[5.8178,47.8533],[5.818,47.852],[5.8262,47.8542],[5.8284,47.8519],[5.8242,47.8523],[5.8224,47.851],[5.8155,47.8488],[5.8098,47.8486],[5.8056,47.8473],[5.7959,47.8469],[5.7989,47.8557],[5.7866,47.8552],[5.7804,47.8561],[5.7748,47.858],[5.7675,47.8558],[5.7636,47.859],[5.7612,47.8593],[5.7559,47.8533],[5.7534,47.8518],[5.7497,47.8525],[5.7442,47.8489],[5.7455,47.8441],[5.7436,47.8423],[5.7467,47.8413],[5.7481,47.8385],[5.7459,47.8375],[5.7473,47.8314],[5.7512,47.829],[5.747,47.8282],[5.7452,47.8267],[5.7461,47.8236],[5.742,47.8194],[5.7362,47.8177],[5.7314,47.8176],[5.7279,47.8184],[5.7244,47.8203],[5.7136,47.8215],[5.7091,47.8221],[5.7052,47.8219],[5.7,47.8239],[5.6927,47.8218],[5.69,47.8193],[5.6898,47.8169],[5.6854,47.8128],[5.6818,47.8093],[5.6821,47.8043],[5.6812,47.7977],[5.6786,47.7931],[5.6784,47.788],[5.6773,47.785],[5.6778,47.782],[5.6764,47.7791],[5.6796,47.7782],[5.6821,47.7755],[5.68,47.7701],[5.684,47.7692],[5.6889,47.7689],[5.6958,47.7705],[5.7022,47.77],[5.7075,47.7676],[5.709,47.7639],[5.7077,47.7617],[5.7089,47.7565],[5.7061,47.7527],[5.7062,47.7512],[5.7094,47.7451],[5.7064,47.7424],[5.6992,47.7403],[5.6919,47.7369],[5.6896,47.7344],[5.6887,47.7305],[5.6959,47.7252],[5.6895,47.7231],[5.6851,47.7228],[5.6883,47.7194],[5.6835,47.7168],[5.6857,47.7152],[5.6842,47.7123],[5.6918,47.707],[5.6935,47.7048],[5.6929,47.6989],[5.695,47.6944],[5.6937,47.6905],[5.6911,47.6847],[5.6877,47.6858],[5.6858,47.6831],[5.681,47.6866],[5.6763,47.6835],[5.6756,47.6822],[5.672,47.682],[5.6674,47.6855],[5.6644,47.6843],[5.6597,47.6847],[5.6594,47.6812],[5.6532,47.6772],[5.6483,47.6754],[5.6442,47.6768],[5.6403,47.676],[5.6341,47.6772],[5.6296,47.6769],[5.6169,47.6735],[5.6089,47.6736],[5.6061,47.6752],[5.6009,47.6752],[5.5968,47.672],[5.5924,47.6777],[5.5917,47.6842],[5.5846,47.691],[5.585,47.6953],[5.5844,47.6989],[5.582,47.7014],[5.5817,47.7031],[5.5766,47.7047],[5.5719,47.7056],[5.5705,47.7067],[5.5674,47.7072],[5.5668,47.705],[5.5644,47.7026],[5.5593,47.6993],[5.5583,47.6973],[5.5504,47.6924],[5.5408,47.6842],[5.5376,47.6798],[5.5337,47.6765],[5.5309,47.6752],[5.5299,47.673],[5.5267,47.6728],[5.5166,47.6741],[5.5101,47.6742],[5.5071,47.6766],[5.5031,47.677],[5.501,47.6782],[5.487,47.6835],[5.4828,47.6846],[5.4805,47.6831],[5.4745,47.6808],[5.4714,47.6756],[5.4646,47.6741],[5.462,47.6729],[5.4587,47.6736],[5.4485,47.6718],[5.4439,47.6706],[5.4395,47.6714],[5.4352,47.671],[5.4311,47.6728],[5.4298,47.6742],[5.4202,47.6777],[5.4112,47.6745],[5.4065,47.6735],[5.4027,47.6567],[5.3988,47.6531],[5.4002,47.6485],[5.4056,47.6481],[5.4057,47.6469],[5.3996,47.643],[5.3964,47.6423],[5.3917,47.6395],[5.3857,47.6351],[5.383,47.6316],[5.3814,47.6283],[5.3777,47.6252],[5.3723,47.6185],[5.3736,47.6164],[5.3714,47.6147],[5.3738,47.6045],[5.3698,47.6055],[5.3668,47.6049],[5.364,47.5986],[5.3626,47.5987],[5.3593,47.5937],[5.3568,47.5938],[5.3557,47.5917],[5.3542,47.5918],[5.3441,47.5962],[5.3407,47.5962],[5.3431,47.5997],[5.3455,47.6047],[5.3427,47.6049],[5.3398,47.6072],[5.3392,47.6095],[5.3353,47.61],[5.3225,47.6124],[5.3185,47.61],[5.3178,47.6077],[5.3131,47.606],[5.3063,47.6073],[5.2982,47.6043],[5.2995,47.6025],[5.2956,47.5999],[5.294,47.5979],[5.2852,47.595],[5.2808,47.5926],[5.2777,47.5901],[5.2784,47.5844],[5.2779,47.5816],[5.2717,47.5805],[5.2685,47.5815],[5.2605,47.5787],[5.2562,47.5766],[5.2531,47.5769],[5.2532,47.5787],[5.2509,47.582],[5.2509,47.5841],[5.2488,47.5858],[5.2476,47.5898],[5.2415,47.5948],[5.2381,47.5965],[5.2545,47.6175],[5.2587,47.6222],[5.2557,47.6231],[5.249,47.6216],[5.2429,47.6182],[5.239,47.6161],[5.2369,47.6168],[5.2374,47.6209],[5.2339,47.6237],[5.2292,47.6256],[5.2302,47.6295],[5.2228,47.6317],[5.2178,47.6351],[5.2152,47.639],[5.2114,47.6419],[5.2023,47.6443],[5.1982,47.6444],[5.1886,47.6496],[5.1884,47.6496],[5.1804,47.65],[5.1746,47.6515],[5.1732,47.6534],[5.1746,47.6563],[5.1733,47.6665],[5.1756,47.6689],[5.1777,47.6772],[5.1793,47.6793],[5.1784,47.681],[5.1685,47.6804],[5.1616,47.6804],[5.1605,47.6781],[5.161,47.6755],[5.1594,47.6727],[5.1571,47.6709],[5.1565,47.6682],[5.1494,47.6636],[5.1478,47.6609],[5.1444,47.6587],[5.1428,47.6557],[5.1361,47.6536],[5.1386,47.6509],[5.1332,47.6512],[5.1292,47.6482],[5.1254,47.6468],[5.1226,47.6471],[5.1216,47.6495],[5.1174,47.6494],[5.1166,47.6519],[5.1119,47.65],[5.1089,47.6497],[5.1034,47.6541],[5.104,47.6588],[5.1015,47.6596],[5.0947,47.6575],[5.0887,47.6575],[5.0861,47.6566],[5.0837,47.6604],[5.0791,47.6595],[5.0785,47.6634],[5.0761,47.6654],[5.0715,47.6642],[5.0692,47.6686],[5.0657,47.6671],[5.0618,47.6673],[5.0562,47.6686],[5.0534,47.6684],[5.0509,47.6726],[5.0461,47.6756],[5.0444,47.6774],[5.0499,47.6797],[5.0532,47.6866],[5.0525,47.688],[5.0574,47.6905],[5.0608,47.6948],[5.0557,47.6974],[5.0535,47.6942],[5.0417,47.6934],[5.0375,47.6924],[5.0328,47.6923],[5.0288,47.6933],[5.0291,47.6975],[5.0339,47.7016],[5.032,47.7035],[5.0337,47.7079],[5.0292,47.7099],[5.0248,47.7093],[5.0226,47.707],[5.0177,47.7046],[5.0152,47.7061],[5.0139,47.7037],[5.0081,47.7014],[5.0041,47.7004],[5.0025,47.6966],[5.0036,47.6937],[5,47.6932],[4.9974,47.6905],[4.9923,47.6883],[4.9866,47.6888],[4.9826,47.6885],[4.9797,47.6863],[4.9746,47.6871],[4.9691,47.6858],[4.9686,47.6873],[4.9724,47.6902],[4.972,47.6916],[4.9595,47.6972],[4.9583,47.6997],[4.9546,47.7012],[4.9538,47.7069],[4.9569,47.709],[4.9604,47.7117],[4.9644,47.7134],[4.9658,47.7152],[4.9637,47.7188],[4.9635,47.7222],[4.9707,47.7276],[4.9715,47.7311],[4.9698,47.7356],[4.9648,47.7355],[4.9605,47.7328],[4.9587,47.7347],[4.9661,47.7406],[4.9639,47.747],[4.9599,47.7515],[4.959,47.7552],[4.959,47.7619],[4.9544,47.7627],[4.9508,47.7626],[4.9489,47.7659],[4.945,47.7663],[4.9444,47.764],[4.94,47.7622],[4.9307,47.7613],[4.9257,47.7602],[4.9246,47.7618],[4.9267,47.7648],[4.9236,47.766],[4.9197,47.7658],[4.9169,47.7668],[4.9209,47.7672],[4.9208,47.7728],[4.9238,47.7734],[4.9239,47.7753],[4.918,47.7771],[4.922,47.7797],[4.9272,47.7813],[4.9371,47.7829],[4.9431,47.7857],[4.9455,47.7862],[4.9552,47.7896],[4.9576,47.7906],[4.9645,47.7953],[4.9695,47.7971],[4.9763,47.799],[4.9777,47.8002],[4.9824,47.7998],[4.9844,47.8019],[4.9885,47.8039],[4.9915,47.8079],[4.9882,47.8089],[4.9913,47.811],[4.9927,47.8154],[4.9891,47.8175],[4.9904,47.8195],[4.9941,47.8197],[4.986,47.8225],[4.985,47.8253],[4.9843,47.8243],[4.9847,47.8289],[4.982,47.8298],[4.9733,47.8312],[4.9683,47.8319],[4.9686,47.8367],[4.9662,47.8394],[4.963,47.8386],[4.9604,47.8394],[4.9612,47.8439],[4.9601,47.8456],[4.963,47.8485],[4.9634,47.8522],[4.9601,47.8578],[4.9556,47.8628],[4.9541,47.8668],[4.9454,47.8662],[4.9402,47.867],[4.9369,47.8693],[4.9275,47.8715],[4.93,47.875],[4.9294,47.8775],[4.9271,47.8788],[4.9286,47.8862],[4.9258,47.8912],[4.9194,47.8944],[4.9154,47.8978],[4.9138,47.9018],[4.914,47.9056],[4.9121,47.9086],[4.9076,47.912],[4.9059,47.9143],[4.906,47.9165],[4.9037,47.9177],[4.9029,47.921],[4.8943,47.923],[4.8888,47.922],[4.877,47.9205],[4.8692,47.9177],[4.8708,47.9153],[4.8694,47.9131],[4.8626,47.9062],[4.8592,47.9018],[4.8616,47.8999],[4.8604,47.8963],[4.8568,47.8956],[4.8451,47.9012],[4.8413,47.9036],[4.834,47.9068],[4.8313,47.9094],[4.8294,47.9124],[4.8289,47.9151],[4.8309,47.9175],[4.8349,47.9189],[4.8397,47.9228],[4.8435,47.921],[4.847,47.9215],[4.8464,47.9274],[4.8472,47.929],[4.8521,47.93],[4.8555,47.9321],[4.8564,47.9342],[4.86,47.9371],[4.8634,47.9384],[4.8661,47.9405],[4.8651,47.9417],[4.8604,47.9488],[4.8561,47.9533],[4.8452,47.9612],[4.8384,47.9605],[4.8275,47.9609],[4.8198,47.9645],[4.8178,47.9639],[4.8201,47.9611],[4.816,47.9594],[4.8114,47.9594],[4.809,47.9616],[4.8021,47.9626],[4.7979,47.9629],[4.7934,47.9624],[4.7911,47.9654],[4.7865,47.9642],[4.7848,47.9682],[4.7861,47.9715],[4.7875,47.9714],[4.7946,47.9845],[4.8013,47.9848],[4.8082,47.9867],[4.8106,47.9887],[4.8021,47.993],[4.7968,47.9945],[4.7957,47.9964],[4.7932,47.9965],[4.793,48.0004],[4.7938,48.003],[4.7895,48.0081],[4.7868,48.0068],[4.782,48.0073],[4.7777,48.007],[4.7731,48.005],[4.7673,48.0058],[4.7493,48.0042],[4.7421,48.0046],[4.7353,48.0056],[4.733,48.0065],[4.7199,48.0091],[4.7162,48.0114],[4.7108,48.0156],[4.7083,48.0168],[4.7043,48.0203],[4.7007,48.0235],[4.6988,48.0239],[4.6874,48.021],[4.6784,48.0169],[4.6733,48.0153],[4.6708,48.0153],[4.6654,48.021],[4.6559,48.017],[4.6556,48.0203],[4.6536,48.0226],[4.6496,48.024],[4.6474,48.0257],[4.6381,48.0255],[4.6346,48.0243],[4.6239,48.0255],[4.622,48.0244],[4.6198,48.0252],[4.6173,48.0284],[4.6165,48.0313],[4.6102,48.0288],[4.6055,48.0286],[4.5984,48.0305],[4.59,48.0295],[4.5851,48.0301],[4.5826,48.0285],[4.5783,48.0289],[4.5755,48.0266],[4.5708,48.0246],[4.5671,48.0186],[4.5634,48.0155],[4.5612,48.0156],[4.5556,48.0136],[4.5547,48.0124],[4.5495,48.0044],[4.5357,48.0068],[4.5358,48.001],[4.5397,47.9958],[4.541,47.992],[4.5453,47.9884],[4.555,47.986],[4.5586,47.9774],[4.5597,47.9715],[4.5542,47.9677],[4.5525,47.9679],[4.5434,47.9692],[4.5321,47.97],[4.529,47.9698],[4.5184,47.9668],[4.5097,47.9664],[4.499,47.9684],[4.4931,47.9682],[4.4842,47.9637],[4.4748,47.9627],[4.4716,47.9617],[4.4699,47.9599],[4.4631,47.959],[4.4533,47.9593],[4.4471,47.9564],[4.4456,47.9576],[4.4395,47.9583],[4.438,47.9596],[4.4352,47.9604],[4.4262,47.9668],[4.4172,47.9687],[4.4105,47.9676],[4.4085,47.9666],[4.4032,47.9656],[4.3987,47.9637],[4.3972,47.9622],[4.3915,47.9625],[4.3873,47.9622],[4.3838,47.9597],[4.3816,47.9613],[4.3724,47.9616],[4.3662,47.9584],[4.3615,47.9572],[4.3508,47.9567],[4.3431,47.9559],[4.3404,47.958],[4.3348,47.959],[4.3255,47.9598],[4.3197,47.9596],[4.3141,47.9614],[4.3127,47.9627],[4.309,47.9612],[4.3076,47.958],[4.308,47.9563],[4.3058,47.9543],[4.3026,47.9508],[4.299,47.9505],[4.2992,47.9488],[4.3004,47.9465],[4.3002,47.9432],[4.303,47.9379],[4.2973,47.9327],[4.2928,47.9259],[4.2883,47.9271],[4.2782,47.9244],[4.2746,47.9238],[4.2665,47.924],[4.2569,47.9268],[4.2566,47.9288],[4.2481,47.9293],[4.2421,47.9325],[4.237,47.9408],[4.232,47.9426],[4.2293,47.9461],[4.2239,47.9485],[4.2221,47.9497],[4.2249,47.9546],[4.2279,47.9625],[4.2269,47.967],[4.2284,47.9693],[4.2258,47.9721],[4.221,47.9712],[4.2158,47.9725],[4.2103,47.9716],[4.2047,47.9723],[4.203,47.9733],[4.1988,47.9697],[4.1955,47.9679],[4.1929,47.965],[4.1969,47.9645],[4.2019,47.962],[4.2047,47.9554],[4.2072,47.9532],[4.2054,47.9504],[4.2077,47.9475],[4.2071,47.9448],[4.2027,47.9417],[4.1942,47.9407],[4.1928,47.9395],[4.1855,47.9403],[4.1859,47.9469],[4.1852,47.9528],[4.1842,47.9559],[4.1813,47.9573],[4.1772,47.9575],[4.1729,47.9594],[4.1693,47.9573],[4.1672,47.9601],[4.1658,47.96],[4.1559,47.9558],[4.1548,47.954],[4.1499,47.9503],[4.149,47.9482],[4.1458,47.948],[4.1436,47.945],[4.1402,47.9428],[4.1424,47.9386],[4.1418,47.9371],[4.1334,47.938],[4.1302,47.9369],[4.1278,47.9342],[4.1221,47.9317],[4.1205,47.9324],[4.1169,47.9289],[4.1145,47.9288],[4.1096,47.926],[4.1071,47.9298],[4.098,47.9295],[4.094,47.9266],[4.0914,47.9296],[4.0938,47.934],[4.09,47.9362],[4.0917,47.9371],[4.0927,47.9413],[4.093,47.9429],[4.0897,47.945],[4.0851,47.9451],[4.0779,47.943],[4.0736,47.9432],[4.0656,47.9452],[4.0608,47.9458],[4.0569,47.9426],[4.0564,47.9408],[4.0571,47.9366],[4.0589,47.9317],[4.054,47.9295],[4.0438,47.9258],[4.0406,47.9292],[4.0313,47.9332],[4.0252,47.9286],[4.0163,47.9294],[4.0159,47.931],[4.0122,47.9327],[4.0136,47.9368],[4.0091,47.9385],[4.0081,47.9405],[4.005,47.9426],[4.0001,47.9395],[3.9937,47.9369],[3.9918,47.9353],[3.9912,47.9324],[3.9858,47.9307],[3.9812,47.9302],[3.9805,47.931],[3.9752,47.9312],[3.9716,47.933],[3.9617,47.9363],[3.9579,47.9351],[3.9481,47.9308],[3.9455,47.9348],[3.9349,47.932],[3.9263,47.9348],[3.9198,47.9289],[3.9183,47.9282],[3.9143,47.9303],[3.9116,47.9303],[3.9091,47.9284],[3.9069,47.9282],[3.905,47.9251],[3.9017,47.9257],[3.8989,47.928],[3.8956,47.9286],[3.894,47.9292],[3.8999,47.9359],[3.9034,47.9384],[3.8991,47.9406],[3.9021,47.9433],[3.9037,47.9463],[3.904,47.9494],[3.9025,47.9508],[3.9048,47.9524],[3.9059,47.9552],[3.905,47.958],[3.9077,47.9646],[3.9128,47.9687],[3.9147,47.9757],[3.9109,47.9818],[3.9068,47.9852],[3.9036,47.9917],[3.9015,47.9964],[3.8975,47.998],[3.8932,48.0018],[3.8916,48.0003],[3.8857,48.0003],[3.8815,48.0003],[3.8814,47.998],[3.8853,47.9916],[3.8776,47.9871],[3.8834,47.9852],[3.8799,47.9791],[3.8763,47.9797],[3.8723,47.9793],[3.8728,47.9776],[3.8617,47.9766],[3.8659,47.9845],[3.85,47.9837],[3.8504,47.9847],[3.8466,47.9927],[3.8469,47.9946],[3.8446,47.9959],[3.8415,47.9959],[3.8413,47.9979],[3.8391,47.9993],[3.8404,48.0023],[3.8396,48.0039],[3.846,48.0034],[3.8507,48.0043],[3.8547,48.0034],[3.8577,48.006],[3.8636,48.007],[3.8676,48.0051],[3.868,48.0031],[3.8707,48.003],[3.871,48.0101],[3.8699,48.0148],[3.8705,48.0169],[3.8681,48.0194],[3.8642,48.0192],[3.8565,48.0232],[3.8558,48.0249],[3.8475,48.03],[3.8432,48.0355],[3.8397,48.0357],[3.8344,48.0378],[3.8322,48.0364],[3.8254,48.0422],[3.8221,48.0441],[3.8242,48.0454],[3.8268,48.0444],[3.8304,48.0473],[3.8239,48.0532],[3.8293,48.0575],[3.8239,48.062],[3.8262,48.0637],[3.8181,48.069],[3.8169,48.0716],[3.81,48.0778],[3.811,48.0784],[3.8057,48.0821],[3.807,48.0841],[3.7995,48.0861],[3.8,48.0886],[3.7976,48.0923],[3.8011,48.0957],[3.8001,48.0972],[3.8057,48.1005],[3.8017,48.1067],[3.7989,48.1082],[3.7969,48.1108],[3.7931,48.1131],[3.7918,48.1177],[3.788,48.1192],[3.7805,48.1203],[3.7766,48.1245],[3.7772,48.1286],[3.7749,48.1288],[3.7686,48.133],[3.7621,48.1318],[3.7614,48.1296],[3.7569,48.1253],[3.7508,48.1261],[3.7479,48.1288],[3.7428,48.1306],[3.7399,48.1324],[3.7389,48.1359],[3.7397,48.1387],[3.7425,48.1426],[3.7457,48.1453],[3.7496,48.1469],[3.7551,48.1503],[3.7528,48.1567],[3.7518,48.1618],[3.7455,48.1675],[3.7382,48.1703],[3.7299,48.1718],[3.7185,48.1756],[3.7138,48.174],[3.7145,48.1703],[3.7211,48.1626],[3.7223,48.1568],[3.7182,48.1529],[3.7138,48.1515],[3.7092,48.1483],[3.7051,48.1443],[3.7003,48.1454],[3.6974,48.15],[3.6953,48.1518],[3.6945,48.1551],[3.6936,48.148],[3.6909,48.145],[3.6727,48.1403],[3.6679,48.1393],[3.6605,48.1593],[3.6567,48.1637],[3.6533,48.1654],[3.6507,48.1682],[3.6469,48.1738],[3.6461,48.1783],[3.6405,48.1846],[3.6319,48.1894],[3.6235,48.192],[3.6197,48.1909],[3.5939,48.1787],[3.5882,48.1814],[3.5788,48.1849],[3.5751,48.1888],[3.578,48.1898],[3.5834,48.1935],[3.5927,48.1983],[3.5935,48.2002],[3.5999,48.2021],[3.6021,48.2051],[3.6089,48.2095],[3.6113,48.2122],[3.6124,48.2154],[3.6157,48.218],[3.6139,48.2203],[3.6174,48.2232],[3.6218,48.2257],[3.615,48.2318],[3.6101,48.2317],[3.6079,48.2328],[3.6047,48.23],[3.6008,48.2331],[3.5995,48.2366],[3.6032,48.241],[3.6082,48.2435],[3.6153,48.2509],[3.6243,48.2545],[3.6239,48.2593],[3.6181,48.2695],[3.6152,48.2725],[3.6152,48.2725],[3.6091,48.2753],[3.6019,48.2759],[3.6004,48.2795],[3.5939,48.2793],[3.5877,48.2799],[3.5841,48.2812],[3.5838,48.2835],[3.5799,48.2833],[3.5778,48.2846],[3.5781,48.287],[3.5857,48.2901],[3.5874,48.2928],[3.5879,48.3009],[3.5858,48.3021],[3.583,48.3012],[3.5801,48.306],[3.5763,48.3051],[3.5714,48.3059],[3.5668,48.3076],[3.5611,48.3121],[3.565,48.3135],[3.5653,48.3193],[3.5638,48.3212],[3.5631,48.3216],[3.5533,48.3191],[3.5439,48.3198],[3.5439,48.3331],[3.545,48.3343],[3.5372,48.3381],[3.5349,48.3383],[3.5286,48.3443],[3.5228,48.3487],[3.5204,48.3494],[3.5216,48.3517],[3.5187,48.3541],[3.5132,48.3606],[3.5099,48.362],[3.505,48.3656],[3.5022,48.3664],[3.4976,48.3696],[3.4863,48.3688],[3.4749,48.3693],[3.4708,48.3744],[3.4706,48.3747],[3.4671,48.3755],[3.4643,48.3743],[3.4603,48.3751],[3.4531,48.3738],[3.4508,48.3739],[3.4473,48.3725],[3.4485,48.3684],[3.4414,48.3669],[3.4372,48.365],[3.4338,48.3616],[3.4293,48.3586],[3.4233,48.3664],[3.4217,48.372],[3.4141,48.3753],[3.4129,48.3786],[3.413,48.3816],[3.4147,48.3902],[3.4155,48.3964],[3.4186,48.4046],[3.4209,48.4091],[3.4223,48.4161],[3.4198,48.4167],[3.4134,48.4142],[3.4094,48.4143],[3.4017,48.4163],[3.4024,48.4176],[3.4077,48.4156],[3.4091,48.4176],[3.4115,48.4175],[3.4119,48.4214],[3.4049,48.4234],[3.4011,48.424],[3.3933,48.4241],[3.3918,48.4268],[3.3945,48.4278],[3.3947,48.4313],[3.3971,48.4347],[3.4049,48.4394],[3.4039,48.4421],[3.4067,48.4464],[3.4065,48.4526],[3.4058,48.4533],[3.4037,48.4545],[3.4002,48.4592],[3.3959,48.4612],[3.394,48.4644],[3.3981,48.4665],[3.3959,48.4705],[3.3911,48.4704],[3.3905,48.4735],[3.3885,48.4772],[3.3842,48.478],[3.3851,48.4797],[3.3931,48.4812],[3.3934,48.4842],[3.3994,48.4834],[3.4008,48.4863],[3.4037,48.4858],[3.4042,48.488],[3.4077,48.4868],[3.4148,48.4873],[3.4164,48.4898],[3.4285,48.4908],[3.4346,48.4903],[3.4333,48.4931],[3.4352,48.4969],[3.4271,48.5064],[3.4239,48.5143],[3.4212,48.5156],[3.4204,48.5174],[3.4054,48.5279],[3.4142,48.5335],[3.4155,48.5323],[3.4235,48.5336],[3.4262,48.5309],[3.4304,48.5312],[3.434,48.5287],[3.439,48.5281],[3.4467,48.5289],[3.4496,48.5304],[3.4509,48.5286],[3.4592,48.5307],[3.4635,48.5338],[3.467,48.5353],[3.4695,48.5384],[3.4769,48.5416],[3.4818,48.5415],[3.4795,48.5453],[3.4862,48.5451],[3.4862,48.547],[3.484,48.55],[3.4783,48.5507],[3.4765,48.5518],[3.4756,48.5548],[3.4771,48.5574],[3.4747,48.5603],[3.474,48.5647],[3.4718,48.564],[3.4685,48.5681],[3.4654,48.5705],[3.4687,48.5729],[3.4731,48.5766],[3.4853,48.5803],[3.4935,48.5901],[3.5087,48.5893],[3.5163,48.5898],[3.5121,48.5963],[3.5077,48.5996],[3.503,48.6046],[3.5122,48.6067],[3.5261,48.6087],[3.5352,48.6103],[3.5395,48.6125],[3.5406,48.6163],[3.5489,48.6161],[3.5583,48.6164],[3.559,48.6177],[3.5555,48.6202],[3.5511,48.6229],[3.5482,48.6266],[3.5445,48.6288],[3.5382,48.6316],[3.5321,48.6331],[3.5241,48.6325],[3.5193,48.6331],[3.5183,48.6374],[3.5211,48.6377],[3.5253,48.6402],[3.5292,48.6451],[3.5336,48.6465],[3.5286,48.6459],[3.5176,48.6435],[3.5104,48.6441],[3.5019,48.6456],[3.4985,48.6472],[3.4923,48.6475],[3.4894,48.6466],[3.4856,48.6419],[3.4801,48.6393],[3.471,48.6363],[3.4679,48.6367],[3.4583,48.6346],[3.4565,48.6338],[3.4515,48.6345],[3.4536,48.6362],[3.452,48.6379],[3.4536,48.6407],[3.4558,48.6414],[3.4562,48.6457],[3.4592,48.6497],[3.4606,48.653],[3.4548,48.6564],[3.4509,48.6575],[3.4459,48.6621],[3.4428,48.6622],[3.4406,48.6637],[3.4464,48.6669],[3.4427,48.6723],[3.4469,48.6749],[3.4476,48.6772],[3.4511,48.68],[3.4561,48.6829],[3.4645,48.686],[3.4714,48.6857],[3.4734,48.6888],[3.4727,48.6913],[3.4705,48.6938],[3.4724,48.6978],[3.4778,48.6979],[3.473,48.7015],[3.47,48.7012],[3.4692,48.7034],[3.4639,48.7072],[3.4668,48.7088],[3.465,48.7118],[3.4676,48.7161],[3.468,48.7188],[3.4671,48.7231],[3.4666,48.7289],[3.4673,48.7342],[3.4697,48.7379],[3.4674,48.7386],[3.465,48.738],[3.4552,48.7381],[3.4471,48.7364],[3.4442,48.7368],[3.4389,48.7404],[3.436,48.7436],[3.4377,48.7467],[3.4365,48.7532],[3.4308,48.7564],[3.4285,48.7584],[3.4259,48.7546],[3.4235,48.754],[3.4142,48.7547],[3.4119,48.7532],[3.4082,48.7524],[3.3991,48.7549],[3.3959,48.7593],[3.3979,48.7636],[3.4028,48.77],[3.4079,48.7788],[3.4094,48.7837],[3.4131,48.7831],[3.4146,48.7845],[3.4214,48.7843],[3.4245,48.7826],[3.4271,48.78],[3.4328,48.7803],[3.436,48.7844],[3.4402,48.7841],[3.4428,48.7859],[3.4427,48.7883],[3.4436,48.7907],[3.4419,48.7921],[3.442,48.7955],[3.4399,48.799],[3.4421,48.8037],[3.4383,48.8046],[3.4341,48.8027],[3.4231,48.8007],[3.4199,48.8034],[3.4146,48.8031],[3.4113,48.8037],[3.4045,48.8091],[3.4053,48.8102],[3.4163,48.818],[3.421,48.8158],[3.4317,48.8123],[3.4363,48.8118],[3.4412,48.8131],[3.4412,48.8115],[3.4468,48.8123],[3.4481,48.811],[3.4515,48.8131],[3.4605,48.8154],[3.4594,48.818],[3.4652,48.8189],[3.4699,48.8211],[3.4746,48.8192],[3.474,48.8182],[3.4774,48.8143],[3.4808,48.8122],[3.487,48.8151],[3.4863,48.8163],[3.4852,48.8252],[3.4886,48.8315],[3.4913,48.8346],[3.4905,48.8387],[3.4877,48.8432],[3.4864,48.8472],[3.4867,48.8493],[3.485,48.8518],[3.4869,48.8573],[3.4836,48.8614],[3.4835,48.8635],[3.4814,48.8662],[3.4847,48.8665],[3.4919,48.8686],[3.4984,48.8698],[3.503,48.8714],[3.5028,48.8741],[3.509,48.8853],[3.5096,48.8894],[3.5083,48.8905],[3.5131,48.8952],[3.5156,48.8967],[3.5201,48.9015],[3.5208,48.9051],[3.5222,48.9056],[3.5287,48.9122],[3.5311,48.9129],[3.5325,48.9105],[3.5431,48.9154],[3.5474,48.916],[3.5495,48.913],[3.56,48.917],[3.5642,48.9118],[3.5666,48.9141],[3.5707,48.915],[3.5725,48.9186],[3.5764,48.9233],[3.5734,48.9247],[3.573,48.9287],[3.5746,48.934],[3.5747,48.9392],[3.5822,48.9411],[3.5902,48.9443],[3.5934,48.9447],[3.6029,48.944],[3.5994,48.9513],[3.6018,48.9535],[3.5938,48.9576],[3.5914,48.9605],[3.5988,48.9643],[3.6013,48.9663],[3.6051,48.964],[3.6106,48.9669],[3.6168,48.9652],[3.6211,48.9661],[3.6225,48.9695],[3.6222,48.9727],[3.6271,48.981],[3.6237,48.9829],[3.636,48.9983],[3.6403,49.0044],[3.6547,49.0038],[3.6607,49.0044],[3.6653,49.0056],[3.6749,49.0117],[3.6791,49.0182],[3.6738,49.0216],[3.6713,49.0266],[3.6662,49.0332],[3.6642,49.0375],[3.6602,49.0372],[3.6576,49.0381],[3.6549,49.0405],[3.6512,49.041],[3.65,49.0429],[3.645,49.0398],[3.6428,49.0371],[3.6404,49.0393],[3.634,49.0399],[3.6301,49.0396],[3.6169,49.0365],[3.6149,49.0335],[3.6092,49.0337],[3.601,49.0351],[3.5876,49.0338],[3.5851,49.039],[3.5867,49.0415],[3.5859,49.0435],[3.5869,49.0479],[3.5877,49.0594],[3.5904,49.06],[3.5966,49.0605],[3.6021,49.063],[3.6032,49.0644],[3.604,49.0696],[3.6074,49.0719],[3.6098,49.0734],[3.6134,49.0733],[3.6185,49.0713],[3.6238,49.0708],[3.6319,49.0722],[3.6389,49.0775],[3.6393,49.0812],[3.6322,49.0866],[3.6301,49.0903],[3.6276,49.0927],[3.6285,49.0945],[3.6251,49.0985],[3.6228,49.1046],[3.6201,49.1073],[3.6145,49.1142],[3.612,49.1183],[3.6029,49.1146],[3.5997,49.1207],[3.603,49.1215],[3.608,49.1244],[3.6119,49.1287],[3.6099,49.1349],[3.6149,49.1392],[3.6207,49.1394],[3.6189,49.1448],[3.6196,49.1476],[3.6212,49.1498],[3.6244,49.1514],[3.628,49.1515],[3.6316,49.1505],[3.6376,49.1508],[3.6393,49.1492],[3.6512,49.149],[3.6532,49.1485],[3.6602,49.1498],[3.6726,49.1508],[3.6838,49.1545],[3.6888,49.1531],[3.6924,49.1533],[3.6934,49.1519],[3.698,49.1498],[3.698,49.1487],[3.7029,49.1415],[3.7079,49.1432],[3.7064,49.1453],[3.717,49.147],[3.7195,49.1488],[3.7252,49.1515],[3.7396,49.1569],[3.7488,49.1571],[3.7488,49.1586],[3.7485,49.1717],[3.7526,49.1725],[3.7513,49.1778],[3.7451,49.1778],[3.7426,49.1792],[3.7404,49.1777],[3.7301,49.1783],[3.7254,49.1735],[3.7199,49.1756],[3.7142,49.1787],[3.7065,49.1803],[3.7039,49.1815],[3.7069,49.1859],[3.6993,49.1881],[3.6966,49.1941],[3.6999,49.1958],[3.7035,49.1955],[3.7047,49.2007],[3.7006,49.2012],[3.6975,49.2066],[3.6951,49.2051],[3.6929,49.2054],[3.6915,49.2019],[3.6835,49.1974],[3.6814,49.1975],[3.677,49.1998],[3.6775,49.2035],[3.6814,49.2051],[3.6786,49.2069],[3.6708,49.2094],[3.6646,49.2107],[3.6625,49.209],[3.6565,49.2113],[3.6529,49.2155],[3.6563,49.2183],[3.6515,49.2215],[3.6559,49.221],[3.661,49.2231],[3.6629,49.2219],[3.6657,49.223],[3.6704,49.228],[3.6688,49.2317],[3.6783,49.2352],[3.675,49.2401],[3.6708,49.2396],[3.668,49.242],[3.6698,49.2434],[3.6659,49.2464],[3.6669,49.2472],[3.6638,49.2536],[3.6614,49.2555],[3.6623,49.2575],[3.6596,49.2581],[3.6582,49.2606],[3.6548,49.2562],[3.6532,49.2576],[3.6554,49.2612],[3.6553,49.263],[3.6586,49.2673],[3.6651,49.2694],[3.6616,49.2701],[3.6588,49.273],[3.6516,49.2784],[3.6526,49.2828],[3.659,49.2868],[3.6576,49.2871],[3.6559,49.2911],[3.6498,49.2932],[3.6418,49.2966],[3.6382,49.3012],[3.6436,49.303],[3.6433,49.3082],[3.6439,49.3127],[3.6476,49.316],[3.6541,49.3164],[3.6561,49.3175],[3.6652,49.3198],[3.6694,49.3251],[3.6716,49.3245],[3.6774,49.3246],[3.6875,49.3271],[3.6933,49.3288],[3.6991,49.3322],[3.7119,49.3338],[3.7211,49.3358],[3.731,49.3356],[3.7364,49.3359],[3.7422,49.3368],[3.7408,49.3476],[3.7465,49.3482],[3.7519,49.3488],[3.7577,49.3477],[3.7627,49.3511],[3.7651,49.3509],[3.772,49.3533],[3.7777,49.356],[3.7796,49.352],[3.7854,49.3541],[3.7891,49.3548],[3.7932,49.3567],[3.7963,49.3579],[3.8022,49.3589],[3.81,49.358],[3.8141,49.3571],[3.8239,49.3574],[3.8241,49.354],[3.8329,49.3502],[3.8412,49.3488],[3.8456,49.3468],[3.8528,49.345],[3.8574,49.3488],[3.8551,49.3495],[3.8587,49.3541],[3.8554,49.3578],[3.8486,49.3619],[3.8479,49.3644],[3.8507,49.3636],[3.8561,49.3642],[3.8533,49.3673],[3.8561,49.3683],[3.8588,49.3708],[3.8595,49.3747],[3.8564,49.3812],[3.8597,49.3818],[3.858,49.3845],[3.8599,49.3862],[3.8542,49.3884],[3.8495,49.3877],[3.8466,49.3888],[3.8449,49.3916],[3.8396,49.391],[3.8375,49.3965],[3.8292,49.4001],[3.8235,49.4004],[3.8226,49.4025],[3.8314,49.4028],[3.8463,49.4005],[3.8464,49.4033],[3.8516,49.4011],[3.8561,49.4012],[3.8584,49.4031],[3.8624,49.4045],[3.8684,49.4065],[3.8739,49.4047],[3.8784,49.4056],[3.8819,49.4051],[3.8851,49.4021],[3.8934,49.3991],[3.8932,49.397],[3.8957,49.3929],[3.9026,49.3941],[3.9098,49.3948],[3.9132,49.3979],[3.9149,49.3983],[3.9155,49.4033],[3.9209,49.4046],[3.9249,49.4065],[3.9247,49.4078],[3.932,49.4029],[3.9318,49.4007],[3.9347,49.3984],[3.9461,49.3876],[3.9533,49.3843],[3.9556,49.3819],[3.9615,49.3773],[3.9725,49.3794],[3.9772,49.3795],[3.9867,49.379],[3.9951,49.3783],[3.9965,49.3718],[3.999,49.3724],[4.0006,49.3689],[4.0033,49.3685],[4.0071,49.3698],[4.012,49.3616],[4.0127,49.3583],[4.0177,49.3584],[4.0178,49.3604],[4.0232,49.3604],[4.0315,49.3592],[4.0358,49.3599],[4.038,49.3796],[4.0371,49.3842],[4.0389,49.3879],[4.04,49.3974],[4.0419,49.3976],[4.0426,49.4009],[4.0447,49.4007],[4.0449,49.4044],[4.0482,49.4056],[4.0503,49.4123],[4.0496,49.4156],[4.0472,49.4176],[4.0424,49.4167],[4.0433,49.4251],[4.0438,49.4287],[4.0405,49.4299],[4.0399,49.4328],[4.0372,49.4382],[4.0402,49.4405],[4.0429,49.4414],[4.0442,49.4439],[4.0475,49.4457],[4.0492,49.4477],[4.0519,49.4468],[4.0536,49.4442],[4.0569,49.4463],[4.0613,49.447],[4.0645,49.4456],[4.0656,49.4482],[4.0628,49.4482],[4.0607,49.4515],[4.0579,49.4511],[4.0556,49.4557],[4.0537,49.4574],[4.0546,49.459],[4.0521,49.4605],[4.0508,49.463],[4.0487,49.4632],[4.0473,49.4665],[4.0441,49.4665],[4.0416,49.4708],[4.0416,49.4808],[4.0416,49.4843],[4.0408,49.4956],[4.0401,49.5054],[4.0407,49.5086],[4.0486,49.5087],[4.0572,49.5082],[4.0569,49.5105],[4.0619,49.5127],[4.0605,49.5153],[4.0568,49.5186],[4.0563,49.5211],[4.0654,49.5236],[4.0716,49.5172],[4.0758,49.5183],[4.0749,49.522],[4.0731,49.5233],[4.077,49.5246],[4.0775,49.5283],[4.0762,49.5347],[4.0769,49.5357],[4.0752,49.5416],[4.0669,49.5436],[4.0649,49.5434],[4.0573,49.545],[4.0487,49.5454],[4.0502,49.551],[4.0527,49.5507],[4.0542,49.5528],[4.0585,49.5525],[4.0599,49.5539],[4.0605,49.5586],[4.0627,49.561],[4.0673,49.5628],[4.072,49.5658],[4.0748,49.5658],[4.0768,49.5707],[4.0708,49.5723],[4.0674,49.5726],[4.0659,49.5708],[4.0622,49.5731],[4.0596,49.5759],[4.0595,49.5789],[4.0623,49.5851],[4.0618,49.5888],[4.0578,49.5884],[4.0591,49.593],[4.0646,49.592],[4.0661,49.5943],[4.0602,49.5963],[4.0592,49.5946],[4.054,49.5952],[4.0523,49.6001],[4.0472,49.5996],[4.0382,49.609],[4.0316,49.6141],[4.0271,49.6179],[4.0245,49.6212],[4.0275,49.6227],[4.0379,49.623],[4.0398,49.6259],[4.0381,49.6282],[4.0423,49.6297],[4.0437,49.6331],[4.0403,49.6337],[4.0411,49.6383],[4.0482,49.6378],[4.0509,49.6345],[4.0557,49.6343],[4.0582,49.6358],[4.062,49.636],[4.0654,49.6374],[4.069,49.6375],[4.071,49.6353],[4.0757,49.6353],[4.0806,49.6342],[4.0821,49.6315],[4.0863,49.6293],[4.0872,49.6308],[4.0992,49.6284],[4.1022,49.6326],[4.1081,49.6337],[4.1095,49.6321],[4.1157,49.6329],[4.1149,49.6348],[4.1191,49.6385],[4.1164,49.639],[4.1177,49.6413],[4.1198,49.6427],[4.1229,49.6483],[4.1255,49.6511],[4.123,49.6544],[4.1221,49.6582],[4.1262,49.6732],[4.127,49.6779],[4.1297,49.678],[4.1369,49.6759],[4.1368,49.6781],[4.1397,49.6785],[4.1432,49.6766],[4.1488,49.6779],[4.1431,49.6875],[4.144,49.6886],[4.1511,49.6909],[4.1647,49.6943],[4.1702,49.6954],[4.1728,49.6967],[4.1783,49.697],[4.1787,49.6981],[4.1852,49.6989],[4.1845,49.7013],[4.1848,49.7039],[4.19,49.7086],[4.1925,49.7121],[4.1912,49.7163],[4.1938,49.7161],[4.1976,49.7176],[4.1997,49.7199],[4.2034,49.721],[4.2047,49.7225],[4.2075,49.7239],[4.2138,49.7237],[4.2158,49.7247],[4.2249,49.7276],[4.2273,49.731],[4.2259,49.7324],[4.2269,49.7424],[4.229,49.7464],[4.2312,49.7475],[4.2324,49.7488],[4.2383,49.7519],[4.2469,49.7548],[4.2496,49.7571],[4.2447,49.7592],[4.2422,49.7621],[4.2428,49.7671],[4.2381,49.7674],[4.2316,49.7702],[4.2286,49.7731],[4.2201,49.7731],[4.2139,49.7711],[4.2118,49.7749],[4.2074,49.7763],[4.2059,49.7782],[4.2076,49.7811],[4.21,49.7821],[4.2178,49.785],[4.2241,49.7888],[4.2268,49.7936],[4.219,49.8003],[4.2217,49.8045],[4.2143,49.8061],[4.2196,49.8143],[4.2187,49.817],[4.2205,49.8208],[4.2208,49.8254],[4.2236,49.8341],[4.2267,49.8362],[4.2298,49.836],[4.2293,49.839],[4.2316,49.842],[4.2315,49.8458],[4.233,49.8484],[4.2403,49.8506],[4.2444,49.8526],[4.2488,49.8567],[4.2499,49.8631],[4.2528,49.8696],[4.2527,49.8768],[4.2536,49.8811],[4.254,49.8871],[4.2512,49.8878],[4.2518,49.8916],[4.2558,49.904],[4.2456,49.9022],[4.243,49.9032],[4.2331,49.9046],[4.2334,49.9094],[4.2223,49.9104],[4.217,49.9144],[4.2197,49.9238],[4.2203,49.9301],[4.2199,49.9329],[4.2207,49.9372],[4.2246,49.943],[4.2294,49.9457],[4.232,49.9525],[4.2321,49.956],[4.2332,49.9578],[4.2393,49.9591],[4.2416,49.9614],[4.2464,49.9623],[4.2513,49.9621],[4.2554,49.9638],[4.2637,49.964],[4.2681,49.9653],[4.2714,49.9654],[4.276,49.9643],[4.2801,49.965],[4.2818,49.9641],[4.2972,49.9647],[4.307,49.9692],[4.3095,49.9695],[4.3123,49.9673],[4.3175,49.965],[4.3276,49.9627],[4.3343,49.9638],[4.338,49.962],[4.341,49.959],[4.3454,49.9567],[4.3498,49.9525],[4.3639,49.9527],[4.372,49.9513],[4.3798,49.9533],[4.3838,49.9512],[4.389,49.9497],[4.3905,49.9478],[4.3958,49.949],[4.3991,49.9484],[4.4008,49.9492],[4.4055,49.9491],[4.4089,49.948],[4.4231,49.9452],[4.4304,49.9423],[4.4358,49.9407],[4.4412,49.941],[4.4455,49.9372],[4.4812,49.9481],[4.4864,49.9462],[4.4952,49.9486],[4.5115,49.9468],[4.515,49.95],[4.5187,49.9517],[4.5235,49.9504],[4.5248,49.9537],[4.5289,49.958],[4.5305,49.9587],[4.5323,49.9621],[4.5391,49.9664],[4.5414,49.9695],[4.5498,49.9683],[4.5646,49.9704],[4.5702,49.974],[4.5737,49.9767],[4.5735,49.9799],[4.5763,49.9811],[4.5819,49.9836],[4.589,49.9843],[4.5935,49.9857],[4.6003,49.9863],[4.604,49.9854],[4.6137,49.9862],[4.6239,49.9862],[4.6296,49.9879],[4.6323,49.987],[4.6378,49.9893],[4.6418,49.9895],[4.6523,49.9925],[4.6589,49.9939],[4.6632,49.9938],[4.6667,49.9967],[4.6712,49.9971],[4.6776,49.9955],[4.6801,49.9966],[4.6848,49.9967],[4.6881,49.9956],[4.6933,49.9954],[4.6942,49.9962],[4.6877,50.0006],[4.687,50.0048],[4.6851,50.0081],[4.6889,50.0113],[4.6861,50.0139],[4.6865,50.0189],[4.6857,50.0211],[4.687,50.0251],[4.6846,50.0271],[4.6881,50.0286],[4.6893,50.0324],[4.6912,50.0344],[4.6921,50.0381],[4.6966,50.0425],[4.6952,50.0473],[4.6965,50.0496],[4.7,50.0529],[4.6971,50.0551],[4.6968,50.0591],[4.6919,50.0574],[4.686,50.0574],[4.6856,50.0606],[4.6832,50.0648],[4.6795,50.0668],[4.6805,50.0685],[4.6857,50.07],[4.6883,50.0726],[4.6879,50.0764],[4.6923,50.0843],[4.6946,50.0852],[4.7021,50.0956],[4.704,50.0963],[4.7133,50.0969],[4.7159,50.1009],[4.7196,50.1018],[4.7517,50.1119]]]}},{"type":"Feature","properties":{"code":"52","nom":"Pays de la Loire","analysis_region_code":"52"},"geometry":{"type":"MultiPolygon","coordinates":[[[[-2.4231,47.4772],[-2.4195,47.4732],[-2.4197,47.471],[-2.4231,47.4684],[-2.4182,47.4671],[-2.4169,47.464],[-2.4166,47.4601],[-2.4142,47.46],[-2.4054,47.4574],[-2.3983,47.4559],[-2.3893,47.4571],[-2.3834,47.4599],[-2.384,47.4621],[-2.381,47.463],[-2.3776,47.4628],[-2.371,47.4634],[-2.3682,47.4643],[-2.3648,47.4609],[-2.3598,47.4572],[-2.3532,47.4544],[-2.3496,47.4578],[-2.3461,47.4576],[-2.344,47.4587],[-2.34,47.4584],[-2.3383,47.4596],[-2.3275,47.4597],[-2.3174,47.4611],[-2.3117,47.4651],[-2.3129,47.4685],[-2.3128,47.4721],[-2.3144,47.4763],[-2.3133,47.4787],[-2.3138,47.4822],[-2.3131,47.4859],[-2.3094,47.4887],[-2.3041,47.4915],[-2.3018,47.4976],[-2.299,47.5004],[-2.2991,47.5044],[-2.2968,47.5092],[-2.2968,47.5133],[-2.2985,47.5159],[-2.297,47.5158],[-2.2941,47.514],[-2.2871,47.5132],[-2.2817,47.51],[-2.2768,47.5112],[-2.2743,47.5127],[-2.2708,47.5108],[-2.2666,47.5105],[-2.2658,47.5119],[-2.2613,47.5138],[-2.2577,47.5119],[-2.2549,47.5116],[-2.255,47.5083],[-2.2572,47.5052],[-2.2603,47.5045],[-2.2656,47.5018],[-2.2438,47.4939],[-2.2368,47.4967],[-2.2292,47.4989],[-2.2286,47.5004],[-2.2228,47.5023],[-2.2223,47.5048],[-2.2172,47.5058],[-2.215,47.5085],[-2.2112,47.5088],[-2.2078,47.5102],[-2.1985,47.5112],[-2.1877,47.5125],[-2.1846,47.5122],[-2.1864,47.5064],[-2.1844,47.505],[-2.1836,47.5018],[-2.1887,47.5],[-2.1925,47.5001],[-2.1922,47.4967],[-2.1898,47.4943],[-2.1812,47.4911],[-2.1731,47.4921],[-2.1678,47.4907],[-2.1642,47.4892],[-2.1633,47.4908],[-2.1568,47.496],[-2.1543,47.4964],[-2.1547,47.5027],[-2.1542,47.5078],[-2.1529,47.5105],[-2.1549,47.5147],[-2.156,47.522],[-2.1513,47.5227],[-2.144,47.5251],[-2.135,47.5258],[-2.1306,47.5275],[-2.1324,47.5299],[-2.1282,47.5297],[-2.1237,47.5285],[-2.1188,47.5281],[-2.1145,47.5285],[-2.1078,47.5308],[-2.0988,47.5335],[-2.0984,47.5383],[-2.0969,47.5407],[-2.0983,47.5423],[-2.103,47.545],[-2.1048,47.5489],[-2.101,47.5534],[-2.1014,47.5561],[-2.1001,47.559],[-2.1001,47.5615],[-2.0967,47.5727],[-2.1011,47.5774],[-2.1032,47.5748],[-2.1051,47.5775],[-2.1016,47.5783],[-2.0996,47.5815],[-2.1033,47.5883],[-2.1035,47.5933],[-2.1018,47.5963],[-2.0881,47.6022],[-2.0861,47.6041],[-2.0854,47.6068],[-2.0838,47.6112],[-2.0844,47.613],[-2.084,47.6174],[-2.0851,47.6218],[-2.0865,47.6241],[-2.091,47.6286],[-2.0967,47.6317],[-2.0916,47.6382],[-2.0908,47.6421],[-2.0867,47.6441],[-2.0839,47.6483],[-2.0815,47.6501],[-2.074,47.6519],[-2.0674,47.6497],[-2.0617,47.65],[-2.054,47.6493],[-2.0512,47.6499],[-2.0511,47.6528],[-2.0481,47.658],[-2.0496,47.6618],[-2.0471,47.6641],[-2.0431,47.6657],[-2.0389,47.6697],[-2.0289,47.667],[-2.0189,47.6672],[-2.0122,47.6665],[-2.0068,47.6729],[-2.0019,47.674],[-1.9996,47.6758],[-1.9945,47.6775],[-1.9872,47.6817],[-1.9845,47.6849],[-1.9817,47.6858],[-1.9827,47.6876],[-1.9804,47.6888],[-1.9779,47.6917],[-1.9736,47.6944],[-1.9726,47.6941],[-1.9721,47.6918],[-1.969,47.6897],[-1.9687,47.6798],[-1.9695,47.6736],[-1.9668,47.6718],[-1.9613,47.671],[-1.9565,47.6712],[-1.9539,47.6721],[-1.9418,47.6839],[-1.9351,47.6871],[-1.9237,47.6894],[-1.9172,47.6914],[-1.9119,47.6917],[-1.909,47.6931],[-1.8953,47.6961],[-1.8916,47.6963],[-1.8893,47.6953],[-1.8849,47.6959],[-1.8828,47.6952],[-1.878,47.6954],[-1.8715,47.7],[-1.8658,47.703],[-1.8648,47.7065],[-1.8621,47.7077],[-1.8566,47.7084],[-1.8534,47.7083],[-1.8403,47.7055],[-1.8379,47.7069],[-1.8348,47.7083],[-1.8293,47.7094],[-1.8256,47.7085],[-1.8204,47.7047],[-1.8168,47.7058],[-1.8126,47.7044],[-1.8042,47.7032],[-1.8023,47.7014],[-1.7965,47.7008],[-1.7899,47.7021],[-1.7857,47.6998],[-1.7807,47.6998],[-1.7711,47.6983],[-1.7633,47.702],[-1.7596,47.7046],[-1.7571,47.7046],[-1.752,47.7076],[-1.7451,47.7068],[-1.7432,47.7052],[-1.7375,47.7048],[-1.7327,47.7017],[-1.7294,47.6992],[-1.7213,47.6985],[-1.7176,47.6999],[-1.7137,47.6994],[-1.7086,47.7015],[-1.7036,47.7005],[-1.7046,47.7081],[-1.7073,47.7144],[-1.7037,47.7147],[-1.6954,47.7141],[-1.693,47.7123],[-1.6888,47.7134],[-1.6853,47.713],[-1.6831,47.7114],[-1.6744,47.7123],[-1.6734,47.7117],[-1.665,47.7127],[-1.662,47.7115],[-1.6607,47.7092],[-1.6566,47.71],[-1.6547,47.7124],[-1.6557,47.7153],[-1.6524,47.7173],[-1.6499,47.7177],[-1.6483,47.721],[-1.6443,47.7221],[-1.6382,47.7223],[-1.6399,47.7261],[-1.637,47.7381],[-1.6365,47.7424],[-1.6335,47.7434],[-1.6328,47.7458],[-1.6283,47.7522],[-1.6262,47.7583],[-1.6273,47.7597],[-1.6237,47.7621],[-1.6232,47.7635],[-1.6198,47.7641],[-1.6162,47.7624],[-1.6136,47.7644],[-1.6099,47.7645],[-1.6074,47.763],[-1.6046,47.7629],[-1.5982,47.7665],[-1.5939,47.7672],[-1.5942,47.7685],[-1.5984,47.7697],[-1.5943,47.7726],[-1.594,47.7757],[-1.59,47.7764],[-1.5861,47.7796],[-1.5823,47.7783],[-1.5754,47.7783],[-1.571,47.7786],[-1.5691,47.7796],[-1.5654,47.7787],[-1.5628,47.7812],[-1.5565,47.7843],[-1.5533,47.7851],[-1.5501,47.7829],[-1.543,47.7831],[-1.5384,47.7841],[-1.5291,47.7848],[-1.5231,47.7904],[-1.5208,47.7934],[-1.5124,47.7972],[-1.5029,47.8015],[-1.5028,47.8],[-1.4996,47.7984],[-1.491,47.7982],[-1.489,47.7994],[-1.4841,47.8007],[-1.474,47.8018],[-1.4706,47.8038],[-1.4686,47.806],[-1.4669,47.8073],[-1.4672,47.8098],[-1.4699,47.8125],[-1.4697,47.8147],[-1.474,47.8198],[-1.474,47.8231],[-1.4774,47.8269],[-1.4814,47.8283],[-1.4828,47.8316],[-1.4799,47.8352],[-1.4755,47.8352],[-1.4751,47.8337],[-1.4717,47.833],[-1.4675,47.8338],[-1.4627,47.8359],[-1.4609,47.8354],[-1.46,47.8328],[-1.4571,47.8311],[-1.4527,47.8315],[-1.4487,47.8327],[-1.4439,47.8324],[-1.4397,47.8305],[-1.437,47.8308],[-1.4289,47.833],[-1.4235,47.8328],[-1.4214,47.8315],[-1.4177,47.8274],[-1.4146,47.8275],[-1.413,47.8288],[-1.4095,47.8274],[-1.4055,47.8244],[-1.4012,47.8261],[-1.3985,47.8291],[-1.3935,47.8293],[-1.3884,47.8275],[-1.3819,47.8236],[-1.3805,47.8212],[-1.3803,47.8181],[-1.3778,47.8166],[-1.3767,47.814],[-1.378,47.81],[-1.3739,47.8082],[-1.3647,47.8066],[-1.3626,47.8035],[-1.3651,47.7991],[-1.3591,47.7981],[-1.3538,47.7979],[-1.34,47.7952],[-1.3373,47.7947],[-1.3249,47.7922],[-1.3182,47.7923],[-1.3021,47.7891],[-1.2906,47.7857],[-1.2687,47.7812],[-1.2583,47.7797],[-1.2461,47.7767],[-1.2444,47.7795],[-1.2446,47.7817],[-1.2413,47.7904],[-1.2408,47.7935],[-1.2375,47.7957],[-1.2366,47.7985],[-1.2402,47.8023],[-1.2399,47.8066],[-1.2426,47.8078],[-1.2381,47.8098],[-1.2337,47.8169],[-1.2354,47.818],[-1.2318,47.8204],[-1.2265,47.8205],[-1.2229,47.8193],[-1.2201,47.821],[-1.2225,47.8227],[-1.2214,47.8263],[-1.2169,47.8303],[-1.216,47.8361],[-1.2153,47.8366],[-1.2138,47.8443],[-1.2147,47.847],[-1.2181,47.8489],[-1.2216,47.8494],[-1.2229,47.8524],[-1.219,47.8543],[-1.2158,47.8574],[-1.213,47.8573],[-1.2102,47.8573],[-1.2065,47.8587],[-1.2031,47.8569],[-1.199,47.8607],[-1.1973,47.8638],[-1.1913,47.8658],[-1.189,47.8679],[-1.1889,47.8707],[-1.1903,47.874],[-1.1942,47.8766],[-1.1967,47.8773],[-1.1985,47.8823],[-1.1974,47.8838],[-1.1968,47.8891],[-1.192,47.8913],[-1.1879,47.8924],[-1.1819,47.8921],[-1.1807,47.895],[-1.176,47.8975],[-1.1771,47.9018],[-1.1762,47.9049],[-1.1768,47.9074],[-1.1753,47.912],[-1.1717,47.9125],[-1.1682,47.9163],[-1.1686,47.9181],[-1.1657,47.9248],[-1.1634,47.9276],[-1.1644,47.9302],[-1.1665,47.9312],[-1.1673,47.9341],[-1.1658,47.9369],[-1.1604,47.9385],[-1.16,47.9394],[-1.1622,47.9446],[-1.1612,47.9478],[-1.1616,47.9528],[-1.1589,47.9542],[-1.1605,47.9576],[-1.1585,47.9589],[-1.1561,47.9628],[-1.1566,47.9642],[-1.1491,47.9672],[-1.1486,47.9681],[-1.1415,47.9674],[-1.1373,47.9699],[-1.1361,47.9681],[-1.1325,47.9685],[-1.1326,47.9712],[-1.1253,47.9716],[-1.1278,47.9748],[-1.125,47.977],[-1.1245,47.9795],[-1.1275,47.9802],[-1.1283,47.9817],[-1.1252,47.983],[-1.1264,47.9856],[-1.1245,47.9869],[-1.1199,47.9858],[-1.114,47.9888],[-1.1107,47.9879],[-1.108,47.9893],[-1.0988,47.9886],[-1.0978,47.9866],[-1.093,47.9876],[-1.0837,47.9862],[-1.0816,47.9845],[-1.0789,47.9845],[-1.0719,47.9819],[-1.0682,47.9831],[-1.0651,47.9849],[-1.0623,47.9851],[-1.0527,47.9844],[-1.0454,47.9858],[-1.0456,47.9878],[-1.0382,47.9916],[-1.0304,47.9926],[-1.0282,47.9937],[-1.0227,47.9942],[-1.0199,47.9971],[-1.0198,48.0009],[-1.017,48.002],[-1.019,48.005],[-1.0166,48.0081],[-1.0183,48.013],[-1.0214,48.0176],[-1.0249,48.0203],[-1.0349,48.0334],[-1.0329,48.0335],[-1.0297,48.0359],[-1.0294,48.0382],[-1.0273,48.0394],[-1.0302,48.0434],[-1.0266,48.0456],[-1.0287,48.048],[-1.0319,48.0495],[-1.0336,48.053],[-1.032,48.0569],[-1.0281,48.0592],[-1.0283,48.0606],[-1.0284,48.0632],[-1.0266,48.0655],[-1.0214,48.0684],[-1.0254,48.0699],[-1.0342,48.0754],[-1.0405,48.0781],[-1.0446,48.0823],[-1.0493,48.0897],[-1.0507,48.0949],[-1.0507,48.1011],[-1.0518,48.1051],[-1.0531,48.1061],[-1.0547,48.1094],[-1.0549,48.1134],[-1.054,48.117],[-1.0565,48.1194],[-1.0569,48.1222],[-1.0594,48.1257],[-1.0583,48.1316],[-1.0601,48.1335],[-1.0611,48.1368],[-1.0603,48.1502],[-1.0631,48.1543],[-1.0642,48.1608],[-1.0688,48.1594],[-1.0744,48.1593],[-1.0728,48.1616],[-1.0737,48.1642],[-1.0728,48.1658],[-1.0773,48.167],[-1.0785,48.1691],[-1.075,48.1706],[-1.0758,48.1734],[-1.08,48.1747],[-1.0803,48.1776],[-1.0786,48.18],[-1.0797,48.1839],[-1.0774,48.1869],[-1.0777,48.1902],[-1.0767,48.1966],[-1.0737,48.2],[-1.078,48.2036],[-1.0817,48.2048],[-1.0815,48.2067],[-1.0861,48.2084],[-1.0872,48.2101],[-1.0844,48.2118],[-1.0848,48.2136],[-1.0825,48.2151],[-1.0824,48.2176],[-1.0807,48.2196],[-1.0845,48.2208],[-1.0842,48.2269],[-1.0863,48.2307],[-1.0913,48.2322],[-1.0902,48.2391],[-1.0937,48.2407],[-1.0926,48.2425],[-1.0945,48.2463],[-1.0993,48.2501],[-1.0987,48.2557],[-1.1,48.2582],[-1.0992,48.2604],[-1.102,48.2627],[-1.1,48.2685],[-1.0975,48.2713],[-1.0936,48.2729],[-1.0926,48.2751],[-1.0934,48.2776],[-1.0927,48.2827],[-1.0908,48.2852],[-1.0904,48.2894],[-1.0865,48.2907],[-1.0829,48.2976],[-1.0703,48.3059],[-1.0661,48.3094],[-1.0614,48.3112],[-1.0613,48.3115],[-1.0553,48.3185],[-1.0532,48.3219],[-1.0513,48.3222],[-1.0486,48.3254],[-1.0451,48.3278],[-1.0462,48.3302],[-1.0505,48.3358],[-1.0537,48.338],[-1.056,48.3411],[-1.057,48.345],[-1.0602,48.3491],[-1.0597,48.3529],[-1.0606,48.3551],[-1.059,48.3594],[-1.0554,48.3621],[-1.0557,48.3647],[-1.0589,48.367],[-1.0645,48.367],[-1.0646,48.3699],[-1.0581,48.3747],[-1.0571,48.3791],[-1.0542,48.3791],[-1.053,48.381],[-1.0543,48.3843],[-1.0581,48.3884],[-1.0585,48.3902],[-1.063,48.3945],[-1.0623,48.397],[-1.0637,48.3995],[-1.0672,48.4016],[-1.0687,48.4055],[-1.0704,48.4075],[-1.0745,48.4091],[-1.0779,48.4129],[-1.0801,48.4142],[-1.0805,48.4169],[-1.0789,48.4183],[-1.0781,48.4222],[-1.0782,48.4245],[-1.0813,48.4291],[-1.0829,48.4348],[-1.0808,48.4389],[-1.0812,48.4412],[-1.0714,48.4478],[-1.0678,48.4492],[-1.0652,48.4514],[-1.0664,48.4527],[-1.0652,48.4564],[-1.0671,48.4602],[-1.0639,48.4673],[-1.0682,48.4707],[-1.0712,48.4694],[-1.0716,48.4734],[-1.074,48.4739],[-1.0754,48.4774],[-1.0751,48.482],[-1.07,48.4855],[-1.0738,48.4878],[-1.0764,48.4876],[-1.0785,48.4895],[-1.0782,48.4918],[-1.0762,48.4935],[-1.0763,48.4974],[-1.0754,48.501],[-1.0703,48.5027],[-1.0669,48.5048],[-1.0701,48.5088],[-1.0665,48.5107],[-1.0616,48.5109],[-1.0632,48.5134],[-1.0612,48.5156],[-1.0596,48.5142],[-1.056,48.5132],[-1.0543,48.5099],[-1.0523,48.5091],[-1.049,48.5102],[-1.0479,48.5076],[-1.0457,48.5064],[-1.041,48.5064],[-1.0381,48.5051],[-1.0358,48.5017],[-1.0322,48.5018],[-1.0256,48.4982],[-1.0234,48.499],[-1.0212,48.4976],[-1.0209,48.4954],[-1.0182,48.4955],[-1.0169,48.4921],[-1.0147,48.4935],[-1.0117,48.493],[-1.0094,48.4925],[-1.0075,48.4904],[-1.0029,48.4891],[-0.9989,48.4898],[-0.9961,48.4924],[-0.99,48.4938],[-0.9864,48.4939],[-0.9827,48.4929],[-0.9768,48.493],[-0.9727,48.4943],[-0.9709,48.4959],[-0.9714,48.5008],[-0.9666,48.5],[-0.9624,48.5036],[-0.9624,48.507],[-0.9644,48.5111],[-0.9633,48.5129],[-0.9581,48.5152],[-0.9554,48.5173],[-0.9524,48.5168],[-0.9463,48.5141],[-0.9445,48.5146],[-0.942,48.515],[-0.9335,48.515],[-0.9271,48.5132],[-0.9238,48.5134],[-0.9205,48.5098],[-0.9225,48.5078],[-0.9233,48.5044],[-0.918,48.5003],[-0.9105,48.4993],[-0.909,48.4966],[-0.9046,48.4961],[-0.8991,48.4978],[-0.8958,48.4949],[-0.8937,48.4945],[-0.8921,48.4967],[-0.8838,48.4977],[-0.8809,48.4994],[-0.8746,48.5001],[-0.8699,48.4982],[-0.8671,48.4987],[-0.8603,48.5015],[-0.8505,48.4976],[-0.8479,48.4994],[-0.8444,48.4963],[-0.8418,48.4956],[-0.8377,48.4845],[-0.8342,48.4838],[-0.8315,48.4811],[-0.8305,48.4788],[-0.8263,48.479],[-0.8272,48.4767],[-0.824,48.475],[-0.8211,48.4761],[-0.8147,48.4722],[-0.8183,48.4686],[-0.8153,48.4677],[-0.8141,48.4642],[-0.8162,48.4625],[-0.8146,48.4594],[-0.8161,48.4585],[-0.8125,48.455],[-0.8085,48.4573],[-0.7987,48.4592],[-0.7991,48.4628],[-0.7965,48.4635],[-0.7955,48.4662],[-0.7847,48.4641],[-0.7819,48.466],[-0.7779,48.4655],[-0.7774,48.461],[-0.7789,48.4573],[-0.7775,48.4555],[-0.7776,48.4516],[-0.7795,48.4492],[-0.7798,48.4461],[-0.7754,48.4458],[-0.774,48.4427],[-0.7713,48.4428],[-0.7669,48.4408],[-0.7651,48.4391],[-0.7646,48.4363],[-0.7591,48.4362],[-0.7565,48.4371],[-0.7522,48.4374],[-0.7477,48.439],[-0.7474,48.4414],[-0.7424,48.442],[-0.7357,48.4446],[-0.7353,48.4457],[-0.7273,48.4448],[-0.7243,48.4462],[-0.7162,48.4483],[-0.7143,48.4503],[-0.715,48.4545],[-0.7178,48.4541],[-0.7211,48.4555],[-0.7255,48.4555],[-0.725,48.4572],[-0.729,48.4599],[-0.7334,48.4601],[-0.736,48.4614],[-0.7371,48.4638],[-0.7352,48.467],[-0.7337,48.4671],[-0.7312,48.4712],[-0.7249,48.4734],[-0.722,48.4704],[-0.7137,48.4692],[-0.7113,48.4705],[-0.7098,48.4734],[-0.7053,48.4757],[-0.7007,48.4749],[-0.6999,48.473],[-0.7038,48.4708],[-0.7018,48.4672],[-0.695,48.4686],[-0.6922,48.4681],[-0.688,48.4696],[-0.6822,48.4709],[-0.6857,48.4748],[-0.6856,48.4772],[-0.6777,48.4788],[-0.6753,48.4807],[-0.6755,48.4832],[-0.6686,48.4835],[-0.6688,48.4865],[-0.6625,48.4841],[-0.6601,48.479],[-0.6631,48.4774],[-0.6569,48.4765],[-0.6557,48.4747],[-0.657,48.4719],[-0.6598,48.4692],[-0.6567,48.4658],[-0.6535,48.4596],[-0.6538,48.454],[-0.654,48.4495],[-0.6557,48.448],[-0.6541,48.4446],[-0.6511,48.4439],[-0.6459,48.4469],[-0.6421,48.4483],[-0.6363,48.4524],[-0.6207,48.4588],[-0.6157,48.4588],[-0.6105,48.4632],[-0.6054,48.4653],[-0.5971,48.4718],[-0.5942,48.4725],[-0.5932,48.4708],[-0.586,48.4721],[-0.5761,48.4704],[-0.5717,48.469],[-0.5677,48.473],[-0.5657,48.477],[-0.5632,48.4758],[-0.5618,48.4731],[-0.5573,48.4721],[-0.5504,48.4739],[-0.5496,48.4803],[-0.5435,48.4834],[-0.5392,48.4842],[-0.5393,48.4863],[-0.5377,48.4904],[-0.5349,48.4916],[-0.5306,48.4951],[-0.5247,48.4962],[-0.5213,48.4952],[-0.5206,48.4973],[-0.5165,48.4981],[-0.5157,48.4999],[-0.5174,48.5031],[-0.5136,48.5045],[-0.5126,48.5071],[-0.5095,48.5089],[-0.5065,48.5065],[-0.4995,48.5075],[-0.5005,48.505],[-0.4931,48.5018],[-0.4884,48.5015],[-0.4883,48.5041],[-0.4847,48.5043],[-0.4832,48.5023],[-0.4783,48.5016],[-0.4736,48.5038],[-0.4739,48.5057],[-0.4719,48.5077],[-0.4684,48.5088],[-0.4707,48.5104],[-0.4695,48.5123],[-0.4626,48.5135],[-0.4582,48.5119],[-0.4503,48.5131],[-0.4477,48.5153],[-0.445,48.5151],[-0.4431,48.5132],[-0.4386,48.5117],[-0.4361,48.5135],[-0.4337,48.5137],[-0.4245,48.5085],[-0.4254,48.5075],[-0.424,48.5069],[-0.4184,48.5074],[-0.4112,48.5065],[-0.4074,48.5056],[-0.4014,48.5083],[-0.3982,48.5087],[-0.3976,48.5106],[-0.3911,48.5087],[-0.3931,48.5011],[-0.3908,48.5007],[-0.3831,48.4968],[-0.3758,48.4962],[-0.3721,48.496],[-0.3666,48.4938],[-0.369,48.4926],[-0.3694,48.4888],[-0.3647,48.4878],[-0.3635,48.4867],[-0.3576,48.4838],[-0.3532,48.4837],[-0.3494,48.4888],[-0.353,48.4922],[-0.3554,48.4927],[-0.3559,48.4957],[-0.354,48.496],[-0.3509,48.5005],[-0.3456,48.5007],[-0.3388,48.5002],[-0.3358,48.502],[-0.3347,48.5056],[-0.3361,48.5095],[-0.3296,48.5137],[-0.328,48.5163],[-0.3255,48.5173],[-0.3252,48.5193],[-0.3201,48.5231],[-0.3121,48.5205],[-0.3089,48.5185],[-0.2935,48.5152],[-0.2854,48.5179],[-0.2863,48.5114],[-0.2852,48.5064],[-0.2806,48.5063],[-0.2774,48.5072],[-0.2715,48.5074],[-0.2711,48.5094],[-0.2672,48.5137],[-0.2678,48.517],[-0.2727,48.5174],[-0.2675,48.5215],[-0.2633,48.5231],[-0.2611,48.5271],[-0.253,48.5263],[-0.2487,48.5289],[-0.2443,48.5348],[-0.2413,48.5366],[-0.2423,48.5387],[-0.2462,48.5427],[-0.2577,48.5463],[-0.2626,48.5483],[-0.2576,48.552],[-0.2511,48.5549],[-0.2463,48.5582],[-0.2488,48.5636],[-0.2462,48.5664],[-0.2426,48.568],[-0.2344,48.5623],[-0.2299,48.5614],[-0.2272,48.5618],[-0.2215,48.5602],[-0.2172,48.558],[-0.2124,48.5631],[-0.2082,48.5642],[-0.2034,48.5593],[-0.1988,48.558],[-0.1962,48.556],[-0.194,48.5548],[-0.1919,48.5517],[-0.19,48.549],[-0.1859,48.5469],[-0.1806,48.545],[-0.1802,48.5418],[-0.1735,48.5414],[-0.1703,48.5373],[-0.1632,48.5353],[-0.1618,48.5337],[-0.1537,48.531],[-0.1503,48.5305],[-0.1444,48.5277],[-0.1445,48.5245],[-0.1459,48.5203],[-0.1494,48.5186],[-0.1551,48.5207],[-0.1589,48.5187],[-0.1618,48.5181],[-0.1652,48.5159],[-0.1662,48.514],[-0.1725,48.5105],[-0.1708,48.5068],[-0.1708,48.5037],[-0.1721,48.5021],[-0.1686,48.5034],[-0.1591,48.4968],[-0.1561,48.496],[-0.1556,48.4902],[-0.1554,48.4869],[-0.1517,48.4839],[-0.1502,48.4797],[-0.1508,48.4752],[-0.1481,48.474],[-0.1496,48.4707],[-0.1495,48.4669],[-0.1506,48.4651],[-0.1491,48.4586],[-0.1467,48.4564],[-0.1379,48.4529],[-0.1249,48.4494],[-0.1183,48.4483],[-0.1118,48.4487],[-0.1084,48.4479],[-0.0934,48.4486],[-0.089,48.4503],[-0.0808,48.4501],[-0.0731,48.4506],[-0.0719,48.4533],[-0.0729,48.4551],[-0.0707,48.4584],[-0.0626,48.4567],[-0.051,48.453],[-0.0513,48.4508],[-0.0491,48.4495],[-0.0498,48.4444],[-0.0523,48.4426],[-0.0516,48.4412],[-0.055,48.4308],[-0.0573,48.4291],[-0.0526,48.425],[-0.0535,48.4228],[-0.0577,48.4209],[-0.0535,48.4164],[-0.0523,48.4132],[-0.0545,48.4106],[-0.0578,48.4085],[-0.0552,48.4072],[-0.0551,48.4037],[-0.0568,48.399],[-0.0563,48.3956],[-0.0539,48.3938],[-0.0525,48.3925],[-0.0539,48.3891],[-0.0577,48.3882],[-0.0571,48.3844],[-0.0549,48.3821],[-0.0549,48.3783],[-0.0516,48.3756],[-0.0497,48.3755],[-0.0515,48.3798],[-0.0434,48.3792],[-0.0412,48.3811],[-0.0358,48.3812],[-0.0351,48.3864],[-0.0279,48.3862],[-0.0255,48.3852],[-0.022,48.3875],[-0.0224,48.3912],[-0.0202,48.3939],[-0.0116,48.3936],[-0.0015,48.3975],[0.0032,48.3962],[0.004,48.3931],[0.0036,48.3888],[0.0068,48.3885],[0.0092,48.3907],[0.011,48.3894],[0.0115,48.3858],[0.0149,48.3836],[0.0151,48.3819],[0.0231,48.3804],[0.0269,48.3811],[0.0314,48.3802],[0.0397,48.3806],[0.0468,48.3813],[0.0579,48.3793],[0.0612,48.3798],[0.0623,48.3829],[0.0592,48.3867],[0.058,48.3896],[0.0554,48.3901],[0.0538,48.3919],[0.0594,48.3963],[0.0631,48.4009],[0.0639,48.4033],[0.0675,48.406],[0.0705,48.4091],[0.0719,48.408],[0.0802,48.4088],[0.0833,48.411],[0.0893,48.4106],[0.0985,48.4107],[0.0999,48.4102],[0.1046,48.4154],[0.1071,48.4194],[0.1104,48.4232],[0.1065,48.4266],[0.1116,48.4325],[0.1174,48.4364],[0.1215,48.4362],[0.1251,48.4345],[0.1284,48.4349],[0.1338,48.437],[0.1381,48.4375],[0.1408,48.4369],[0.1531,48.4379],[0.1561,48.4395],[0.1586,48.4422],[0.1584,48.444],[0.1553,48.4453],[0.1534,48.4473],[0.1487,48.4488],[0.1437,48.4553],[0.1465,48.4577],[0.152,48.4575],[0.1544,48.4566],[0.1579,48.453],[0.1659,48.4498],[0.1713,48.4495],[0.1736,48.4508],[0.1709,48.4535],[0.1694,48.459],[0.1697,48.4617],[0.1734,48.4653],[0.1772,48.4655],[0.1836,48.4647],[0.1843,48.4635],[0.1901,48.4619],[0.1947,48.4636],[0.1988,48.4665],[0.2049,48.4685],[0.204,48.4697],[0.2094,48.4706],[0.2133,48.4735],[0.2179,48.4738],[0.2286,48.4726],[0.2337,48.4731],[0.237,48.4749],[0.2409,48.476],[0.2436,48.474],[0.2488,48.474],[0.2594,48.477],[0.2618,48.4797],[0.2625,48.4828],[0.2655,48.485],[0.2721,48.4825],[0.2726,48.4806],[0.2758,48.4792],[0.2783,48.4809],[0.2836,48.4815],[0.2886,48.4785],[0.2923,48.4787],[0.2961,48.4804],[0.3011,48.4803],[0.3042,48.4751],[0.3062,48.4756],[0.309,48.4726],[0.3118,48.4722],[0.3148,48.4732],[0.3171,48.4714],[0.3215,48.4729],[0.3268,48.4718],[0.3293,48.4683],[0.3382,48.4655],[0.3355,48.4636],[0.3412,48.461],[0.3461,48.4587],[0.3506,48.4589],[0.3527,48.4597],[0.3567,48.4579],[0.3589,48.4558],[0.3584,48.4544],[0.3633,48.4523],[0.3655,48.4482],[0.366,48.4434],[0.3685,48.4416],[0.3678,48.4377],[0.3705,48.4372],[0.3711,48.4346],[0.3733,48.4338],[0.3758,48.4304],[0.3788,48.4265],[0.3826,48.4251],[0.3813,48.422],[0.381,48.4163],[0.3772,48.4135],[0.3733,48.4127],[0.3715,48.4108],[0.3727,48.4083],[0.3726,48.4047],[0.3751,48.399],[0.3744,48.3948],[0.3762,48.3914],[0.3739,48.387],[0.376,48.3843],[0.3787,48.3832],[0.3799,48.3802],[0.3797,48.3763],[0.3807,48.3739],[0.3804,48.3693],[0.3803,48.3664],[0.3826,48.3609],[0.3823,48.3583],[0.3836,48.3527],[0.3865,48.3526],[0.3881,48.349],[0.3876,48.3474],[0.3852,48.347],[0.3841,48.3431],[0.3805,48.3432],[0.3827,48.3339],[0.3908,48.3268],[0.393,48.3226],[0.3957,48.3203],[0.3988,48.3205],[0.404,48.3159],[0.406,48.3148],[0.4091,48.3168],[0.4128,48.3173],[0.4118,48.3208],[0.4155,48.3216],[0.4197,48.3214],[0.4249,48.3178],[0.4277,48.315],[0.4283,48.3106],[0.4313,48.3086],[0.4312,48.3067],[0.4384,48.3065],[0.4428,48.3046],[0.4559,48.3066],[0.4578,48.3053],[0.4633,48.3053],[0.4662,48.306],[0.4737,48.3005],[0.4805,48.2985],[0.4832,48.3029],[0.4873,48.3076],[0.4902,48.3096],[0.4928,48.3058],[0.5007,48.301],[0.5075,48.2953],[0.5061,48.2937],[0.5022,48.2937],[0.4958,48.2883],[0.4931,48.2841],[0.4946,48.282],[0.4968,48.2823],[0.5033,48.2778],[0.5024,48.2756],[0.508,48.2735],[0.5127,48.2677],[0.5168,48.2677],[0.5206,48.2662],[0.5303,48.2655],[0.5326,48.2648],[0.5372,48.2596],[0.5385,48.2571],[0.5373,48.2523],[0.5374,48.2492],[0.542,48.2492],[0.547,48.2506],[0.5518,48.2478],[0.5596,48.2472],[0.5608,48.246],[0.5674,48.2451],[0.5791,48.2445],[0.586,48.2454],[0.5936,48.2447],[0.5964,48.2453],[0.6007,48.2447],[0.6076,48.2447],[0.6114,48.2422],[0.6168,48.243],[0.6237,48.2455],[0.6261,48.2431],[0.6302,48.2417],[0.6306,48.2397],[0.628,48.2377],[0.6319,48.2346],[0.6385,48.2354],[0.6371,48.24],[0.6327,48.2465],[0.6336,48.2489],[0.6315,48.2501],[0.6319,48.2548],[0.6333,48.2575],[0.6373,48.2584],[0.6388,48.2607],[0.6457,48.2622],[0.6518,48.2642],[0.6617,48.2605],[0.6645,48.261],[0.6709,48.2556],[0.6734,48.2547],[0.6788,48.2553],[0.6841,48.2541],[0.682,48.249],[0.6871,48.2481],[0.6882,48.246],[0.6858,48.2442],[0.6861,48.2407],[0.6887,48.2392],[0.6926,48.2385],[0.6954,48.2365],[0.6957,48.2349],[0.7008,48.2306],[0.7022,48.2259],[0.7068,48.2227],[0.7045,48.219],[0.7115,48.2168],[0.7116,48.2152],[0.7157,48.2148],[0.7185,48.2085],[0.7222,48.204],[0.7215,48.203],[0.722,48.2001],[0.7236,48.1983],[0.7283,48.2008],[0.7346,48.1963],[0.7353,48.1928],[0.7384,48.1893],[0.7446,48.1851],[0.7523,48.1838],[0.7555,48.1824],[0.7577,48.1799],[0.7604,48.1802],[0.7672,48.1833],[0.7725,48.1849],[0.7773,48.1883],[0.7816,48.1889],[0.7979,48.1948],[0.7956,48.1907],[0.7957,48.188],[0.8004,48.1888],[0.8056,48.1859],[0.8111,48.1858],[0.8134,48.181],[0.8174,48.1806],[0.8265,48.176],[0.8279,48.173],[0.831,48.1714],[0.8326,48.1691],[0.8364,48.1676],[0.8437,48.1647],[0.8496,48.1669],[0.8544,48.165],[0.86,48.1677],[0.8651,48.1659],[0.8672,48.1636],[0.8726,48.1625],[0.8727,48.1639],[0.8808,48.1617],[0.8863,48.1619],[0.8888,48.1591],[0.8931,48.1577],[0.8984,48.1546],[0.9066,48.1517],[0.9108,48.1495],[0.9114,48.1468],[0.9092,48.144],[0.9111,48.141],[0.9167,48.1389],[0.9137,48.1349],[0.91,48.1361],[0.9029,48.1354],[0.895,48.1358],[0.8827,48.1337],[0.8786,48.1349],[0.8737,48.135],[0.8727,48.1325],[0.8704,48.1319],[0.8653,48.1345],[0.8572,48.1334],[0.8501,48.1333],[0.8523,48.1311],[0.8554,48.1226],[0.8509,48.1168],[0.8411,48.1029],[0.8329,48.0985],[0.8194,48.0983],[0.8143,48.0987],[0.8142,48.0964],[0.8167,48.0932],[0.8229,48.0928],[0.8251,48.0907],[0.8313,48.0924],[0.8358,48.0913],[0.8383,48.089],[0.841,48.09],[0.8384,48.0921],[0.8386,48.0944],[0.8462,48.095],[0.8486,48.0892],[0.8442,48.0882],[0.8454,48.0845],[0.8439,48.079],[0.8432,48.0726],[0.8351,48.07],[0.8253,48.0699],[0.8215,48.0704],[0.8137,48.0703],[0.8091,48.0714],[0.8028,48.0716],[0.794,48.0695],[0.7978,48.066],[0.7977,48.0588],[0.7961,48.0545],[0.7967,48.0514],[0.7934,48.0486],[0.7978,48.0428],[0.7968,48.0383],[0.7975,48.0372],[0.8009,48.0373],[0.8039,48.0389],[0.8059,48.0383],[0.8103,48.0327],[0.8153,48.0319],[0.818,48.0303],[0.8232,48.031],[0.8254,48.0299],[0.829,48.0304],[0.8305,48.0333],[0.8345,48.0344],[0.8386,48.0338],[0.8424,48.0302],[0.8416,48.0258],[0.8386,48.0235],[0.841,48.0191],[0.8398,48.016],[0.8372,48.016],[0.838,48.0116],[0.8368,48.0088],[0.8331,48.0091],[0.8315,48.0059],[0.8331,48.0033],[0.8309,47.9985],[0.8323,47.997],[0.8261,47.9915],[0.8215,47.9893],[0.8187,47.9893],[0.8189,47.986],[0.8241,47.9819],[0.8256,47.9796],[0.8243,47.9781],[0.8279,47.9728],[0.8316,47.9722],[0.8358,47.9702],[0.8376,47.9684],[0.8371,47.9648],[0.8382,47.9624],[0.8415,47.9604],[0.8411,47.9585],[0.8453,47.954],[0.844,47.9516],[0.8453,47.9474],[0.8494,47.9473],[0.8484,47.9422],[0.8422,47.9402],[0.8372,47.9373],[0.8323,47.9368],[0.823,47.9349],[0.8164,47.9343],[0.8136,47.9319],[0.8117,47.928],[0.8134,47.926],[0.8125,47.9203],[0.8084,47.9165],[0.8131,47.9137],[0.8165,47.9131],[0.8091,47.9107],[0.8073,47.908],[0.8152,47.9042],[0.8126,47.9007],[0.8137,47.8982],[0.8173,47.8972],[0.8145,47.895],[0.8169,47.892],[0.8118,47.8885],[0.8088,47.8915],[0.8066,47.8922],[0.8025,47.8958],[0.7951,47.8996],[0.7939,47.9018],[0.7949,47.9058],[0.7933,47.9088],[0.79,47.9121],[0.7858,47.9108],[0.7805,47.9104],[0.7746,47.9071],[0.7703,47.902],[0.768,47.9016],[0.764,47.8996],[0.7596,47.8996],[0.7593,47.898],[0.7585,47.8936],[0.7572,47.8915],[0.7571,47.8852],[0.7598,47.8832],[0.7613,47.8781],[0.7607,47.8762],[0.7616,47.8727],[0.7645,47.8665],[0.7636,47.8629],[0.7592,47.8592],[0.7637,47.8564],[0.7657,47.8543],[0.7688,47.8539],[0.7724,47.8513],[0.7741,47.8513],[0.7726,47.8487],[0.7742,47.8476],[0.7718,47.8456],[0.7749,47.8438],[0.7737,47.8418],[0.7747,47.8397],[0.7723,47.8375],[0.7685,47.8313],[0.7632,47.834],[0.7589,47.8337],[0.7564,47.8306],[0.7526,47.8291],[0.7481,47.8288],[0.7458,47.8277],[0.7445,47.8237],[0.7381,47.8162],[0.7402,47.8129],[0.7399,47.8116],[0.734,47.8077],[0.7317,47.8077],[0.7276,47.8024],[0.7261,47.7992],[0.7228,47.7975],[0.7194,47.7941],[0.7145,47.7939],[0.713,47.7904],[0.712,47.7872],[0.7011,47.7902],[0.6933,47.7853],[0.6893,47.78],[0.6927,47.7788],[0.7,47.7744],[0.703,47.7707],[0.7037,47.7678],[0.702,47.7666],[0.6979,47.7659],[0.6973,47.7643],[0.692,47.7639],[0.6892,47.7654],[0.6831,47.766],[0.6804,47.769],[0.6778,47.7697],[0.6728,47.7685],[0.668,47.7648],[0.6618,47.761],[0.6567,47.7587],[0.6532,47.7578],[0.6511,47.7552],[0.6454,47.753],[0.6361,47.7515],[0.628,47.7521],[0.6245,47.7508],[0.6235,47.7488],[0.621,47.7483],[0.6193,47.7455],[0.6188,47.7414],[0.62,47.7385],[0.6148,47.7342],[0.6106,47.7322],[0.6123,47.7305],[0.6111,47.7281],[0.6089,47.7252],[0.6044,47.7248],[0.6016,47.7258],[0.595,47.7235],[0.5908,47.7212],[0.5853,47.7171],[0.5806,47.7129],[0.5805,47.7125],[0.5866,47.7073],[0.5907,47.7057],[0.5933,47.701],[0.5917,47.6978],[0.5922,47.6946],[0.5958,47.6898],[0.5955,47.688],[0.6042,47.6854],[0.6075,47.6891],[0.6149,47.6941],[0.618,47.6939],[0.6195,47.6924],[0.6148,47.6829],[0.6115,47.6821],[0.6076,47.6825],[0.6047,47.6806],[0.6045,47.6782],[0.6006,47.6775],[0.5966,47.6729],[0.5887,47.6706],[0.5849,47.6687],[0.579,47.6681],[0.5757,47.6688],[0.5707,47.6686],[0.5583,47.6708],[0.5593,47.6662],[0.5552,47.6638],[0.5532,47.6602],[0.5431,47.6564],[0.537,47.6571],[0.5337,47.6555],[0.527,47.6547],[0.523,47.6531],[0.5202,47.6537],[0.5166,47.6568],[0.5118,47.6519],[0.5054,47.6493],[0.4984,47.6446],[0.493,47.6445],[0.49,47.6453],[0.4787,47.6434],[0.4763,47.6468],[0.4739,47.6475],[0.4661,47.6442],[0.464,47.6456],[0.462,47.6433],[0.4627,47.6426],[0.4571,47.6394],[0.453,47.6337],[0.4545,47.6304],[0.457,47.6285],[0.4526,47.6232],[0.4501,47.6194],[0.4408,47.6199],[0.4317,47.6183],[0.4293,47.6176],[0.4242,47.6179],[0.4196,47.6211],[0.4183,47.6236],[0.4134,47.6263],[0.4106,47.6264],[0.4089,47.6281],[0.4091,47.632],[0.4026,47.6345],[0.3987,47.6372],[0.396,47.641],[0.3893,47.6408],[0.3852,47.6419],[0.3826,47.6434],[0.3809,47.6386],[0.372,47.6311],[0.3697,47.63],[0.3645,47.624],[0.3647,47.6202],[0.3691,47.6163],[0.3749,47.6119],[0.3835,47.6101],[0.385,47.606],[0.3889,47.6016],[0.392,47.5966],[0.3951,47.5946],[0.3967,47.5942],[0.3959,47.5868],[0.3975,47.5861],[0.4003,47.5803],[0.4024,47.5785],[0.3985,47.5775],[0.3937,47.5774],[0.3844,47.5725],[0.3833,47.57],[0.3785,47.5684],[0.376,47.5703],[0.372,47.5705],[0.3679,47.5721],[0.3669,47.5737],[0.3616,47.5748],[0.3579,47.5749],[0.3548,47.5766],[0.3464,47.5772],[0.3413,47.5796],[0.3391,47.5797],[0.3398,47.5829],[0.3376,47.5856],[0.3329,47.5875],[0.3323,47.5896],[0.3272,47.592],[0.323,47.593],[0.3221,47.5954],[0.3129,47.5953],[0.302,47.5959],[0.2977,47.5969],[0.2892,47.5979],[0.281,47.5981],[0.2768,47.5977],[0.2721,47.6014],[0.2675,47.6027],[0.27,47.6052],[0.2677,47.6088],[0.2624,47.6087],[0.2591,47.6123],[0.2553,47.6116],[0.2511,47.6132],[0.2459,47.6106],[0.2395,47.6106],[0.2359,47.6118],[0.2307,47.6108],[0.2299,47.6085],[0.2324,47.6058],[0.2327,47.6008],[0.2319,47.5963],[0.2337,47.5929],[0.2339,47.5899],[0.2315,47.5851],[0.2296,47.5847],[0.2339,47.5805],[0.2345,47.5784],[0.2315,47.5783],[0.2271,47.5746],[0.2152,47.5732],[0.2149,47.5699],[0.2111,47.566],[0.208,47.5638],[0.2064,47.561],[0.2091,47.5577],[0.2047,47.5519],[0.2034,47.5472],[0.1995,47.5453],[0.1994,47.541],[0.1933,47.5391],[0.1942,47.5375],[0.2021,47.5349],[0.2056,47.5346],[0.2066,47.5326],[0.2028,47.5282],[0.2058,47.5268],[0.2091,47.5266],[0.2151,47.5235],[0.2175,47.5294],[0.2248,47.5273],[0.2261,47.5266],[0.2236,47.5219],[0.22,47.5197],[0.2221,47.5178],[0.2207,47.5122],[0.2192,47.5092],[0.22,47.5019],[0.2144,47.4985],[0.2095,47.4945],[0.2077,47.4905],[0.2034,47.4857],[0.1996,47.4835],[0.1988,47.4765],[0.1949,47.4751],[0.1937,47.47],[0.1904,47.4612],[0.188,47.4587],[0.1811,47.4533],[0.1826,47.4435],[0.1833,47.4331],[0.1852,47.4263],[0.1848,47.4231],[0.1806,47.4164],[0.1765,47.4144],[0.1746,47.415],[0.1705,47.4091],[0.1662,47.4039],[0.1625,47.4048],[0.1592,47.4037],[0.1535,47.3988],[0.1573,47.399],[0.1667,47.3972],[0.1695,47.3959],[0.1691,47.3921],[0.1672,47.3855],[0.173,47.3858],[0.1788,47.3845],[0.1824,47.383],[0.183,47.3804],[0.1743,47.3755],[0.1697,47.3739],[0.1637,47.3705],[0.1627,47.3683],[0.1536,47.3636],[0.1476,47.3619],[0.1404,47.3618],[0.1454,47.355],[0.147,47.3517],[0.1478,47.3471],[0.147,47.3455],[0.1422,47.3419],[0.1385,47.3378],[0.138,47.3361],[0.1252,47.3324],[0.1175,47.3323],[0.1184,47.326],[0.1141,47.32],[0.114,47.3183],[0.1091,47.3134],[0.0993,47.3087],[0.0982,47.306],[0.0993,47.3033],[0.0955,47.3041],[0.0923,47.3005],[0.0866,47.2925],[0.0852,47.2893],[0.0822,47.2876],[0.0783,47.2829],[0.0893,47.283],[0.0886,47.2754],[0.0834,47.275],[0.0799,47.2717],[0.0816,47.2696],[0.0795,47.2668],[0.0807,47.2651],[0.0768,47.2638],[0.0747,47.2616],[0.0773,47.2539],[0.075,47.2502],[0.0748,47.2481],[0.0679,47.2475],[0.0679,47.2455],[0.0699,47.241],[0.0738,47.2369],[0.0743,47.2279],[0.0729,47.2264],[0.0731,47.2238],[0.0715,47.2232],[0.0725,47.22],[0.0767,47.2203],[0.0792,47.2168],[0.0762,47.2161],[0.0745,47.2144],[0.0682,47.2158],[0.0657,47.2133],[0.0669,47.2113],[0.0625,47.2076],[0.0592,47.2071],[0.0577,47.203],[0.0536,47.1993],[0.0527,47.1967],[0.0552,47.1945],[0.058,47.194],[0.0619,47.1904],[0.0665,47.1897],[0.0651,47.1826],[0.0632,47.1763],[0.0596,47.1724],[0.0586,47.1691],[0.0554,47.1662],[0.0539,47.1637],[0.0525,47.1668],[0.0492,47.1689],[0.0462,47.1656],[0.0405,47.164],[0.0363,47.16],[0.0189,47.176],[0.0106,47.1696],[0.0068,47.1675],[-0.0018,47.1638],[-0.0088,47.1594],[-0.0121,47.1564],[-0.023,47.1418],[-0.0306,47.1323],[-0.0321,47.1294],[-0.0361,47.1252],[-0.0358,47.1204],[-0.0344,47.1206],[-0.0355,47.1187],[-0.0411,47.1136],[-0.0384,47.1095],[-0.0393,47.108],[-0.0333,47.1068],[-0.0265,47.1061],[-0.0284,47.0978],[-0.0296,47.0952],[-0.0342,47.0897],[-0.0354,47.0869],[-0.0397,47.087],[-0.0414,47.0939],[-0.0443,47.0933],[-0.057,47.0952],[-0.0606,47.0954],[-0.0677,47.0936],[-0.0695,47.0953],[-0.0674,47.0996],[-0.0726,47.099],[-0.0827,47.0992],[-0.0859,47.101],[-0.0889,47.0987],[-0.0951,47.0952],[-0.0972,47.0917],[-0.0988,47.0903],[-0.1013,47.0858],[-0.1007,47.0848],[-0.0999,47.0782],[-0.1031,47.0774],[-0.1019,47.0724],[-0.105,47.0713],[-0.1021,47.0652],[-0.1078,47.0634],[-0.1111,47.0617],[-0.1185,47.0599],[-0.1228,47.0559],[-0.1254,47.056],[-0.1288,47.0544],[-0.1372,47.0567],[-0.1354,47.059],[-0.1384,47.0606],[-0.1367,47.064],[-0.1388,47.0663],[-0.1496,47.0703],[-0.1526,47.0696],[-0.1545,47.071],[-0.1573,47.0702],[-0.1628,47.0663],[-0.166,47.0647],[-0.1746,47.0676],[-0.1792,47.0702],[-0.1703,47.0774],[-0.1692,47.079],[-0.161,47.0856],[-0.1528,47.0879],[-0.1457,47.0916],[-0.1401,47.0978],[-0.1414,47.1041],[-0.1453,47.1034],[-0.1521,47.101],[-0.1569,47.1017],[-0.1609,47.1032],[-0.1722,47.1051],[-0.1785,47.1078],[-0.1853,47.1084],[-0.1877,47.1053],[-0.1865,47.1033],[-0.1871,47.1012],[-0.1906,47.0993],[-0.1957,47.0978],[-0.1994,47.0974],[-0.2061,47.0932],[-0.2073,47.0952],[-0.2104,47.0967],[-0.2188,47.0984],[-0.2231,47.1],[-0.2293,47.0998],[-0.2341,47.1036],[-0.2407,47.1055],[-0.2474,47.1051],[-0.255,47.1007],[-0.2629,47.099],[-0.2632,47.1035],[-0.2626,47.1057],[-0.2657,47.1055],[-0.2653,47.1035],[-0.269,47.1012],[-0.2749,47.1004],[-0.278,47.1007],[-0.2814,47.0995],[-0.2829,47.1035],[-0.2848,47.1024],[-0.2947,47.1001],[-0.3013,47.0991],[-0.3058,47.0972],[-0.3101,47.0935],[-0.3126,47.0923],[-0.3203,47.0912],[-0.3355,47.088],[-0.3402,47.0875],[-0.3421,47.089],[-0.3409,47.0921],[-0.3485,47.0917],[-0.3538,47.0954],[-0.3591,47.0937],[-0.3633,47.0924],[-0.3686,47.0917],[-0.3707,47.0902],[-0.3765,47.0886],[-0.3808,47.0896],[-0.3839,47.0875],[-0.3863,47.0873],[-0.3871,47.0923],[-0.3961,47.0915],[-0.3966,47.0835],[-0.4003,47.0749],[-0.4012,47.0707],[-0.4027,47.0691],[-0.4071,47.0665],[-0.4093,47.0662],[-0.4176,47.0707],[-0.4183,47.072],[-0.4232,47.0697],[-0.427,47.073],[-0.4352,47.0704],[-0.439,47.0699],[-0.4411,47.0677],[-0.4557,47.0676],[-0.4582,47.069],[-0.4612,47.0687],[-0.465,47.0669],[-0.4712,47.0598],[-0.4726,47.0577],[-0.4763,47.0544],[-0.4803,47.0533],[-0.4823,47.0568],[-0.4854,47.0643],[-0.485,47.066],[-0.4805,47.0703],[-0.4776,47.072],[-0.472,47.0723],[-0.4698,47.0737],[-0.4642,47.0744],[-0.464,47.0761],[-0.459,47.0799],[-0.4595,47.082],[-0.464,47.0819],[-0.4681,47.0838],[-0.4738,47.0818],[-0.4755,47.083],[-0.4882,47.0809],[-0.4922,47.0833],[-0.496,47.0818],[-0.5006,47.081],[-0.5042,47.0793],[-0.5084,47.0788],[-0.5135,47.0774],[-0.5153,47.078],[-0.5166,47.0771],[-0.526,47.0739],[-0.53,47.0736],[-0.5351,47.0723],[-0.539,47.0701],[-0.545,47.0679],[-0.5463,47.0663],[-0.551,47.065],[-0.5576,47.0641],[-0.5595,47.0618],[-0.5568,47.0608],[-0.5544,47.0573],[-0.558,47.0553],[-0.5583,47.0532],[-0.556,47.0444],[-0.5563,47.0427],[-0.5487,47.0406],[-0.542,47.035],[-0.5423,47.0325],[-0.5483,47.0296],[-0.5524,47.0292],[-0.5554,47.0309],[-0.5627,47.03],[-0.5641,47.0258],[-0.5649,47.0201],[-0.5701,47.0181],[-0.575,47.0178],[-0.5795,47.0154],[-0.5862,47.0102],[-0.5872,47.0062],[-0.5892,47.0045],[-0.5947,47.0028],[-0.5972,47.0008],[-0.5955,46.9979],[-0.6016,46.9978],[-0.6117,46.9941],[-0.6189,46.9924],[-0.6201,46.9933],[-0.6265,46.9945],[-0.6296,46.9968],[-0.6336,46.9975],[-0.6351,46.9959],[-0.6404,46.9961],[-0.6455,46.9921],[-0.6481,46.9966],[-0.6518,46.9981],[-0.661,46.9988],[-0.6616,46.9977],[-0.6699,47.0008],[-0.6728,47.0028],[-0.6768,47.0003],[-0.6747,46.9992],[-0.6773,46.9951],[-0.6804,46.9932],[-0.6785,46.9921],[-0.6779,46.9894],[-0.6802,46.9877],[-0.6824,46.9883],[-0.6868,46.988],[-0.6895,46.9903],[-0.6895,46.993],[-0.6934,46.9924],[-0.696,46.9947],[-0.6986,46.9946],[-0.7047,46.9902],[-0.7122,46.9867],[-0.7159,46.984],[-0.7178,46.9869],[-0.7237,46.9922],[-0.7264,46.9932],[-0.7293,46.9959],[-0.7325,46.9975],[-0.7393,46.9987],[-0.7434,47.001],[-0.7436,46.9943],[-0.743,46.992],[-0.7478,46.9915],[-0.7507,46.9928],[-0.7561,46.9921],[-0.7638,46.9928],[-0.7671,46.9958],[-0.7693,47.0029],[-0.7723,47.0046],[-0.7767,47.0033],[-0.7797,47.0043],[-0.7819,47.0021],[-0.7845,47.0028],[-0.785,47.0047],[-0.7876,47.0051],[-0.7922,46.999],[-0.7963,46.9961],[-0.8007,46.9944],[-0.807,46.9944],[-0.8096,46.9927],[-0.8084,46.9916],[-0.8051,46.9895],[-0.8087,46.9873],[-0.8126,46.9906],[-0.8113,46.9918],[-0.8117,46.9945],[-0.8175,46.9931],[-0.8187,46.9941],[-0.8264,46.9927],[-0.8313,46.9898],[-0.8315,46.9887],[-0.8363,46.9858],[-0.8395,46.9854],[-0.843,46.9902],[-0.8477,46.9862],[-0.8492,46.9821],[-0.8562,46.9792],[-0.8571,46.9777],[-0.8505,46.974],[-0.8516,46.9715],[-0.8546,46.9712],[-0.8606,46.9689],[-0.8631,46.9726],[-0.8792,46.9747],[-0.8808,46.9771],[-0.885,46.9773],[-0.8887,46.9756],[-0.8922,46.9761],[-0.8957,46.9758],[-0.8987,46.9712],[-0.9035,46.9716],[-0.9025,46.9706],[-0.9022,46.9703],[-0.9028,46.9683],[-0.8991,46.9664],[-0.8962,46.9685],[-0.8937,46.9683],[-0.8926,46.9659],[-0.8893,46.9673],[-0.8934,46.9692],[-0.8898,46.9709],[-0.8847,46.9695],[-0.8828,46.9699],[-0.8771,46.9685],[-0.8818,46.9648],[-0.884,46.9619],[-0.8832,46.9603],[-0.8782,46.9561],[-0.872,46.9578],[-0.8718,46.9594],[-0.8673,46.9628],[-0.8637,46.9622],[-0.8668,46.9582],[-0.8631,46.9565],[-0.8657,46.9521],[-0.8605,46.9494],[-0.8657,46.9482],[-0.8701,46.9527],[-0.8749,46.9538],[-0.8808,46.9516],[-0.884,46.9513],[-0.881,46.9464],[-0.8772,46.9458],[-0.8736,46.9438],[-0.8717,46.9457],[-0.8663,46.9461],[-0.8618,46.9455],[-0.8582,46.947],[-0.8567,46.9457],[-0.8536,46.9472],[-0.8497,46.9463],[-0.8476,46.9443],[-0.8537,46.9404],[-0.8533,46.9386],[-0.8601,46.9369],[-0.8578,46.9347],[-0.8527,46.9372],[-0.848,46.941],[-0.8468,46.9396],[-0.8403,46.9359],[-0.8406,46.9331],[-0.8455,46.9312],[-0.8411,46.929],[-0.8376,46.9322],[-0.8315,46.9343],[-0.8291,46.9334],[-0.8275,46.9285],[-0.8274,46.9252],[-0.8239,46.9206],[-0.8214,46.9183],[-0.8124,46.9203],[-0.8076,46.9193],[-0.8137,46.9142],[-0.8216,46.9101],[-0.8187,46.9086],[-0.817,46.904],[-0.8219,46.8976],[-0.8254,46.8947],[-0.8261,46.8901],[-0.8285,46.8872],[-0.8305,46.8876],[-0.8323,46.8846],[-0.8294,46.8848],[-0.8283,46.8828],[-0.8253,46.8839],[-0.8158,46.88],[-0.8147,46.8773],[-0.81,46.8722],[-0.8083,46.8685],[-0.8009,46.8655],[-0.7993,46.8621],[-0.7947,46.8608],[-0.794,46.8582],[-0.7918,46.8579],[-0.7902,46.8555],[-0.7871,46.8541],[-0.7879,46.8528],[-0.7828,46.849],[-0.7845,46.8475],[-0.7836,46.8444],[-0.7764,46.8403],[-0.7732,46.8405],[-0.7727,46.8389],[-0.7667,46.8344],[-0.7613,46.8341],[-0.758,46.8315],[-0.7475,46.831],[-0.7431,46.8297],[-0.7383,46.8292],[-0.7368,46.8273],[-0.7374,46.8255],[-0.733,46.8217],[-0.7228,46.8226],[-0.7148,46.8211],[-0.7102,46.8215],[-0.7066,46.8187],[-0.7076,46.8158],[-0.7019,46.8129],[-0.699,46.8089],[-0.7106,46.8051],[-0.7131,46.8051],[-0.7139,46.8028],[-0.7179,46.8005],[-0.7191,46.7983],[-0.7188,46.7955],[-0.7172,46.7927],[-0.7205,46.7895],[-0.7237,46.7843],[-0.7274,46.7821],[-0.7245,46.7769],[-0.7269,46.7738],[-0.7264,46.7718],[-0.7275,46.7677],[-0.7263,46.7651],[-0.7222,46.7652],[-0.7201,46.7637],[-0.7212,46.7613],[-0.7194,46.7581],[-0.7196,46.7558],[-0.7153,46.7519],[-0.7101,46.7499],[-0.7039,46.7495],[-0.6983,46.7518],[-0.6972,46.7488],[-0.6951,46.7478],[-0.694,46.7438],[-0.6946,46.7419],[-0.6987,46.7379],[-0.7008,46.7383],[-0.7027,46.7351],[-0.7,46.7341],[-0.6963,46.735],[-0.6964,46.7295],[-0.6904,46.7309],[-0.6885,46.7288],[-0.6887,46.726],[-0.685,46.7281],[-0.6819,46.7261],[-0.6782,46.7257],[-0.6781,46.7243],[-0.6729,46.7196],[-0.6691,46.7174],[-0.6657,46.7116],[-0.6628,46.7097],[-0.6618,46.7072],[-0.6636,46.7054],[-0.659,46.7041],[-0.6562,46.7003],[-0.6603,46.6989],[-0.6656,46.6951],[-0.6743,46.6913],[-0.6802,46.6865],[-0.6729,46.6837],[-0.6701,46.6815],[-0.6653,46.68],[-0.658,46.6768],[-0.6519,46.6736],[-0.6472,46.6705],[-0.6417,46.6641],[-0.637,46.6634],[-0.6415,46.6602],[-0.6453,46.6587],[-0.6491,46.6562],[-0.6483,46.6479],[-0.649,46.6454],[-0.6594,46.6402],[-0.6585,46.6367],[-0.6566,46.6356],[-0.6534,46.6368],[-0.6486,46.637],[-0.6436,46.6383],[-0.6349,46.6376],[-0.6293,46.6346],[-0.6237,46.6336],[-0.6246,46.6305],[-0.6191,46.6255],[-0.615,46.6229],[-0.6141,46.6205],[-0.6167,46.6198],[-0.6194,46.6154],[-0.6231,46.6115],[-0.6243,46.6062],[-0.6269,46.6056],[-0.6191,46.6013],[-0.618,46.5984],[-0.6136,46.5977],[-0.6161,46.595],[-0.621,46.5933],[-0.6116,46.5882],[-0.6144,46.5841],[-0.6194,46.5805],[-0.6203,46.5791],[-0.6247,46.5774],[-0.6246,46.5752],[-0.6198,46.5734],[-0.6187,46.5722],[-0.6199,46.5693],[-0.6202,46.5647],[-0.6175,46.5647],[-0.6179,46.5617],[-0.6146,46.5613],[-0.6107,46.5643],[-0.6064,46.5638],[-0.6072,46.5603],[-0.6055,46.5574],[-0.6083,46.551],[-0.6023,46.5482],[-0.6044,46.5465],[-0.6032,46.5428],[-0.6022,46.5334],[-0.6061,46.5297],[-0.6085,46.5262],[-0.6127,46.5288],[-0.616,46.5263],[-0.6199,46.5273],[-0.6218,46.5303],[-0.6237,46.5293],[-0.6271,46.5296],[-0.6323,46.5267],[-0.642,46.5249],[-0.6441,46.5218],[-0.6381,46.5221],[-0.6373,46.5194],[-0.6401,46.5152],[-0.6396,46.5138],[-0.6461,46.5108],[-0.6454,46.5087],[-0.6403,46.5069],[-0.6379,46.5068],[-0.6344,46.5048],[-0.6343,46.5025],[-0.632,46.5005],[-0.625,46.4976],[-0.6253,46.4948],[-0.6242,46.4877],[-0.6273,46.4823],[-0.6299,46.4813],[-0.6312,46.4786],[-0.626,46.4771],[-0.6191,46.4759],[-0.617,46.472],[-0.6168,46.4657],[-0.6159,46.4609],[-0.6106,46.458],[-0.6082,46.4543],[-0.6098,46.4536],[-0.6106,46.4501],[-0.6138,46.4491],[-0.6169,46.454],[-0.6203,46.4534],[-0.6163,46.4447],[-0.6185,46.439],[-0.6239,46.4371],[-0.632,46.4338],[-0.6364,46.4325],[-0.6346,46.4289],[-0.6358,46.4252],[-0.6386,46.4216],[-0.6402,46.4181],[-0.6393,46.4163],[-0.6397,46.4108],[-0.629,46.4041],[-0.6329,46.4012],[-0.638,46.4],[-0.6407,46.3972],[-0.6367,46.3957],[-0.6342,46.3957],[-0.6209,46.3907],[-0.6161,46.3981],[-0.6143,46.403],[-0.6138,46.4089],[-0.6128,46.4114],[-0.6101,46.4137],[-0.6008,46.4125],[-0.593,46.4096],[-0.5885,46.4056],[-0.5821,46.4023],[-0.5724,46.4008],[-0.5718,46.3961],[-0.5662,46.3931],[-0.5572,46.3935],[-0.5506,46.3934],[-0.5477,46.3912],[-0.5401,46.3884],[-0.5381,46.3864],[-0.5443,46.3794],[-0.5463,46.3751],[-0.5497,46.3713],[-0.5576,46.3643],[-0.5582,46.3621],[-0.562,46.3596],[-0.5659,46.3593],[-0.57,46.3582],[-0.5722,46.3584],[-0.577,46.3554],[-0.5862,46.3569],[-0.6031,46.3615],[-0.6049,46.3596],[-0.6069,46.3551],[-0.6034,46.3543],[-0.6051,46.3473],[-0.6069,46.3475],[-0.6128,46.3443],[-0.6181,46.3394],[-0.6216,46.338],[-0.6274,46.3379],[-0.6288,46.3362],[-0.6329,46.3386],[-0.6372,46.337],[-0.6377,46.3335],[-0.6395,46.329],[-0.636,46.328],[-0.6368,46.3243],[-0.6434,46.3194],[-0.6482,46.317],[-0.652,46.3175],[-0.6574,46.315],[-0.6633,46.3171],[-0.6721,46.3163],[-0.6785,46.3184],[-0.6973,46.3251],[-0.7064,46.3184],[-0.7104,46.317],[-0.7164,46.3169],[-0.721,46.3143],[-0.7213,46.312],[-0.724,46.3098],[-0.7158,46.3071],[-0.7197,46.3031],[-0.7219,46.3024],[-0.7269,46.3035],[-0.7308,46.3037],[-0.7346,46.3051],[-0.7415,46.305],[-0.749,46.3022],[-0.7504,46.3044],[-0.759,46.312],[-0.7627,46.3128],[-0.7687,46.3124],[-0.7713,46.3141],[-0.7758,46.3186],[-0.7795,46.3183],[-0.7853,46.3193],[-0.7887,46.3222],[-0.7941,46.3251],[-0.7999,46.3247],[-0.803,46.3254],[-0.8072,46.3303],[-0.8077,46.333],[-0.8045,46.3362],[-0.8007,46.337],[-0.797,46.3391],[-0.7995,46.3422],[-0.8054,46.3425],[-0.8081,46.3393],[-0.8179,46.3365],[-0.8242,46.336],[-0.8263,46.3368],[-0.8313,46.3419],[-0.8341,46.3422],[-0.8403,46.3405],[-0.8461,46.3354],[-0.8488,46.332],[-0.8484,46.3292],[-0.8452,46.3269],[-0.8456,46.3236],[-0.8498,46.3178],[-0.8532,46.3174],[-0.8592,46.3176],[-0.8629,46.3191],[-0.863,46.3221],[-0.8604,46.3248],[-0.8621,46.3268],[-0.8648,46.3276],[-0.8685,46.3262],[-0.8698,46.3225],[-0.8737,46.3224],[-0.8782,46.3243],[-0.8841,46.3242],[-0.8871,46.3269],[-0.8894,46.3238],[-0.8932,46.3232],[-0.8928,46.3196],[-0.894,46.3173],[-0.8991,46.317],[-0.9037,46.3142],[-0.9087,46.3145],[-0.9124,46.3131],[-0.9151,46.3161],[-0.9188,46.3131],[-0.9236,46.3135],[-0.9255,46.3155],[-0.9287,46.3141],[-0.9285,46.311],[-0.9326,46.3106],[-0.9346,46.3123],[-0.9354,46.3149],[-0.9394,46.3151],[-0.9431,46.318],[-0.9467,46.3177],[-0.9508,46.3193],[-0.9527,46.319],[-0.9562,46.321],[-0.9594,46.3212],[-0.9626,46.3225],[-0.957,46.3254],[-0.9539,46.3297],[-0.9503,46.3316],[-0.9462,46.3354],[-0.9431,46.3371],[-0.9389,46.3456],[-0.9386,46.3524],[-0.9359,46.3547],[-0.9343,46.36],[-0.932,46.3655],[-0.9274,46.3707],[-0.9312,46.3705],[-0.9341,46.3673],[-0.9387,46.3663],[-0.9421,46.3681],[-0.9511,46.3603],[-0.9535,46.3608],[-0.9645,46.3653],[-0.965,46.3653],[-0.967,46.3618],[-0.9702,46.3582],[-0.9705,46.3548],[-0.9747,46.3513],[-0.9847,46.3512],[-0.9951,46.3505],[-0.9953,46.3517],[-0.9996,46.3548],[-1.0128,46.3493],[-1.0136,46.3526],[-1.0119,46.3541],[-1.0134,46.3556],[-1.0292,46.3489],[-1.0299,46.3516],[-1.0378,46.348],[-1.0525,46.3426],[-1.0537,46.3495],[-1.0544,46.3474],[-1.0647,46.3352],[-1.0703,46.3306],[-1.0745,46.3285],[-1.0734,46.327],[-1.0793,46.3252],[-1.0814,46.3237],[-1.0803,46.3213],[-1.0767,46.3208],[-1.0747,46.318],[-1.078,46.317],[-1.0845,46.3169],[-1.0878,46.3177],[-1.0917,46.3174],[-1.0935,46.3163],[-1.0949,46.3128],[-1.0984,46.3129],[-1.0993,46.3157],[-1.1017,46.3165],[-1.1053,46.3148],[-1.1064,46.3172],[-1.1125,46.3189],[-1.1153,46.3242],[-1.1137,46.3258],[-1.1127,46.3292],[-1.1148,46.3292],[-1.1171,46.329],[-1.128,46.3207],[-1.1255,46.3195],[-1.1251,46.3164],[-1.1302,46.3136],[-1.1311,46.3114],[-1.1355,46.3116],[-1.1379,46.3128],[-1.14,46.3115],[-1.1484,46.3168],[-1.1519,46.3188],[-1.1625,46.3237],[-1.1653,46.3295],[-1.1643,46.333],[-1.1667,46.3327],[-1.1662,46.3288],[-1.1646,46.3235],[-1.1673,46.3199],[-1.1791,46.3194],[-1.1881,46.3182],[-1.2005,46.315],[-1.2022,46.3163],[-1.2028,46.3133],[-1.2016,46.3105],[-1.1959,46.3007],[-1.2067,46.2894],[-1.2082,46.2835],[-1.2086,46.2781],[-1.2045,46.2696],[-1.2095,46.2682],[-1.2157,46.2726],[-1.2201,46.2732],[-1.226,46.2768],[-1.2304,46.2776],[-1.2337,46.2808],[-1.2398,46.2844],[-1.2461,46.2897],[-1.2626,46.2985],[-1.275,46.3061],[-1.2766,46.3081],[-1.2832,46.3112],[-1.2857,46.3146],[-1.2928,46.3198],[-1.2965,46.3205],[-1.2974,46.3228],[-1.2957,46.3239],[-1.3033,46.3283],[-1.3073,46.3278],[-1.311,46.332],[-1.318,46.3371],[-1.3206,46.3379],[-1.3248,46.3405],[-1.3271,46.3392],[-1.3317,46.3407],[-1.3338,46.3434],[-1.3316,46.3493],[-1.3368,46.3498],[-1.3362,46.347],[-1.335,46.343],[-1.3316,46.3384],[-1.3258,46.3364],[-1.3197,46.3336],[-1.3176,46.3346],[-1.3143,46.3324],[-1.3163,46.3306],[-1.3089,46.3239],[-1.3065,46.3211],[-1.3047,46.3166],[-1.3021,46.3166],[-1.3014,46.3133],[-1.2995,46.3126],[-1.2974,46.308],[-1.2978,46.3061],[-1.2937,46.3046],[-1.2909,46.3026],[-1.2893,46.2997],[-1.2919,46.2979],[-1.3004,46.3004],[-1.3011,46.299],[-1.2965,46.2972],[-1.2967,46.2934],[-1.3003,46.2941],[-1.3056,46.299],[-1.3077,46.3015],[-1.3116,46.3044],[-1.3158,46.3108],[-1.3182,46.3161],[-1.3293,46.3277],[-1.348,46.3392],[-1.347,46.3397],[-1.3366,46.3334],[-1.3335,46.3347],[-1.3383,46.3374],[-1.3415,46.3404],[-1.3514,46.3442],[-1.3553,46.3462],[-1.3582,46.348],[-1.3608,46.3478],[-1.369,46.3493],[-1.3758,46.3485],[-1.3755,46.3443],[-1.3775,46.3432],[-1.3865,46.341],[-1.3899,46.3417],[-1.3967,46.341],[-1.4031,46.3411],[-1.4125,46.3451],[-1.4176,46.3466],[-1.4249,46.3472],[-1.4298,46.3431],[-1.4343,46.3429],[-1.4379,46.3401],[-1.4432,46.341],[-1.4485,46.3406],[-1.4573,46.342],[-1.4663,46.3426],[-1.4712,46.346],[-1.4716,46.3478],[-1.4759,46.3579],[-1.4785,46.366],[-1.482,46.3714],[-1.4871,46.38],[-1.4948,46.3898],[-1.5006,46.3962],[-1.5048,46.3996],[-1.5122,46.4032],[-1.517,46.4049],[-1.5233,46.4054],[-1.5325,46.4086],[-1.5411,46.4097],[-1.5433,46.4089],[-1.5489,46.4054],[-1.5589,46.4067],[-1.5639,46.4067],[-1.5724,46.4084],[-1.5833,46.4097],[-1.5884,46.4087],[-1.5964,46.4108],[-1.6044,46.4125],[-1.6117,46.4134],[-1.6164,46.4124],[-1.6208,46.4133],[-1.6242,46.4132],[-1.6269,46.4143],[-1.6301,46.418],[-1.6362,46.4193],[-1.64,46.4189],[-1.6465,46.4197],[-1.6534,46.4218],[-1.654,46.4238],[-1.6481,46.4263],[-1.6472,46.4288],[-1.6485,46.4313],[-1.6469,46.4325],[-1.6424,46.432],[-1.6467,46.4345],[-1.6499,46.4347],[-1.6555,46.4326],[-1.659,46.4343],[-1.6634,46.435],[-1.6671,46.4379],[-1.6724,46.4381],[-1.6761,46.4393],[-1.6769,46.4408],[-1.6805,46.4409],[-1.6877,46.4427],[-1.6892,46.4424],[-1.698,46.4472],[-1.7048,46.449],[-1.7076,46.451],[-1.7113,46.4518],[-1.7111,46.4538],[-1.7141,46.4585],[-1.718,46.4593],[-1.7214,46.4587],[-1.7319,46.4637],[-1.7325,46.4658],[-1.742,46.4688],[-1.7477,46.4729],[-1.7523,46.4742],[-1.7549,46.4742],[-1.7601,46.4773],[-1.7616,46.4808],[-1.7709,46.4895],[-1.7773,46.4928],[-1.7841,46.4947],[-1.7895,46.4945],[-1.7937,46.4927],[-1.7952,46.4957],[-1.7903,46.4962],[-1.7902,46.4993],[-1.793,46.5007],[-1.7878,46.5022],[-1.7894,46.5044],[-1.7957,46.5022],[-1.7966,46.4991],[-1.7945,46.4895],[-1.7992,46.4888],[-1.8043,46.4893],[-1.8069,46.4919],[-1.8087,46.4917],[-1.8128,46.4942],[-1.8146,46.4974],[-1.8161,46.5042],[-1.8185,46.5097],[-1.8201,46.5186],[-1.8218,46.5252],[-1.8291,46.5456],[-1.832,46.5491],[-1.8339,46.5541],[-1.8383,46.5629],[-1.8406,46.5708],[-1.8457,46.5805],[-1.8472,46.5851],[-1.8482,46.5857],[-1.8492,46.5901],[-1.8541,46.6044],[-1.8574,46.6102],[-1.8634,46.6153],[-1.8694,46.6166],[-1.873,46.6205],[-1.8757,46.6279],[-1.8782,46.6298],[-1.8845,46.6315],[-1.8909,46.6353],[-1.8948,46.6392],[-1.8974,46.6401],[-1.902,46.6462],[-1.9076,46.651],[-1.9081,46.6554],[-1.9129,46.662],[-1.9225,46.6716],[-1.93,46.6804],[-1.936,46.686],[-1.9408,46.691],[-1.9407,46.6928],[-1.937,46.6934],[-1.945,46.6974],[-1.9472,46.698],[-1.9513,46.6962],[-1.9526,46.6944],[-1.9601,46.6943],[-1.9619,46.6919],[-1.9662,46.6925],[-1.9783,46.7035],[-1.9796,46.7056],[-1.981,46.7105],[-1.9796,46.7125],[-1.9801,46.7178],[-1.9829,46.7207],[-1.9985,46.7327],[-2.013,46.7431],[-2.0224,46.7506],[-2.0346,46.7579],[-2.0458,46.7658],[-2.0585,46.7751],[-2.0629,46.7779],[-2.0753,46.7843],[-2.088,46.7892],[-2.0936,46.7923],[-2.1051,46.7974],[-2.1156,46.8027],[-2.1266,46.8086],[-2.1419,46.8189],[-2.1433,46.822],[-2.1449,46.8293],[-2.1463,46.8408],[-2.1458,46.8508],[-2.1467,46.8576],[-2.1471,46.8626],[-2.1493,46.871],[-2.1552,46.882],[-2.1568,46.887],[-2.1553,46.89],[-2.1532,46.8907],[-2.1495,46.8894],[-2.1462,46.8894],[-2.1374,46.8928],[-2.1322,46.8913],[-2.1271,46.8928],[-2.1218,46.8996],[-2.1198,46.9006],[-2.1145,46.8998],[-2.1196,46.9015],[-2.1189,46.9072],[-2.1178,46.909],[-2.1139,46.9117],[-2.1064,46.9198],[-2.098,46.9251],[-2.0961,46.9246],[-2.0916,46.9302],[-2.0847,46.9332],[-2.0757,46.9351],[-2.0796,46.9385],[-2.0755,46.9398],[-2.071,46.9351],[-2.0745,46.9398],[-2.0736,46.9411],[-2.0581,46.9508],[-2.0446,46.968],[-2.0461,46.9778],[-2.0368,46.9914],[-2.0323,46.9912],[-2.0375,46.9956],[-2.0382,46.9975],[-2.0346,46.9977],[-2.0315,46.9991],[-2.0317,47.0009],[-2.029,47.0078],[-2.0292,47.0096],[-2.0255,47.0094],[-2.0138,47.0138],[-2.0101,47.0167],[-1.9972,47.0185],[-1.9802,47.0274],[-1.9756,47.0288],[-1.9838,47.0297],[-1.9836,47.0307],[-1.9878,47.0388],[-1.9936,47.0464],[-1.9969,47.0528],[-1.9993,47.0562],[-2.0009,47.0565],[-2.0046,47.0613],[-2.0079,47.0633],[-2.0112,47.0638],[-2.0207,47.069],[-2.0284,47.0711],[-2.0327,47.0739],[-2.0357,47.0768],[-2.0401,47.0775],[-2.0431,47.0837],[-2.0489,47.0865],[-2.0511,47.0899],[-2.0532,47.0947],[-2.0563,47.0959],[-2.0599,47.0958],[-2.0629,47.097],[-2.0708,47.0989],[-2.0728,47.101],[-2.0813,47.1017],[-2.083,47.103],[-2.0983,47.107],[-2.1048,47.1066],[-2.1077,47.1085],[-2.1067,47.1123],[-2.1109,47.1101],[-2.1165,47.1095],[-2.1196,47.1104],[-2.1219,47.1097],[-2.1272,47.1122],[-2.1312,47.1111],[-2.1363,47.111],[-2.1382,47.1117],[-2.1444,47.1119],[-2.1475,47.1133],[-2.1522,47.113],[-2.1585,47.1141],[-2.162,47.1158],[-2.1646,47.1184],[-2.1679,47.1181],[-2.1716,47.1194],[-2.1759,47.1198],[-2.1775,47.122],[-2.1904,47.1221],[-2.1958,47.1239],[-2.201,47.1238],[-2.2074,47.1251],[-2.2144,47.1238],[-2.2204,47.1254],[-2.2218,47.1278],[-2.2266,47.1308],[-2.2343,47.1318],[-2.2361,47.1306],[-2.2418,47.1326],[-2.2457,47.1313],[-2.2481,47.1335],[-2.245,47.1371],[-2.2421,47.136],[-2.2365,47.1394],[-2.234,47.1421],[-2.2324,47.1421],[-2.2289,47.1449],[-2.2256,47.1522],[-2.2218,47.1538],[-2.2191,47.1533],[-2.2086,47.1571],[-2.2037,47.1569],[-2.1975,47.1591],[-2.1934,47.158],[-2.1861,47.1571],[-2.1833,47.1574],[-2.1791,47.1559],[-2.1759,47.1576],[-2.1723,47.1615],[-2.1688,47.1648],[-2.1658,47.1728],[-2.1643,47.1757],[-2.1616,47.1858],[-2.1609,47.1897],[-2.1615,47.1935],[-2.1602,47.1938],[-2.1582,47.1973],[-2.1591,47.1978],[-2.1631,47.2098],[-2.1609,47.2116],[-2.1661,47.2159],[-2.1684,47.2169],[-2.1728,47.2216],[-2.1817,47.2331],[-2.1818,47.2356],[-2.1783,47.2375],[-2.1752,47.2365],[-2.1713,47.2399],[-2.1702,47.2452],[-2.1697,47.2515],[-2.171,47.2636],[-2.1703,47.2677],[-2.1806,47.2758],[-2.187,47.2808],[-2.1929,47.2775],[-2.195,47.2757],[-2.1978,47.2751],[-2.198,47.2723],[-2.2001,47.2696],[-2.202,47.2707],[-2.208,47.2706],[-2.2128,47.269],[-2.2209,47.2672],[-2.2246,47.2651],[-2.2251,47.2638],[-2.2232,47.2584],[-2.2298,47.2558],[-2.2363,47.2563],[-2.2463,47.2561],[-2.2495,47.2538],[-2.2534,47.2533],[-2.2562,47.2506],[-2.2598,47.2491],[-2.2621,47.2431],[-2.2671,47.2402],[-2.2684,47.2384],[-2.2749,47.2395],[-2.2763,47.2379],[-2.2793,47.2373],[-2.286,47.2377],[-2.2906,47.237],[-2.2913,47.2357],[-2.2973,47.2349],[-2.299,47.2338],[-2.3035,47.2371],[-2.3073,47.2387],[-2.3124,47.2419],[-2.3162,47.2435],[-2.318,47.2432],[-2.3217,47.2461],[-2.3308,47.2498],[-2.3422,47.2569],[-2.3414,47.2592],[-2.3461,47.265],[-2.3514,47.2691],[-2.3576,47.2728],[-2.3698,47.2773],[-2.379,47.2795],[-2.3917,47.2814],[-2.3996,47.2812],[-2.4139,47.2785],[-2.4211,47.2758],[-2.4233,47.2743],[-2.4267,47.2771],[-2.4272,47.2787],[-2.4249,47.2823],[-2.4126,47.2847],[-2.4169,47.2852],[-2.4254,47.2831],[-2.4279,47.2796],[-2.4277,47.2768],[-2.4235,47.2734],[-2.4243,47.2701],[-2.4223,47.2668],[-2.417,47.2619],[-2.4173,47.2587],[-2.4194,47.2583],[-2.4236,47.2594],[-2.4283,47.2597],[-2.4327,47.2592],[-2.4373,47.2606],[-2.4401,47.2605],[-2.4492,47.2626],[-2.45,47.2637],[-2.4527,47.2639],[-2.4542,47.2665],[-2.457,47.2684],[-2.4618,47.2701],[-2.4711,47.2694],[-2.4754,47.2709],[-2.4815,47.2738],[-2.4853,47.2746],[-2.4885,47.2744],[-2.4924,47.2756],[-2.4963,47.2794],[-2.499,47.2806],[-2.504,47.2807],[-2.5123,47.2829],[-2.5153,47.285],[-2.5203,47.2858],[-2.5238,47.2872],[-2.5255,47.2866],[-2.5397,47.2892],[-2.5475,47.2923],[-2.5463,47.2965],[-2.5448,47.2983],[-2.54,47.2997],[-2.5363,47.2993],[-2.5341,47.3011],[-2.5307,47.3005],[-2.5251,47.3021],[-2.5203,47.3008],[-2.5147,47.298],[-2.5133,47.2959],[-2.5079,47.2921],[-2.5055,47.2926],[-2.5041,47.2904],[-2.5015,47.2891],[-2.5033,47.2864],[-2.5025,47.2849],[-2.5021,47.2878],[-2.4994,47.2869],[-2.4913,47.2871],[-2.4877,47.289],[-2.4781,47.2857],[-2.4742,47.2857],[-2.4793,47.2902],[-2.4804,47.2931],[-2.4732,47.295],[-2.4698,47.2948],[-2.4668,47.2929],[-2.4695,47.2953],[-2.4714,47.2956],[-2.4731,47.2993],[-2.4763,47.3003],[-2.486,47.3013],[-2.5113,47.3006],[-2.5146,47.3037],[-2.5092,47.308],[-2.5066,47.3114],[-2.5044,47.3154],[-2.5033,47.3259],[-2.5041,47.3321],[-2.5057,47.3378],[-2.5078,47.3427],[-2.5125,47.3477],[-2.5168,47.3503],[-2.5217,47.3589],[-2.5257,47.3613],[-2.5274,47.3632],[-2.5304,47.3641],[-2.5329,47.3661],[-2.5381,47.3655],[-2.5441,47.3663],[-2.5451,47.368],[-2.5508,47.3688],[-2.5588,47.3745],[-2.5559,47.3762],[-2.5556,47.3781],[-2.5518,47.3789],[-2.5473,47.3817],[-2.5407,47.3813],[-2.5345,47.3831],[-2.5323,47.3854],[-2.528,47.3874],[-2.5232,47.3921],[-2.5189,47.3941],[-2.5157,47.3944],[-2.5131,47.3975],[-2.5096,47.3999],[-2.5061,47.4009],[-2.4996,47.4043],[-2.4982,47.4039],[-2.4957,47.4037],[-2.4912,47.4047],[-2.489,47.4077],[-2.4885,47.4106],[-2.4853,47.4127],[-2.4822,47.4118],[-2.4775,47.4125],[-2.4751,47.4157],[-2.473,47.4168],[-2.4684,47.4174],[-2.4618,47.4111],[-2.4586,47.4118],[-2.457,47.4144],[-2.4474,47.4114],[-2.4446,47.4116],[-2.4406,47.4137],[-2.4339,47.4131],[-2.4317,47.4167],[-2.4354,47.4176],[-2.4422,47.4221],[-2.4469,47.4213],[-2.4508,47.4256],[-2.4533,47.4261],[-2.4559,47.4249],[-2.4574,47.4266],[-2.4548,47.4302],[-2.4521,47.4324],[-2.4506,47.4352],[-2.4458,47.4357],[-2.4466,47.4388],[-2.4485,47.4412],[-2.4562,47.4474],[-2.4588,47.4481],[-2.4565,47.4503],[-2.4534,47.4555],[-2.4532,47.4625],[-2.4481,47.4645],[-2.4454,47.4647],[-2.4421,47.4663],[-2.4376,47.4661],[-2.435,47.4696],[-2.4339,47.4726],[-2.4317,47.4719],[-2.429,47.4734],[-2.4297,47.4757],[-2.4231,47.4772]]],[[[-2.625,47.4105],[-2.6198,47.413],[-2.6176,47.4118],[-2.6238,47.41],[-2.625,47.4105]]],[[[-2.1873,46.9611],[-2.1842,46.96],[-2.1768,46.9585],[-2.1684,46.9554],[-2.1569,46.9501],[-2.1472,46.9341],[-2.1518,46.9326],[-2.1531,46.9313],[-2.1501,46.927],[-2.1469,46.9263],[-2.1467,46.9247],[-2.1505,46.9203],[-2.1505,46.9157],[-2.1486,46.9147],[-2.1498,46.9097],[-2.1532,46.9071],[-2.1515,46.9054],[-2.1515,46.9025],[-2.1481,46.8974],[-2.148,46.8945],[-2.1542,46.8951],[-2.1588,46.8979],[-2.1666,46.905],[-2.1675,46.9064],[-2.1715,46.9194],[-2.1741,46.9259],[-2.179,46.9341],[-2.1841,46.9397],[-2.1942,46.9486],[-2.1978,46.9512],[-2.2067,46.9573],[-2.2141,46.9616],[-2.2232,46.9654],[-2.2298,46.9658],[-2.2435,46.9648],[-2.2461,46.964],[-2.2529,46.959],[-2.2591,46.9584],[-2.2636,46.9603],[-2.2672,46.964],[-2.2801,46.9785],[-2.2841,46.9819],[-2.287,46.9836],[-2.2964,46.987],[-2.3018,46.9896],[-2.3028,46.994],[-2.301,46.9977],[-2.2957,47.0037],[-2.2925,47.009],[-2.2929,47.0127],[-2.2955,47.0132],[-2.2965,47.017],[-2.301,47.0183],[-2.3049,47.0254],[-2.3006,47.0269],[-2.3003,47.0244],[-2.297,47.0241],[-2.2859,47.0252],[-2.2773,47.0291],[-2.2691,47.0273],[-2.2626,47.0287],[-2.2574,47.0274],[-2.2541,47.028],[-2.2511,47.0275],[-2.2478,47.0236],[-2.2465,47.0205],[-2.2408,47.018],[-2.23,47.0167],[-2.2253,47.0157],[-2.2198,47.0112],[-2.2185,47.0078],[-2.2203,47.0034],[-2.2186,46.9951],[-2.2188,46.991],[-2.222,46.9901],[-2.2264,46.9928],[-2.2414,46.9988],[-2.2409,46.9956],[-2.2473,46.9937],[-2.2379,46.9958],[-2.2358,46.9954],[-2.2341,46.9926],[-2.2355,46.9898],[-2.2327,46.9881],[-2.2354,46.9867],[-2.2373,46.9808],[-2.2323,46.9764],[-2.2326,46.9752],[-2.2303,46.9731],[-2.2261,46.9762],[-2.212,46.9703],[-2.1873,46.9611]]],[[[-2.3773,46.7022],[-2.3783,46.6996],[-2.3831,46.7005],[-2.3793,46.7043],[-2.3842,46.708],[-2.3909,46.7101],[-2.3989,46.717],[-2.3978,46.7199],[-2.4007,46.7259],[-2.3972,46.7257],[-2.3904,46.7274],[-2.3879,46.7271],[-2.387,46.73],[-2.3839,46.7307],[-2.3817,46.7335],[-2.3773,46.7324],[-2.3733,46.7333],[-2.3707,46.7319],[-2.3624,46.731],[-2.3531,46.7279],[-2.3495,46.7284],[-2.3498,46.7257],[-2.3476,46.7246],[-2.3447,46.7256],[-2.3384,46.7192],[-2.3321,46.7195],[-2.3282,46.7208],[-2.3241,46.7198],[-2.3206,46.7203],[-2.3179,46.7197],[-2.3173,46.7175],[-2.3119,46.7147],[-2.3108,46.7122],[-2.306,46.7112],[-2.3055,46.71],[-2.3019,46.7088],[-2.2935,46.7013],[-2.2859,46.6956],[-2.2822,46.6908],[-2.2843,46.6881],[-2.2883,46.6921],[-2.2966,46.693],[-2.2994,46.6924],[-2.3046,46.6934],[-2.3091,46.6958],[-2.3117,46.6961],[-2.3153,46.695],[-2.3157,46.6913],[-2.3238,46.6909],[-2.3241,46.6898],[-2.3291,46.6867],[-2.3326,46.6868],[-2.3336,46.6894],[-2.3396,46.6898],[-2.3425,46.6942],[-2.3454,46.6946],[-2.348,46.6918],[-2.3518,46.6916],[-2.3566,46.6956],[-2.3604,46.6943],[-2.3656,46.6952],[-2.3658,46.6974],[-2.3685,46.6984],[-2.369,46.7018],[-2.3733,46.7027],[-2.3773,46.7022]]]]}},{"type":"Feature","properties":{"code":"53","nom":"Bretagne","analysis_region_code":"53"},"geometry":{"type":"MultiPolygon","coordinates":[[[[-3.0139,48.8503],[-3.0054,48.8514],[-3.0023,48.8493],[-2.9983,48.8504],[-3.0001,48.8545],[-3.0037,48.853],[-3.0086,48.8541],[-3.0127,48.8571],[-3.0104,48.8593],[-3.0054,48.8593],[-2.999,48.8605],[-2.9984,48.8628],[-2.9951,48.8644],[-2.9896,48.8635],[-2.9862,48.8646],[-2.9846,48.8621],[-2.988,48.8592],[-2.9955,48.8599],[-2.9938,48.8552],[-2.9954,48.8538],[-2.994,48.8479],[-2.9984,48.8456],[-2.9968,48.8425],[-2.9971,48.8388],[-2.9993,48.8377],[-3.0051,48.8391],[-3.009,48.8363],[-3.0114,48.8381],[-3.009,48.8402],[-3.0112,48.8416],[-3.0079,48.8465],[-3.0126,48.8484],[-3.0139,48.8503]]],[[[-3.0218,48.8431],[-3.0188,48.8452],[-3.0164,48.8444],[-3.0171,48.8421],[-3.0152,48.8406],[-3.019,48.8392],[-3.0218,48.8431]]],[[[-2.2157,48.5412],[-2.2238,48.5474],[-2.2224,48.5521],[-2.2165,48.554],[-2.2161,48.5553],[-2.2198,48.5603],[-2.2151,48.5632],[-2.2163,48.5648],[-2.2137,48.5691],[-2.2172,48.5712],[-2.2141,48.5729],[-2.2078,48.5737],[-2.2056,48.5756],[-2.2066,48.5794],[-2.2017,48.581],[-2.202,48.5839],[-2.198,48.5857],[-2.1912,48.5938],[-2.1924,48.5966],[-2.1948,48.5989],[-2.1917,48.6037],[-2.1926,48.6057],[-2.1951,48.6069],[-2.1932,48.6084],[-2.1904,48.607],[-2.1857,48.6062],[-2.1829,48.6029],[-2.1823,48.6004],[-2.1851,48.5955],[-2.1838,48.5921],[-2.1875,48.5892],[-2.1878,48.5868],[-2.1864,48.5815],[-2.1826,48.5771],[-2.178,48.5763],[-2.1755,48.5766],[-2.1713,48.5794],[-2.1643,48.579],[-2.166,48.5822],[-2.1638,48.583],[-2.1607,48.5866],[-2.1585,48.5874],[-2.154,48.5872],[-2.1528,48.5856],[-2.1538,48.5874],[-2.1599,48.5894],[-2.1653,48.5934],[-2.1689,48.5937],[-2.1704,48.5956],[-2.1677,48.5975],[-2.1681,48.5998],[-2.1669,48.6031],[-2.1623,48.6069],[-2.1558,48.6084],[-2.1527,48.6097],[-2.1532,48.6155],[-2.1496,48.6183],[-2.1468,48.6194],[-2.1411,48.6168],[-2.1429,48.6127],[-2.1425,48.611],[-2.1335,48.6081],[-2.1327,48.6058],[-2.1263,48.604],[-2.1238,48.6045],[-2.1235,48.6072],[-2.1307,48.6102],[-2.1295,48.6131],[-2.1348,48.6118],[-2.1372,48.6136],[-2.1358,48.6176],[-2.1381,48.6201],[-2.1405,48.6256],[-2.1451,48.6256],[-2.147,48.6272],[-2.1505,48.6273],[-2.1514,48.63],[-2.1472,48.6335],[-2.1444,48.6317],[-2.1407,48.632],[-2.1335,48.6354],[-2.1313,48.637],[-2.1267,48.635],[-2.1243,48.6353],[-2.121,48.6362],[-2.1162,48.6388],[-2.1164,48.6419],[-2.1129,48.6431],[-2.1122,48.6384],[-2.1107,48.6376],[-2.1061,48.6381],[-2.1035,48.6391],[-2.0987,48.6383],[-2.0956,48.6339],[-2.0896,48.6341],[-2.0821,48.6362],[-2.0806,48.6386],[-2.075,48.6405],[-2.0704,48.6384],[-2.0642,48.639],[-2.0625,48.6406],[-2.0571,48.6402],[-2.0549,48.6357],[-2.0522,48.6357],[-2.0478,48.6391],[-2.047,48.6361],[-2.0506,48.6338],[-2.0511,48.6314],[-2.0539,48.6294],[-2.0552,48.6268],[-2.05,48.6244],[-2.045,48.6254],[-2.0369,48.6261],[-2.0332,48.6272],[-2.03,48.6242],[-2.0308,48.6215],[-2.033,48.6204],[-2.0283,48.6166],[-2.0304,48.614],[-2.0337,48.6133],[-2.0349,48.6114],[-2.0334,48.6093],[-2.0309,48.6082],[-2.032,48.6038],[-2.0361,48.6018],[-2.029,48.6038],[-2.0252,48.6042],[-2.0251,48.598],[-2.0201,48.5976],[-2.0165,48.5936],[-2.0169,48.591],[-2.0139,48.5875],[-2.012,48.5865],[-2.0096,48.5885],[-2.0052,48.5882],[-2.0025,48.5864],[-2.0034,48.5841],[-2.0007,48.5824],[-1.9974,48.5843],[-1.9956,48.5823],[-1.9963,48.5802],[-1.9947,48.5783],[-1.9966,48.5769],[-2.0023,48.5771],[-2.0106,48.571],[-2.0107,48.569],[-2.0068,48.5672],[-2.0071,48.5657],[-2.0043,48.569],[-2.0008,48.5677],[-2.0007,48.5645],[-1.9976,48.5604],[-1.9928,48.5595],[-1.9922,48.5531],[-1.9958,48.5515],[-1.9925,48.5519],[-1.9874,48.5508],[-1.9863,48.5485],[-1.989,48.5462],[-1.9839,48.5445],[-1.9736,48.5449],[-1.9745,48.5407],[-1.9723,48.5349],[-1.9751,48.5318],[-1.9802,48.5283],[-1.9848,48.5261],[-1.984,48.5225],[-1.9866,48.5167],[-1.9801,48.5157],[-1.986,48.5112],[-1.9826,48.503],[-1.9823,48.5001],[-1.9855,48.4989],[-1.9899,48.4992],[-1.9948,48.4977],[-1.9947,48.4952],[-1.9963,48.4939],[-1.9995,48.4945],[-2.0021,48.4932],[-2.0016,48.4913],[-1.993,48.4934],[-1.9931,48.4969],[-1.9887,48.4967],[-1.9824,48.4978],[-1.9798,48.499],[-1.9812,48.5097],[-1.9782,48.5116],[-1.972,48.513],[-1.9688,48.5143],[-1.9695,48.5165],[-1.9682,48.5194],[-1.9703,48.5221],[-1.9644,48.5264],[-1.9623,48.5249],[-1.9584,48.5256],[-1.9572,48.5221],[-1.9549,48.5211],[-1.9523,48.5186],[-1.9456,48.5179],[-1.9543,48.522],[-1.9525,48.5257],[-1.9498,48.5281],[-1.9495,48.5309],[-1.9505,48.5345],[-1.9463,48.54],[-1.9593,48.5363],[-1.9682,48.5363],[-1.9695,48.5384],[-1.9662,48.541],[-1.9645,48.5456],[-1.9602,48.549],[-1.9629,48.556],[-1.9652,48.5571],[-1.9712,48.5575],[-1.9758,48.5563],[-1.9776,48.5567],[-1.9731,48.5614],[-1.9723,48.5643],[-1.974,48.5684],[-1.9767,48.5708],[-1.981,48.5719],[-1.982,48.5757],[-1.9833,48.5767],[-1.9866,48.5846],[-1.9825,48.5866],[-1.9777,48.5849],[-1.9749,48.5823],[-1.9728,48.5829],[-1.9615,48.5761],[-1.9555,48.5761],[-1.9539,48.5784],[-1.9551,48.5796],[-1.9615,48.5815],[-1.9657,48.5845],[-1.9604,48.5891],[-1.9623,48.5929],[-1.965,48.5928],[-1.9734,48.5892],[-1.9784,48.5933],[-1.9862,48.5945],[-1.9906,48.5929],[-1.9925,48.5943],[-1.9978,48.5902],[-2.0012,48.5937],[-2.0007,48.5984],[-1.9968,48.6021],[-1.9973,48.6036],[-2.0005,48.6029],[-2.0014,48.6001],[-2.0054,48.6015],[-2.0065,48.5995],[-2.0125,48.5989],[-2.0116,48.6007],[-2.0123,48.6039],[-2.0097,48.6056],[-2.0098,48.6073],[-2.005,48.6095],[-2.0021,48.6145],[-2.0035,48.6151],[-2.0078,48.6131],[-2.0143,48.6137],[-2.0154,48.6163],[-2.0179,48.6184],[-2.0155,48.622],[-2.0133,48.6235],[-2.0134,48.6273],[-2.0168,48.628],[-2.0188,48.6295],[-2.0218,48.6348],[-2.0262,48.635],[-2.0311,48.6342],[-2.0313,48.6377],[-2.0283,48.6389],[-2.0219,48.6362],[-2.0189,48.6388],[-2.0211,48.6408],[-2.0267,48.6414],[-2.0245,48.643],[-2.0259,48.646],[-2.0293,48.647],[-2.0279,48.6506],[-2.0225,48.6521],[-2.0149,48.6525],[-2.0091,48.6544],[-1.9949,48.6606],[-1.9888,48.6648],[-1.9897,48.6661],[-1.9867,48.6678],[-1.9825,48.6726],[-1.9822,48.6767],[-1.9857,48.677],[-1.9911,48.6827],[-1.9845,48.6813],[-1.9803,48.6823],[-1.9766,48.6843],[-1.9741,48.6831],[-1.9709,48.6855],[-1.9656,48.6873],[-1.9618,48.686],[-1.964,48.6835],[-1.9615,48.6808],[-1.9556,48.6809],[-1.9522,48.6834],[-1.948,48.6827],[-1.945,48.6848],[-1.9468,48.6892],[-1.9506,48.6908],[-1.9533,48.6905],[-1.9551,48.6875],[-1.9587,48.688],[-1.96,48.6895],[-1.9587,48.6915],[-1.9538,48.6921],[-1.9464,48.6918],[-1.941,48.6929],[-1.9381,48.6943],[-1.9382,48.6974],[-1.937,48.7027],[-1.933,48.7015],[-1.9319,48.698],[-1.9339,48.6967],[-1.9323,48.6937],[-1.9276,48.6924],[-1.9208,48.6929],[-1.9193,48.6955],[-1.916,48.6944],[-1.9153,48.6927],[-1.91,48.6903],[-1.9048,48.6899],[-1.8963,48.6928],[-1.8923,48.696],[-1.8906,48.6989],[-1.887,48.6993],[-1.8842,48.6969],[-1.8818,48.6981],[-1.8801,48.6959],[-1.8774,48.6957],[-1.8711,48.6977],[-1.869,48.6994],[-1.8693,48.701],[-1.8629,48.6999],[-1.8599,48.7023],[-1.854,48.706],[-1.8508,48.7066],[-1.8464,48.709],[-1.8437,48.7088],[-1.8453,48.7041],[-1.8497,48.7021],[-1.8497,48.6986],[-1.8457,48.6969],[-1.848,48.6943],[-1.847,48.6902],[-1.8408,48.6874],[-1.842,48.685],[-1.8384,48.6817],[-1.8375,48.6793],[-1.8441,48.6777],[-1.8467,48.676],[-1.8476,48.6735],[-1.8502,48.6727],[-1.8575,48.6691],[-1.8611,48.6686],[-1.8636,48.6662],[-1.8648,48.6633],[-1.8629,48.6586],[-1.8643,48.6573],[-1.8646,48.6552],[-1.8687,48.6526],[-1.8685,48.6492],[-1.872,48.6474],[-1.87,48.6437],[-1.8689,48.6397],[-1.8673,48.6398],[-1.8627,48.6329],[-1.8644,48.6323],[-1.8609,48.6279],[-1.8574,48.6247],[-1.8556,48.6246],[-1.8528,48.6219],[-1.8474,48.6188],[-1.8456,48.6164],[-1.841,48.6162],[-1.84,48.6139],[-1.8252,48.6107],[-1.8094,48.6079],[-1.7909,48.6062],[-1.7757,48.6035],[-1.7721,48.6045],[-1.7683,48.6024],[-1.7676,48.6024],[-1.7693,48.6056],[-1.7668,48.6061],[-1.7627,48.6037],[-1.7577,48.6037],[-1.7501,48.605],[-1.7106,48.6065],[-1.7012,48.6073],[-1.6912,48.6089],[-1.6885,48.6098],[-1.6745,48.6113],[-1.6685,48.6106],[-1.6651,48.61],[-1.6374,48.6148],[-1.5709,48.6263],[-1.5681,48.6239],[-1.5656,48.6196],[-1.5655,48.6144],[-1.5548,48.6092],[-1.544,48.6061],[-1.5468,48.6015],[-1.5383,48.5998],[-1.5373,48.5989],[-1.5443,48.5871],[-1.5431,48.5799],[-1.5402,48.5795],[-1.5346,48.5809],[-1.5316,48.5809],[-1.5282,48.5789],[-1.5283,48.575],[-1.5255,48.572],[-1.5228,48.5709],[-1.519,48.5667],[-1.5224,48.5636],[-1.5245,48.5651],[-1.5273,48.5654],[-1.5274,48.5617],[-1.5294,48.5602],[-1.5264,48.5567],[-1.5306,48.554],[-1.5335,48.5532],[-1.5346,48.5505],[-1.533,48.5462],[-1.5294,48.546],[-1.5299,48.5441],[-1.523,48.542],[-1.5206,48.5388],[-1.5167,48.5372],[-1.519,48.5345],[-1.5168,48.5326],[-1.5179,48.5298],[-1.5153,48.5303],[-1.5141,48.5282],[-1.5107,48.527],[-1.5119,48.5238],[-1.508,48.5231],[-1.5048,48.5152],[-1.5022,48.5151],[-1.5001,48.5117],[-1.4956,48.5087],[-1.4956,48.5041],[-1.4937,48.5003],[-1.4897,48.4962],[-1.4909,48.4921],[-1.4899,48.4893],[-1.4843,48.4913],[-1.4823,48.4868],[-1.4796,48.4872],[-1.4736,48.4853],[-1.4664,48.4885],[-1.4594,48.4848],[-1.4545,48.4877],[-1.4498,48.4875],[-1.4484,48.4855],[-1.4418,48.4836],[-1.4407,48.4807],[-1.4349,48.4779],[-1.4409,48.4719],[-1.4358,48.4676],[-1.4314,48.4657],[-1.4293,48.4622],[-1.4219,48.4603],[-1.4153,48.4629],[-1.4107,48.4605],[-1.4076,48.4601],[-1.4037,48.4615],[-1.3995,48.461],[-1.397,48.4622],[-1.3936,48.4614],[-1.3878,48.4579],[-1.3814,48.4568],[-1.3715,48.4599],[-1.3677,48.4621],[-1.3656,48.4661],[-1.3606,48.468],[-1.3569,48.4668],[-1.3535,48.468],[-1.3503,48.4716],[-1.3479,48.4713],[-1.3448,48.4729],[-1.3495,48.4817],[-1.3459,48.4836],[-1.3442,48.4872],[-1.3394,48.491],[-1.3371,48.4912],[-1.3321,48.4889],[-1.3304,48.4861],[-1.3287,48.4862],[-1.3315,48.4926],[-1.3277,48.4938],[-1.3293,48.4962],[-1.328,48.498],[-1.3226,48.4995],[-1.3177,48.496],[-1.3126,48.4983],[-1.3057,48.4991],[-1.3006,48.499],[-1.2938,48.5061],[-1.2881,48.507],[-1.2875,48.5096],[-1.2808,48.5084],[-1.279,48.5093],[-1.2772,48.5141],[-1.2774,48.5159],[-1.275,48.517],[-1.2736,48.5202],[-1.2697,48.524],[-1.2686,48.5297],[-1.2728,48.5339],[-1.265,48.5383],[-1.2628,48.5402],[-1.2518,48.5438],[-1.2493,48.5437],[-1.2489,48.5437],[-1.2492,48.5417],[-1.2462,48.5403],[-1.2421,48.54],[-1.2389,48.5377],[-1.2336,48.5383],[-1.2314,48.5376],[-1.2251,48.5376],[-1.2219,48.5385],[-1.2173,48.537],[-1.2137,48.5394],[-1.2065,48.539],[-1.2068,48.5423],[-1.2038,48.5412],[-1.1994,48.5352],[-1.1986,48.5314],[-1.1958,48.5315],[-1.1929,48.5288],[-1.1885,48.5287],[-1.1831,48.5283],[-1.1812,48.5299],[-1.1734,48.5303],[-1.1701,48.5312],[-1.1667,48.5302],[-1.1631,48.5277],[-1.162,48.5243],[-1.158,48.5232],[-1.1558,48.5198],[-1.1499,48.5191],[-1.1472,48.5178],[-1.1392,48.5184],[-1.1334,48.5222],[-1.1273,48.5207],[-1.1172,48.5217],[-1.115,48.5183],[-1.1074,48.5156],[-1.1039,48.5131],[-1.0991,48.5133],[-1.0962,48.5114],[-1.0912,48.5105],[-1.0893,48.5111],[-1.0813,48.5111],[-1.0734,48.508],[-1.0701,48.5088],[-1.0669,48.5048],[-1.0703,48.5027],[-1.0754,48.501],[-1.0763,48.4974],[-1.0762,48.4935],[-1.0782,48.4918],[-1.0785,48.4895],[-1.0764,48.4876],[-1.0738,48.4878],[-1.07,48.4855],[-1.0751,48.482],[-1.0754,48.4774],[-1.074,48.4739],[-1.0716,48.4734],[-1.0712,48.4694],[-1.0682,48.4707],[-1.0639,48.4673],[-1.0671,48.4602],[-1.0652,48.4564],[-1.0664,48.4527],[-1.0652,48.4514],[-1.0678,48.4492],[-1.0714,48.4478],[-1.0812,48.4412],[-1.0808,48.4389],[-1.0829,48.4348],[-1.0813,48.4291],[-1.0782,48.4245],[-1.0781,48.4222],[-1.0789,48.4183],[-1.0805,48.4169],[-1.0801,48.4142],[-1.0779,48.4129],[-1.0745,48.4091],[-1.0704,48.4075],[-1.0687,48.4055],[-1.0672,48.4016],[-1.0637,48.3995],[-1.0623,48.397],[-1.063,48.3945],[-1.0585,48.3902],[-1.0581,48.3884],[-1.0543,48.3843],[-1.053,48.381],[-1.0542,48.3791],[-1.0571,48.3791],[-1.0581,48.3747],[-1.0646,48.3699],[-1.0645,48.367],[-1.0589,48.367],[-1.0557,48.3647],[-1.0554,48.3621],[-1.059,48.3594],[-1.0606,48.3551],[-1.0597,48.3529],[-1.0602,48.3491],[-1.057,48.345],[-1.056,48.3411],[-1.0537,48.338],[-1.0505,48.3358],[-1.0462,48.3302],[-1.0451,48.3278],[-1.0486,48.3254],[-1.0513,48.3222],[-1.0532,48.3219],[-1.0553,48.3185],[-1.0613,48.3115],[-1.0614,48.3112],[-1.0661,48.3094],[-1.0703,48.3059],[-1.0829,48.2976],[-1.0865,48.2907],[-1.0904,48.2894],[-1.0908,48.2852],[-1.0927,48.2827],[-1.0934,48.2776],[-1.0926,48.2751],[-1.0936,48.2729],[-1.0975,48.2713],[-1.1,48.2685],[-1.102,48.2627],[-1.0992,48.2604],[-1.1,48.2582],[-1.0987,48.2557],[-1.0993,48.2501],[-1.0945,48.2463],[-1.0926,48.2425],[-1.0937,48.2407],[-1.0902,48.2391],[-1.0913,48.2322],[-1.0863,48.2307],[-1.0842,48.2269],[-1.0845,48.2208],[-1.0807,48.2196],[-1.0824,48.2176],[-1.0825,48.2151],[-1.0848,48.2136],[-1.0844,48.2118],[-1.0872,48.2101],[-1.0861,48.2084],[-1.0815,48.2067],[-1.0817,48.2048],[-1.078,48.2036],[-1.0737,48.2],[-1.0767,48.1966],[-1.0777,48.1902],[-1.0774,48.1869],[-1.0797,48.1839],[-1.0786,48.18],[-1.0803,48.1776],[-1.08,48.1747],[-1.0758,48.1734],[-1.075,48.1706],[-1.0785,48.1691],[-1.0773,48.167],[-1.0728,48.1658],[-1.0737,48.1642],[-1.0728,48.1616],[-1.0744,48.1593],[-1.0688,48.1594],[-1.0642,48.1608],[-1.0631,48.1543],[-1.0603,48.1502],[-1.0611,48.1368],[-1.0601,48.1335],[-1.0583,48.1316],[-1.0594,48.1257],[-1.0569,48.1222],[-1.0565,48.1194],[-1.054,48.117],[-1.0549,48.1134],[-1.0547,48.1094],[-1.0531,48.1061],[-1.0518,48.1051],[-1.0507,48.1011],[-1.0507,48.0949],[-1.0493,48.0897],[-1.0446,48.0823],[-1.0405,48.0781],[-1.0342,48.0754],[-1.0254,48.0699],[-1.0214,48.0684],[-1.0266,48.0655],[-1.0284,48.0632],[-1.0283,48.0606],[-1.0281,48.0592],[-1.032,48.0569],[-1.0336,48.053],[-1.0319,48.0495],[-1.0287,48.048],[-1.0266,48.0456],[-1.0302,48.0434],[-1.0273,48.0394],[-1.0294,48.0382],[-1.0297,48.0359],[-1.0329,48.0335],[-1.0349,48.0334],[-1.0249,48.0203],[-1.0214,48.0176],[-1.0183,48.013],[-1.0166,48.0081],[-1.019,48.005],[-1.017,48.002],[-1.0198,48.0009],[-1.0199,47.9971],[-1.0227,47.9942],[-1.0282,47.9937],[-1.0304,47.9926],[-1.0382,47.9916],[-1.0456,47.9878],[-1.0454,47.9858],[-1.0527,47.9844],[-1.0623,47.9851],[-1.0651,47.9849],[-1.0682,47.9831],[-1.0719,47.9819],[-1.0789,47.9845],[-1.0816,47.9845],[-1.0837,47.9862],[-1.093,47.9876],[-1.0978,47.9866],[-1.0988,47.9886],[-1.108,47.9893],[-1.1107,47.9879],[-1.114,47.9888],[-1.1199,47.9858],[-1.1245,47.9869],[-1.1264,47.9856],[-1.1252,47.983],[-1.1283,47.9817],[-1.1275,47.9802],[-1.1245,47.9795],[-1.125,47.977],[-1.1278,47.9748],[-1.1253,47.9716],[-1.1326,47.9712],[-1.1325,47.9685],[-1.1361,47.9681],[-1.1373,47.9699],[-1.1415,47.9674],[-1.1486,47.9681],[-1.1491,47.9672],[-1.1566,47.9642],[-1.1561,47.9628],[-1.1585,47.9589],[-1.1605,47.9576],[-1.1589,47.9542],[-1.1616,47.9528],[-1.1612,47.9478],[-1.1622,47.9446],[-1.16,47.9394],[-1.1604,47.9385],[-1.1658,47.9369],[-1.1673,47.9341],[-1.1665,47.9312],[-1.1644,47.9302],[-1.1634,47.9276],[-1.1657,47.9248],[-1.1686,47.9181],[-1.1682,47.9163],[-1.1717,47.9125],[-1.1753,47.912],[-1.1768,47.9074],[-1.1762,47.9049],[-1.1771,47.9018],[-1.176,47.8975],[-1.1807,47.895],[-1.1819,47.8921],[-1.1879,47.8924],[-1.192,47.8913],[-1.1968,47.8891],[-1.1974,47.8838],[-1.1985,47.8823],[-1.1967,47.8773],[-1.1942,47.8766],[-1.1903,47.874],[-1.1889,47.8707],[-1.189,47.8679],[-1.1913,47.8658],[-1.1973,47.8638],[-1.199,47.8607],[-1.2031,47.8569],[-1.2065,47.8587],[-1.2102,47.8573],[-1.213,47.8573],[-1.2158,47.8574],[-1.219,47.8543],[-1.2229,47.8524],[-1.2216,47.8494],[-1.2181,47.8489],[-1.2147,47.847],[-1.2138,47.8443],[-1.2153,47.8366],[-1.216,47.8361],[-1.2169,47.8303],[-1.2214,47.8263],[-1.2225,47.8227],[-1.2201,47.821],[-1.2229,47.8193],[-1.2265,47.8205],[-1.2318,47.8204],[-1.2354,47.818],[-1.2337,47.8169],[-1.2381,47.8098],[-1.2426,47.8078],[-1.2399,47.8066],[-1.2402,47.8023],[-1.2366,47.7985],[-1.2375,47.7957],[-1.2408,47.7935],[-1.2413,47.7904],[-1.2446,47.7817],[-1.2444,47.7795],[-1.2461,47.7767],[-1.2583,47.7797],[-1.2687,47.7812],[-1.2906,47.7857],[-1.3021,47.7891],[-1.3182,47.7923],[-1.3249,47.7922],[-1.3373,47.7947],[-1.34,47.7952],[-1.3538,47.7979],[-1.3591,47.7981],[-1.3651,47.7991],[-1.3626,47.8035],[-1.3647,47.8066],[-1.3739,47.8082],[-1.378,47.81],[-1.3767,47.814],[-1.3778,47.8166],[-1.3803,47.8181],[-1.3805,47.8212],[-1.3819,47.8236],[-1.3884,47.8275],[-1.3935,47.8293],[-1.3985,47.8291],[-1.4012,47.8261],[-1.4055,47.8244],[-1.4095,47.8274],[-1.413,47.8288],[-1.4146,47.8275],[-1.4177,47.8274],[-1.4214,47.8315],[-1.4235,47.8328],[-1.4289,47.833],[-1.437,47.8308],[-1.4397,47.8305],[-1.4439,47.8324],[-1.4487,47.8327],[-1.4527,47.8315],[-1.4571,47.8311],[-1.46,47.8328],[-1.4609,47.8354],[-1.4627,47.8359],[-1.4675,47.8338],[-1.4717,47.833],[-1.4751,47.8337],[-1.4755,47.8352],[-1.4799,47.8352],[-1.4828,47.8316],[-1.4814,47.8283],[-1.4774,47.8269],[-1.474,47.8231],[-1.474,47.8198],[-1.4697,47.8147],[-1.4699,47.8125],[-1.4672,47.8098],[-1.4669,47.8073],[-1.4686,47.806],[-1.4706,47.8038],[-1.474,47.8018],[-1.4841,47.8007],[-1.489,47.7994],[-1.491,47.7982],[-1.4996,47.7984],[-1.5028,47.8],[-1.5029,47.8015],[-1.5124,47.7972],[-1.5208,47.7934],[-1.5231,47.7904],[-1.5291,47.7848],[-1.5384,47.7841],[-1.543,47.7831],[-1.5501,47.7829],[-1.5533,47.7851],[-1.5565,47.7843],[-1.5628,47.7812],[-1.5654,47.7787],[-1.5691,47.7796],[-1.571,47.7786],[-1.5754,47.7783],[-1.5823,47.7783],[-1.5861,47.7796],[-1.59,47.7764],[-1.594,47.7757],[-1.5943,47.7726],[-1.5984,47.7697],[-1.5942,47.7685],[-1.5939,47.7672],[-1.5982,47.7665],[-1.6046,47.7629],[-1.6074,47.763],[-1.6099,47.7645],[-1.6136,47.7644],[-1.6162,47.7624],[-1.6198,47.7641],[-1.6232,47.7635],[-1.6237,47.7621],[-1.6273,47.7597],[-1.6262,47.7583],[-1.6283,47.7522],[-1.6328,47.7458],[-1.6335,47.7434],[-1.6365,47.7424],[-1.637,47.7381],[-1.6399,47.7261],[-1.6382,47.7223],[-1.6443,47.7221],[-1.6483,47.721],[-1.6499,47.7177],[-1.6524,47.7173],[-1.6557,47.7153],[-1.6547,47.7124],[-1.6566,47.71],[-1.6607,47.7092],[-1.662,47.7115],[-1.665,47.7127],[-1.6734,47.7117],[-1.6744,47.7123],[-1.6831,47.7114],[-1.6853,47.713],[-1.6888,47.7134],[-1.693,47.7123],[-1.6954,47.7141],[-1.7037,47.7147],[-1.7073,47.7144],[-1.7046,47.7081],[-1.7036,47.7005],[-1.7086,47.7015],[-1.7137,47.6994],[-1.7176,47.6999],[-1.7213,47.6985],[-1.7294,47.6992],[-1.7327,47.7017],[-1.7375,47.7048],[-1.7432,47.7052],[-1.7451,47.7068],[-1.752,47.7076],[-1.7571,47.7046],[-1.7596,47.7046],[-1.7633,47.702],[-1.7711,47.6983],[-1.7807,47.6998],[-1.7857,47.6998],[-1.7899,47.7021],[-1.7965,47.7008],[-1.8023,47.7014],[-1.8042,47.7032],[-1.8126,47.7044],[-1.8168,47.7058],[-1.8204,47.7047],[-1.8256,47.7085],[-1.8293,47.7094],[-1.8348,47.7083],[-1.8379,47.7069],[-1.8403,47.7055],[-1.8534,47.7083],[-1.8566,47.7084],[-1.8621,47.7077],[-1.8648,47.7065],[-1.8658,47.703],[-1.8715,47.7],[-1.878,47.6954],[-1.8828,47.6952],[-1.8849,47.6959],[-1.8893,47.6953],[-1.8916,47.6963],[-1.8953,47.6961],[-1.909,47.6931],[-1.9119,47.6917],[-1.9172,47.6914],[-1.9237,47.6894],[-1.9351,47.6871],[-1.9418,47.6839],[-1.9539,47.6721],[-1.9565,47.6712],[-1.9613,47.671],[-1.9668,47.6718],[-1.9695,47.6736],[-1.9687,47.6798],[-1.969,47.6897],[-1.9721,47.6918],[-1.9726,47.6941],[-1.9736,47.6944],[-1.9779,47.6917],[-1.9804,47.6888],[-1.9827,47.6876],[-1.9817,47.6858],[-1.9845,47.6849],[-1.9872,47.6817],[-1.9945,47.6775],[-1.9996,47.6758],[-2.0019,47.674],[-2.0068,47.6729],[-2.0122,47.6665],[-2.0189,47.6672],[-2.0289,47.667],[-2.0389,47.6697],[-2.0431,47.6657],[-2.0471,47.6641],[-2.0496,47.6618],[-2.0481,47.658],[-2.0511,47.6528],[-2.0512,47.6499],[-2.054,47.6493],[-2.0617,47.65],[-2.0674,47.6497],[-2.074,47.6519],[-2.0815,47.6501],[-2.0839,47.6483],[-2.0867,47.6441],[-2.0908,47.6421],[-2.0916,47.6382],[-2.0967,47.6317],[-2.091,47.6286],[-2.0865,47.6241],[-2.0851,47.6218],[-2.084,47.6174],[-2.0844,47.613],[-2.0838,47.6112],[-2.0854,47.6068],[-2.0861,47.6041],[-2.0881,47.6022],[-2.1018,47.5963],[-2.1035,47.5933],[-2.1033,47.5883],[-2.0996,47.5815],[-2.1016,47.5783],[-2.1051,47.5775],[-2.1032,47.5748],[-2.1011,47.5774],[-2.0967,47.5727],[-2.1001,47.5615],[-2.1001,47.559],[-2.1014,47.5561],[-2.101,47.5534],[-2.1048,47.5489],[-2.103,47.545],[-2.0983,47.5423],[-2.0969,47.5407],[-2.0984,47.5383],[-2.0988,47.5335],[-2.1078,47.5308],[-2.1145,47.5285],[-2.1188,47.5281],[-2.1237,47.5285],[-2.1282,47.5297],[-2.1324,47.5299],[-2.1306,47.5275],[-2.135,47.5258],[-2.144,47.5251],[-2.1513,47.5227],[-2.156,47.522],[-2.1549,47.5147],[-2.1529,47.5105],[-2.1542,47.5078],[-2.1547,47.5027],[-2.1543,47.4964],[-2.1568,47.496],[-2.1633,47.4908],[-2.1642,47.4892],[-2.1678,47.4907],[-2.1731,47.4921],[-2.1812,47.4911],[-2.1898,47.4943],[-2.1922,47.4967],[-2.1925,47.5001],[-2.1887,47.5],[-2.1836,47.5018],[-2.1844,47.505],[-2.1864,47.5064],[-2.1846,47.5122],[-2.1877,47.5125],[-2.1985,47.5112],[-2.2078,47.5102],[-2.2112,47.5088],[-2.215,47.5085],[-2.2172,47.5058],[-2.2223,47.5048],[-2.2228,47.5023],[-2.2286,47.5004],[-2.2292,47.4989],[-2.2368,47.4967],[-2.2438,47.4939],[-2.2656,47.5018],[-2.2603,47.5045],[-2.2572,47.5052],[-2.255,47.5083],[-2.2549,47.5116],[-2.2577,47.5119],[-2.2613,47.5138],[-2.2658,47.5119],[-2.2666,47.5105],[-2.2708,47.5108],[-2.2743,47.5127],[-2.2768,47.5112],[-2.2817,47.51],[-2.2871,47.5132],[-2.2941,47.514],[-2.297,47.5158],[-2.2985,47.5159],[-2.2968,47.5133],[-2.2968,47.5092],[-2.2991,47.5044],[-2.299,47.5004],[-2.3018,47.4976],[-2.3041,47.4915],[-2.3094,47.4887],[-2.3131,47.4859],[-2.3138,47.4822],[-2.3133,47.4787],[-2.3144,47.4763],[-2.3128,47.4721],[-2.3129,47.4685],[-2.3117,47.4651],[-2.3174,47.4611],[-2.3275,47.4597],[-2.3383,47.4596],[-2.34,47.4584],[-2.344,47.4587],[-2.3461,47.4576],[-2.3496,47.4578],[-2.3532,47.4544],[-2.3598,47.4572],[-2.3648,47.4609],[-2.3682,47.4643],[-2.371,47.4634],[-2.3776,47.4628],[-2.381,47.463],[-2.384,47.4621],[-2.3834,47.4599],[-2.3893,47.4571],[-2.3983,47.4559],[-2.4054,47.4574],[-2.4142,47.46],[-2.4166,47.4601],[-2.4169,47.464],[-2.4182,47.4671],[-2.4231,47.4684],[-2.4197,47.471],[-2.4195,47.4732],[-2.4231,47.4772],[-2.4297,47.4757],[-2.429,47.4734],[-2.4317,47.4719],[-2.4339,47.4726],[-2.435,47.4696],[-2.4376,47.4661],[-2.4421,47.4663],[-2.4454,47.4647],[-2.4481,47.4645],[-2.4532,47.4625],[-2.4534,47.4555],[-2.4565,47.4503],[-2.4588,47.4481],[-2.4682,47.4497],[-2.4703,47.4487],[-2.4724,47.4456],[-2.4758,47.4459],[-2.4787,47.4449],[-2.4794,47.4418],[-2.4868,47.4454],[-2.4914,47.4468],[-2.4949,47.4511],[-2.4942,47.4526],[-2.4975,47.4563],[-2.5006,47.4587],[-2.4939,47.4613],[-2.4937,47.4643],[-2.4891,47.467],[-2.4892,47.4704],[-2.488,47.4712],[-2.4909,47.4768],[-2.4953,47.482],[-2.4994,47.4854],[-2.5012,47.4896],[-2.4993,47.491],[-2.4987,47.4947],[-2.4937,47.4966],[-2.4888,47.4963],[-2.4868,47.4948],[-2.4818,47.4957],[-2.4745,47.4918],[-2.4735,47.4898],[-2.4679,47.4874],[-2.463,47.4875],[-2.4522,47.4903],[-2.4472,47.4946],[-2.4398,47.4937],[-2.4311,47.4944],[-2.4263,47.4943],[-2.4222,47.4931],[-2.4258,47.4904],[-2.4268,47.4883],[-2.4235,47.4858],[-2.4219,47.4889],[-2.4243,47.4905],[-2.4208,47.493],[-2.4099,47.491],[-2.4064,47.4898],[-2.4035,47.4951],[-2.4004,47.4945],[-2.3982,47.4991],[-2.3934,47.5013],[-2.391,47.5011],[-2.3865,47.4971],[-2.3839,47.4988],[-2.3821,47.5001],[-2.3837,47.5025],[-2.3901,47.5066],[-2.3987,47.5052],[-2.4018,47.5035],[-2.4032,47.501],[-2.4065,47.5],[-2.4087,47.5014],[-2.4082,47.5033],[-2.4109,47.504],[-2.4106,47.5005],[-2.4093,47.4978],[-2.4153,47.4964],[-2.4185,47.4971],[-2.4224,47.4996],[-2.429,47.5003],[-2.4396,47.4986],[-2.4418,47.4992],[-2.4451,47.5002],[-2.4471,47.5021],[-2.4543,47.507],[-2.4603,47.508],[-2.4638,47.5095],[-2.4669,47.5121],[-2.4693,47.512],[-2.4753,47.5133],[-2.4798,47.5132],[-2.4839,47.5149],[-2.485,47.5165],[-2.4916,47.516],[-2.5001,47.5179],[-2.5022,47.5208],[-2.5066,47.5239],[-2.5178,47.5271],[-2.5216,47.527],[-2.5247,47.5247],[-2.5287,47.5254],[-2.5349,47.5236],[-2.5332,47.5286],[-2.5359,47.5289],[-2.5386,47.5263],[-2.5366,47.5242],[-2.5443,47.5227],[-2.5449,47.5181],[-2.5521,47.5148],[-2.5544,47.5119],[-2.559,47.5135],[-2.5704,47.5164],[-2.5773,47.5163],[-2.5825,47.5174],[-2.59,47.5179],[-2.597,47.5175],[-2.6044,47.516],[-2.6067,47.5132],[-2.6116,47.5085],[-2.6179,47.5066],[-2.6198,47.5049],[-2.6251,47.5048],[-2.6277,47.5055],[-2.6322,47.5045],[-2.6338,47.5063],[-2.6317,47.5094],[-2.6338,47.5111],[-2.6397,47.5164],[-2.6436,47.5162],[-2.6501,47.5183],[-2.6615,47.5182],[-2.6632,47.5195],[-2.667,47.5158],[-2.6681,47.5117],[-2.6655,47.5092],[-2.6713,47.5049],[-2.6758,47.5006],[-2.6806,47.4978],[-2.6815,47.4954],[-2.6796,47.4939],[-2.6756,47.4942],[-2.6754,47.4918],[-2.6793,47.4924],[-2.6845,47.4963],[-2.6945,47.5003],[-2.7152,47.5058],[-2.7236,47.5068],[-2.7302,47.5065],[-2.737,47.5051],[-2.7406,47.5032],[-2.74,47.5004],[-2.7464,47.5001],[-2.747,47.4992],[-2.756,47.4975],[-2.7711,47.4975],[-2.7805,47.4957],[-2.7863,47.4929],[-2.7866,47.4898],[-2.7922,47.4889],[-2.7928,47.4845],[-2.7977,47.4854],[-2.7995,47.487],[-2.8046,47.4887],[-2.81,47.4886],[-2.8123,47.4868],[-2.8153,47.4867],[-2.8213,47.4897],[-2.8237,47.4894],[-2.8291,47.4922],[-2.8334,47.4925],[-2.8379,47.4939],[-2.8428,47.4963],[-2.8462,47.4971],[-2.8513,47.5005],[-2.849,47.5036],[-2.8488,47.5081],[-2.847,47.5119],[-2.8502,47.5152],[-2.8553,47.5184],[-2.8584,47.519],[-2.8595,47.5231],[-2.8645,47.5276],[-2.8694,47.5304],[-2.8747,47.5341],[-2.884,47.5371],[-2.8921,47.5383],[-2.8966,47.538],[-2.8975,47.5353],[-2.8997,47.5344],[-2.9036,47.5344],[-2.9056,47.5371],[-2.9016,47.5392],[-2.8925,47.5426],[-2.8935,47.5461],[-2.8957,47.5457],[-2.8992,47.5424],[-2.9049,47.5429],[-2.9122,47.5421],[-2.9132,47.5455],[-2.9179,47.546],[-2.9193,47.5483],[-2.9169,47.5489],[-2.9131,47.5476],[-2.9097,47.5484],[-2.9081,47.5506],[-2.91,47.5535],[-2.9132,47.5536],[-2.9149,47.5552],[-2.9107,47.5563],[-2.9086,47.5582],[-2.9018,47.5599],[-2.9002,47.5627],[-2.8974,47.5633],[-2.8969,47.5583],[-2.8949,47.5547],[-2.8915,47.5582],[-2.8884,47.5596],[-2.8863,47.5574],[-2.8832,47.5567],[-2.8826,47.5596],[-2.8832,47.5629],[-2.8808,47.5641],[-2.8781,47.5639],[-2.8765,47.5606],[-2.8791,47.557],[-2.8787,47.5553],[-2.8754,47.5543],[-2.8698,47.5555],[-2.8703,47.5526],[-2.8679,47.5513],[-2.8642,47.553],[-2.8582,47.5508],[-2.8591,47.5484],[-2.858,47.545],[-2.8628,47.5418],[-2.8615,47.5401],[-2.8543,47.5387],[-2.8523,47.5371],[-2.8491,47.5399],[-2.8537,47.5418],[-2.8509,47.545],[-2.8509,47.547],[-2.8484,47.5482],[-2.8458,47.5475],[-2.8448,47.5451],[-2.8408,47.5439],[-2.8382,47.544],[-2.8299,47.5478],[-2.8305,47.545],[-2.8293,47.5431],[-2.8199,47.5437],[-2.8191,47.5482],[-2.8201,47.5501],[-2.8238,47.5512],[-2.8245,47.5544],[-2.824,47.5569],[-2.8206,47.5558],[-2.8175,47.5561],[-2.8136,47.5532],[-2.8071,47.5564],[-2.8053,47.5552],[-2.8072,47.5516],[-2.8055,47.5499],[-2.8053,47.5476],[-2.8072,47.5458],[-2.8073,47.5409],[-2.8005,47.5398],[-2.7964,47.5429],[-2.7999,47.5476],[-2.7967,47.5484],[-2.7941,47.5502],[-2.7899,47.5508],[-2.7874,47.5528],[-2.7848,47.5521],[-2.7853,47.5472],[-2.7829,47.5455],[-2.7802,47.5461],[-2.7784,47.548],[-2.7761,47.5469],[-2.7763,47.5449],[-2.7787,47.5438],[-2.7809,47.5405],[-2.7754,47.5382],[-2.7741,47.5392],[-2.7645,47.5387],[-2.7647,47.5403],[-2.768,47.5413],[-2.7674,47.5439],[-2.7623,47.5386],[-2.7583,47.5372],[-2.7523,47.5379],[-2.7475,47.5403],[-2.7423,47.5442],[-2.7332,47.5427],[-2.7296,47.5446],[-2.7287,47.5485],[-2.7302,47.5506],[-2.7348,47.5532],[-2.7313,47.554],[-2.7291,47.5574],[-2.7298,47.5582],[-2.7265,47.5645],[-2.7289,47.5681],[-2.7213,47.5719],[-2.7189,47.5719],[-2.7136,47.5798],[-2.7186,47.5839],[-2.7178,47.585],[-2.7193,47.589],[-2.7219,47.5913],[-2.7258,47.5908],[-2.7288,47.5921],[-2.7276,47.5955],[-2.7227,47.5928],[-2.7183,47.5923],[-2.7195,47.5962],[-2.7175,47.5985],[-2.7224,47.6039],[-2.7255,47.6034],[-2.7281,47.6019],[-2.7307,47.6054],[-2.7351,47.6032],[-2.7323,47.6017],[-2.734,47.5998],[-2.7399,47.6039],[-2.7437,47.6056],[-2.7493,47.6093],[-2.7535,47.6099],[-2.7586,47.6154],[-2.7647,47.614],[-2.769,47.6155],[-2.7727,47.6177],[-2.7783,47.6189],[-2.7795,47.623],[-2.7783,47.6254],[-2.7749,47.6255],[-2.7664,47.6223],[-2.7646,47.6232],[-2.7613,47.6213],[-2.7575,47.6202],[-2.7561,47.6179],[-2.7532,47.6174],[-2.7463,47.6188],[-2.7462,47.6173],[-2.7433,47.6146],[-2.7393,47.6138],[-2.7357,47.6143],[-2.7354,47.6158],[-2.7409,47.6188],[-2.7436,47.6224],[-2.7436,47.6242],[-2.7411,47.6261],[-2.742,47.6278],[-2.7452,47.6292],[-2.745,47.6322],[-2.7466,47.6302],[-2.7451,47.6282],[-2.7462,47.626],[-2.7462,47.6211],[-2.7497,47.6213],[-2.7521,47.624],[-2.7537,47.6281],[-2.7573,47.6296],[-2.758,47.632],[-2.7547,47.6342],[-2.755,47.6382],[-2.7605,47.6407],[-2.7618,47.6399],[-2.7624,47.6336],[-2.7642,47.6316],[-2.7702,47.6303],[-2.7762,47.6325],[-2.7795,47.6328],[-2.78,47.6308],[-2.7765,47.6276],[-2.7781,47.6265],[-2.7819,47.6261],[-2.7812,47.6227],[-2.782,47.6214],[-2.7862,47.6218],[-2.7902,47.6194],[-2.795,47.6204],[-2.7981,47.6184],[-2.8012,47.618],[-2.8049,47.621],[-2.8118,47.6225],[-2.8151,47.6219],[-2.8211,47.6197],[-2.8254,47.6158],[-2.8278,47.6161],[-2.83,47.6145],[-2.8349,47.6134],[-2.8301,47.6182],[-2.8333,47.6204],[-2.8352,47.6185],[-2.8396,47.6167],[-2.8446,47.6183],[-2.848,47.6179],[-2.8498,47.6197],[-2.8546,47.619],[-2.8559,47.6221],[-2.8593,47.6232],[-2.8638,47.6217],[-2.8662,47.6181],[-2.8696,47.6195],[-2.8665,47.6165],[-2.8626,47.6182],[-2.8591,47.6185],[-2.8562,47.6146],[-2.8629,47.6113],[-2.8673,47.6085],[-2.8675,47.6052],[-2.8643,47.6035],[-2.8617,47.6038],[-2.8589,47.6011],[-2.8618,47.5994],[-2.864,47.5967],[-2.87,47.5988],[-2.8751,47.5998],[-2.8854,47.6038],[-2.8884,47.6034],[-2.8918,47.5987],[-2.8901,47.5966],[-2.8886,47.5921],[-2.8908,47.5862],[-2.89,47.5832],[-2.896,47.5825],[-2.8953,47.5848],[-2.8975,47.5856],[-2.9027,47.5826],[-2.9054,47.5847],[-2.9039,47.587],[-2.9053,47.5904],[-2.9106,47.5922],[-2.9148,47.591],[-2.9149,47.5875],[-2.9187,47.5856],[-2.9173,47.5834],[-2.9202,47.5827],[-2.9219,47.5849],[-2.9256,47.5859],[-2.9278,47.5932],[-2.9263,47.594],[-2.9268,47.6012],[-2.9294,47.6026],[-2.9371,47.5967],[-2.9373,47.5947],[-2.9356,47.5921],[-2.9368,47.5909],[-2.934,47.5869],[-2.9364,47.5864],[-2.9388,47.5899],[-2.9385,47.5937],[-2.9421,47.5984],[-2.9433,47.6026],[-2.9456,47.6047],[-2.9464,47.6076],[-2.9501,47.6073],[-2.9509,47.6099],[-2.9465,47.6129],[-2.9488,47.614],[-2.9476,47.6163],[-2.9488,47.6178],[-2.9493,47.6213],[-2.9432,47.6256],[-2.9411,47.6261],[-2.9349,47.6252],[-2.9403,47.6285],[-2.947,47.6295],[-2.9557,47.6261],[-2.9583,47.6275],[-2.959,47.6294],[-2.9576,47.6318],[-2.9581,47.6338],[-2.9606,47.6362],[-2.9555,47.639],[-2.9678,47.6388],[-2.9678,47.641],[-2.964,47.6442],[-2.9638,47.6457],[-2.9667,47.649],[-2.9709,47.652],[-2.9734,47.6551],[-2.9779,47.6567],[-2.9811,47.6557],[-2.9776,47.6506],[-2.9754,47.6454],[-2.9701,47.6424],[-2.9717,47.6407],[-2.9714,47.6354],[-2.968,47.6325],[-2.9634,47.6342],[-2.9608,47.6311],[-2.9606,47.626],[-2.9572,47.6209],[-2.9551,47.6202],[-2.9566,47.618],[-2.9544,47.6156],[-2.9535,47.6127],[-2.9587,47.6152],[-2.9617,47.6126],[-2.9657,47.6114],[-2.962,47.6097],[-2.9637,47.6076],[-2.9687,47.6059],[-2.972,47.6068],[-2.9682,47.605],[-2.9662,47.605],[-2.9655,47.6019],[-2.9638,47.6009],[-2.9601,47.6011],[-2.9542,47.5973],[-2.9581,47.5938],[-2.96,47.5945],[-2.9651,47.5888],[-2.9628,47.5847],[-2.9592,47.5808],[-2.9563,47.5795],[-2.9475,47.5792],[-2.9448,47.5745],[-2.9463,47.5726],[-2.9443,47.5714],[-2.9426,47.5686],[-2.9379,47.5657],[-2.9365,47.5625],[-2.931,47.5594],[-2.9286,47.5594],[-2.9272,47.5568],[-2.9284,47.5542],[-2.936,47.5548],[-2.9381,47.554],[-2.9433,47.556],[-2.9476,47.5566],[-2.9518,47.5561],[-2.951,47.5582],[-2.9563,47.5638],[-2.9594,47.5629],[-2.9576,47.5608],[-2.958,47.5591],[-2.9612,47.5585],[-2.9638,47.5566],[-2.9624,47.5536],[-2.9718,47.5589],[-2.9686,47.5596],[-2.9688,47.5616],[-2.9739,47.5683],[-2.9704,47.5692],[-2.9723,47.5723],[-2.9777,47.575],[-2.9777,47.5767],[-2.982,47.5787],[-2.9856,47.5771],[-2.9922,47.5818],[-2.9893,47.5837],[-2.994,47.5862],[-2.9929,47.5875],[-2.9939,47.59],[-2.9974,47.5897],[-2.9965,47.5878],[-2.9979,47.585],[-2.9957,47.5819],[-2.9952,47.5795],[-2.9931,47.578],[-2.9925,47.5719],[-2.9967,47.5711],[-2.9975,47.568],[-3.0029,47.5676],[-3.0073,47.5684],[-3.008,47.5718],[-3.0105,47.5732],[-3.0121,47.5778],[-3.0121,47.5809],[-3.0165,47.5839],[-3.0191,47.5884],[-3.0214,47.5894],[-3.0231,47.5919],[-3.0271,47.5919],[-3.0283,47.5889],[-3.0265,47.5856],[-3.0261,47.5811],[-3.0223,47.5794],[-3.0233,47.5775],[-3.0225,47.575],[-3.0235,47.5733],[-3.0203,47.5711],[-3.0192,47.5677],[-3.0234,47.5674],[-3.0269,47.57],[-3.0277,47.5731],[-3.0397,47.5737],[-3.0392,47.5788],[-3.0409,47.5793],[-3.045,47.5782],[-3.0491,47.5785],[-3.0524,47.5776],[-3.0524,47.5749],[-3.0573,47.5716],[-3.0615,47.5723],[-3.0703,47.5716],[-3.0792,47.5692],[-3.0801,47.5675],[-3.0843,47.567],[-3.0896,47.5648],[-3.0927,47.5652],[-3.0974,47.5644],[-3.097,47.5681],[-3.1013,47.5699],[-3.1037,47.5726],[-3.1063,47.5738],[-3.106,47.5772],[-3.1011,47.5786],[-3.0964,47.578],[-3.0963,47.5764],[-3.0923,47.5757],[-3.0922,47.5796],[-3.0946,47.5811],[-3.1007,47.58],[-3.1043,47.581],[-3.1034,47.5839],[-3.1048,47.5853],[-3.1082,47.5851],[-3.113,47.5875],[-3.1141,47.5895],[-3.1198,47.5916],[-3.1211,47.5956],[-3.1259,47.5986],[-3.1293,47.5979],[-3.1312,47.596],[-3.1274,47.5921],[-3.1305,47.5887],[-3.1309,47.5817],[-3.1303,47.5804],[-3.1304,47.5741],[-3.1245,47.5721],[-3.1221,47.5747],[-3.1167,47.5772],[-3.1151,47.5754],[-3.1187,47.5731],[-3.1256,47.5661],[-3.1251,47.5647],[-3.127,47.5613],[-3.1294,47.5578],[-3.1297,47.5511],[-3.1336,47.5463],[-3.1341,47.5424],[-3.1311,47.5388],[-3.1334,47.532],[-3.1309,47.5267],[-3.1283,47.5258],[-3.1297,47.5229],[-3.1288,47.5205],[-3.126,47.518],[-3.1264,47.513],[-3.124,47.5111],[-3.1177,47.5097],[-3.1196,47.503],[-3.118,47.497],[-3.1134,47.4958],[-3.1114,47.4916],[-3.1087,47.4889],[-3.1047,47.4888],[-3.101,47.4849],[-3.0952,47.4833],[-3.0933,47.4807],[-3.0933,47.478],[-3.0914,47.4765],[-3.0887,47.4717],[-3.0937,47.4736],[-3.0984,47.4732],[-3.1054,47.4738],[-3.1098,47.4728],[-3.1137,47.4764],[-3.1179,47.4791],[-3.1222,47.479],[-3.1253,47.478],[-3.1307,47.4735],[-3.1347,47.4784],[-3.1379,47.4807],[-3.1378,47.482],[-3.1436,47.4842],[-3.1453,47.4885],[-3.143,47.4898],[-3.1425,47.492],[-3.1463,47.4927],[-3.1479,47.4947],[-3.1513,47.5041],[-3.1513,47.5064],[-3.149,47.5087],[-3.1526,47.5109],[-3.1508,47.5138],[-3.1531,47.5175],[-3.1525,47.5198],[-3.1542,47.5232],[-3.1599,47.5255],[-3.1585,47.5276],[-3.1536,47.5273],[-3.1508,47.5295],[-3.1448,47.5313],[-3.1396,47.5382],[-3.1383,47.5425],[-3.1353,47.5441],[-3.1352,47.5492],[-3.1384,47.5597],[-3.1394,47.5761],[-3.1404,47.5796],[-3.146,47.5889],[-3.1478,47.5929],[-3.1519,47.5987],[-3.1599,47.6067],[-3.1692,47.6121],[-3.1742,47.6144],[-3.1794,47.6149],[-3.1848,47.6174],[-3.1897,47.6215],[-3.194,47.6221],[-3.1974,47.6239],[-3.1982,47.6289],[-3.2003,47.6318],[-3.2053,47.637],[-3.2092,47.6393],[-3.2087,47.6406],[-3.2099,47.6448],[-3.2049,47.6477],[-3.2043,47.6491],[-3.2042,47.651],[-3.2067,47.655],[-3.2064,47.6581],[-3.2082,47.6622],[-3.2062,47.6649],[-3.1996,47.6624],[-3.1969,47.6622],[-3.1922,47.6607],[-3.1875,47.6609],[-3.191,47.663],[-3.1952,47.6631],[-3.203,47.6649],[-3.2045,47.6666],[-3.209,47.667],[-3.2084,47.67],[-3.2029,47.6704],[-3.1974,47.6734],[-3.1995,47.6754],[-3.1959,47.6781],[-3.1884,47.6799],[-3.1909,47.6815],[-3.1855,47.6852],[-3.1833,47.6842],[-3.1837,47.6823],[-3.1761,47.6813],[-3.1758,47.6831],[-3.1717,47.683],[-3.1682,47.6806],[-3.1623,47.68],[-3.1635,47.6821],[-3.1617,47.6839],[-3.1628,47.6864],[-3.158,47.6896],[-3.1569,47.6866],[-3.1551,47.6865],[-3.153,47.6889],[-3.1503,47.6893],[-3.1518,47.6929],[-3.1655,47.6956],[-3.1681,47.6953],[-3.1727,47.6929],[-3.1773,47.6941],[-3.1814,47.6928],[-3.1845,47.6935],[-3.1903,47.6908],[-3.1931,47.6907],[-3.1961,47.6883],[-3.203,47.6897],[-3.2067,47.6898],[-3.2096,47.6928],[-3.2121,47.6987],[-3.2156,47.6937],[-3.2131,47.6914],[-3.2088,47.6898],[-3.2065,47.6879],[-3.2105,47.6866],[-3.2116,47.6844],[-3.2022,47.684],[-3.2002,47.683],[-3.2031,47.6774],[-3.2079,47.677],[-3.2062,47.6717],[-3.2096,47.6712],[-3.2153,47.6721],[-3.214,47.6691],[-3.2161,47.6686],[-3.2184,47.6652],[-3.2151,47.6644],[-3.2121,47.6619],[-3.212,47.6578],[-3.2107,47.6552],[-3.2102,47.6511],[-3.2138,47.6447],[-3.2165,47.6457],[-3.2233,47.6497],[-3.2351,47.6577],[-3.2438,47.6629],[-3.2501,47.6649],[-3.2541,47.6689],[-3.2713,47.6788],[-3.2801,47.6828],[-3.291,47.6867],[-3.3029,47.6902],[-3.3183,47.6936],[-3.3265,47.6946],[-3.3345,47.6948],[-3.3417,47.6956],[-3.3499,47.6943],[-3.354,47.6917],[-3.353,47.6902],[-3.3576,47.6859],[-3.3608,47.6903],[-3.3551,47.6942],[-3.3547,47.6987],[-3.3513,47.6998],[-3.3483,47.6982],[-3.3474,47.6962],[-3.3425,47.6963],[-3.339,47.6985],[-3.3315,47.6985],[-3.3248,47.7019],[-3.3233,47.6994],[-3.3207,47.6988],[-3.3142,47.6954],[-3.3136,47.6935],[-3.3048,47.6923],[-3.3013,47.6906],[-3.2856,47.6862],[-3.2818,47.6857],[-3.2795,47.689],[-3.2815,47.691],[-3.2875,47.7003],[-3.2882,47.7032],[-3.2837,47.7042],[-3.285,47.7063],[-3.2883,47.7065],[-3.2902,47.7037],[-3.2933,47.7028],[-3.2965,47.7031],[-3.3024,47.7023],[-3.3056,47.7029],[-3.3095,47.705],[-3.3111,47.7077],[-3.3137,47.7077],[-3.3194,47.7064],[-3.322,47.7048],[-3.3273,47.7089],[-3.3323,47.7072],[-3.3412,47.7089],[-3.3443,47.7085],[-3.3452,47.7069],[-3.3494,47.7052],[-3.351,47.7032],[-3.3539,47.7033],[-3.3582,47.7066],[-3.3631,47.7088],[-3.3567,47.7109],[-3.3536,47.7085],[-3.3504,47.7102],[-3.3521,47.7147],[-3.3465,47.7138],[-3.343,47.7159],[-3.3431,47.7198],[-3.3491,47.7232],[-3.348,47.725],[-3.3444,47.7265],[-3.3445,47.7289],[-3.349,47.7297],[-3.3471,47.7332],[-3.3479,47.7345],[-3.3387,47.7352],[-3.3286,47.7355],[-3.3218,47.7353],[-3.3178,47.7381],[-3.3144,47.7418],[-3.3151,47.7449],[-3.3142,47.7464],[-3.3075,47.7474],[-3.3045,47.7514],[-3.3043,47.7546],[-3.3017,47.7582],[-3.3027,47.7627],[-3.2993,47.7668],[-3.298,47.7672],[-3.2964,47.7714],[-3.2936,47.7687],[-3.2868,47.7682],[-3.2822,47.7764],[-3.2829,47.7801],[-3.2868,47.7806],[-3.2886,47.7831],[-3.2925,47.7843],[-3.2931,47.7872],[-3.2896,47.7921],[-3.291,47.794],[-3.2954,47.7938],[-3.2913,47.7938],[-3.2964,47.7854],[-3.2949,47.782],[-3.2906,47.7811],[-3.287,47.778],[-3.2875,47.7757],[-3.2865,47.7732],[-3.2889,47.7716],[-3.2918,47.7718],[-3.2953,47.7754],[-3.2993,47.7749],[-3.3007,47.772],[-3.3001,47.7699],[-3.3031,47.7653],[-3.306,47.7651],[-3.3113,47.7624],[-3.3123,47.7607],[-3.3166,47.7568],[-3.3197,47.7561],[-3.3229,47.7582],[-3.3247,47.7578],[-3.3223,47.7507],[-3.3246,47.747],[-3.3292,47.7463],[-3.3332,47.7431],[-3.3411,47.7415],[-3.3449,47.7421],[-3.3478,47.7467],[-3.351,47.7567],[-3.3538,47.7604],[-3.3576,47.7625],[-3.3641,47.7615],[-3.3624,47.7587],[-3.3575,47.7585],[-3.3547,47.7572],[-3.3512,47.7486],[-3.3518,47.7459],[-3.3501,47.7442],[-3.3534,47.7398],[-3.3563,47.7318],[-3.3597,47.7294],[-3.3673,47.7286],[-3.3659,47.7272],[-3.368,47.7252],[-3.3707,47.7234],[-3.3679,47.7159],[-3.3745,47.713],[-3.3747,47.7103],[-3.3762,47.7091],[-3.3815,47.7074],[-3.3814,47.705],[-3.3874,47.7016],[-3.3917,47.7009],[-3.3951,47.7021],[-3.4077,47.7029],[-3.4119,47.7022],[-3.4156,47.7004],[-3.4208,47.7011],[-3.4235,47.7042],[-3.4256,47.7049],[-3.4304,47.7036],[-3.4326,47.7013],[-3.4353,47.701],[-3.44,47.6982],[-3.4435,47.6998],[-3.4453,47.6977],[-3.4502,47.6952],[-3.4542,47.6961],[-3.4543,47.6979],[-3.4606,47.6984],[-3.4627,47.7009],[-3.459,47.7014],[-3.4595,47.7034],[-3.4629,47.7057],[-3.4673,47.7073],[-3.4692,47.7068],[-3.4713,47.7101],[-3.4764,47.7104],[-3.4746,47.7128],[-3.4774,47.7153],[-3.4814,47.7149],[-3.4846,47.7166],[-3.4849,47.7187],[-3.4872,47.7221],[-3.4901,47.7242],[-3.4936,47.7247],[-3.4947,47.7285],[-3.497,47.7284],[-3.4996,47.7309],[-3.4993,47.7341],[-3.502,47.738],[-3.505,47.7442],[-3.5074,47.7473],[-3.5109,47.7504],[-3.5125,47.7533],[-3.5168,47.7563],[-3.523,47.7597],[-3.5236,47.7627],[-3.5296,47.7658],[-3.5287,47.7679],[-3.5257,47.7677],[-3.526,47.7705],[-3.5288,47.7721],[-3.53,47.7743],[-3.5304,47.7792],[-3.5294,47.7827],[-3.5255,47.7846],[-3.5257,47.7876],[-3.5288,47.7895],[-3.5249,47.7918],[-3.5251,47.7959],[-3.5234,47.7972],[-3.5274,47.7969],[-3.5287,47.7924],[-3.5313,47.7914],[-3.5309,47.7889],[-3.5281,47.7869],[-3.5312,47.7842],[-3.5334,47.7795],[-3.5331,47.7718],[-3.5314,47.7705],[-3.5331,47.767],[-3.5377,47.7658],[-3.5396,47.7626],[-3.5472,47.766],[-3.5509,47.7653],[-3.5513,47.7631],[-3.5542,47.7637],[-3.5574,47.7661],[-3.5644,47.7687],[-3.5681,47.7687],[-3.573,47.7699],[-3.5773,47.769],[-3.5804,47.7669],[-3.5843,47.7687],[-3.5896,47.768],[-3.5942,47.7684],[-3.5982,47.7702],[-3.6013,47.7687],[-3.6099,47.7709],[-3.6161,47.77],[-3.623,47.7712],[-3.6263,47.77],[-3.6294,47.7725],[-3.6339,47.7729],[-3.6355,47.7745],[-3.6397,47.7736],[-3.6412,47.7756],[-3.6453,47.774],[-3.6467,47.7789],[-3.6492,47.7796],[-3.6486,47.7819],[-3.6505,47.7826],[-3.6521,47.7794],[-3.6562,47.7791],[-3.6604,47.7797],[-3.6638,47.7819],[-3.6702,47.7809],[-3.6727,47.7773],[-3.677,47.776],[-3.6828,47.7775],[-3.6835,47.7792],[-3.6873,47.7794],[-3.6881,47.7811],[-3.6933,47.7829],[-3.6936,47.7848],[-3.704,47.7886],[-3.7058,47.7905],[-3.7081,47.7907],[-3.712,47.7941],[-3.7135,47.7938],[-3.7225,47.7994],[-3.7203,47.8014],[-3.7226,47.8034],[-3.7181,47.807],[-3.7153,47.8064],[-3.7126,47.8073],[-3.7107,47.8115],[-3.7079,47.8131],[-3.7029,47.8125],[-3.7003,47.8168],[-3.6965,47.819],[-3.6925,47.8185],[-3.6885,47.8193],[-3.6852,47.8186],[-3.6836,47.8207],[-3.6803,47.8223],[-3.6734,47.8234],[-3.6717,47.8244],[-3.6651,47.8239],[-3.6611,47.822],[-3.6579,47.8226],[-3.6557,47.8208],[-3.6512,47.8217],[-3.6583,47.8245],[-3.6626,47.8241],[-3.6653,47.8253],[-3.6731,47.8255],[-3.6756,47.8242],[-3.683,47.8231],[-3.6861,47.8205],[-3.6893,47.821],[-3.692,47.8202],[-3.6981,47.8228],[-3.6995,47.8201],[-3.704,47.8179],[-3.7054,47.8139],[-3.7083,47.8153],[-3.714,47.811],[-3.7216,47.8076],[-3.7245,47.8051],[-3.7286,47.8052],[-3.7306,47.8034],[-3.7348,47.8042],[-3.7419,47.8123],[-3.744,47.8179],[-3.7446,47.821],[-3.7428,47.8227],[-3.7443,47.8256],[-3.7436,47.8274],[-3.745,47.8298],[-3.7494,47.8325],[-3.7482,47.8346],[-3.7459,47.8351],[-3.7491,47.8449],[-3.7483,47.8478],[-3.7518,47.8472],[-3.7523,47.8449],[-3.7553,47.844],[-3.75,47.8442],[-3.7483,47.8419],[-3.7502,47.8398],[-3.7541,47.839],[-3.7534,47.8368],[-3.7573,47.8364],[-3.7542,47.8313],[-3.7517,47.8296],[-3.7514,47.8276],[-3.746,47.8265],[-3.7452,47.8241],[-3.7464,47.8211],[-3.7454,47.8189],[-3.7497,47.8165],[-3.7451,47.8143],[-3.7435,47.811],[-3.7413,47.8093],[-3.7394,47.8053],[-3.7412,47.8042],[-3.7401,47.8013],[-3.7379,47.8005],[-3.746,47.7954],[-3.7553,47.7927],[-3.7582,47.7909],[-3.7621,47.7902],[-3.7669,47.7913],[-3.7698,47.79],[-3.789,47.791],[-3.7958,47.7897],[-3.7999,47.7876],[-3.8021,47.789],[-3.8073,47.7895],[-3.807,47.7909],[-3.8111,47.7941],[-3.8157,47.7946],[-3.8208,47.7969],[-3.8265,47.7965],[-3.8286,47.7934],[-3.8311,47.7964],[-3.834,47.7962],[-3.8391,47.7974],[-3.84,47.796],[-3.8439,47.7946],[-3.8467,47.7922],[-3.8503,47.7917],[-3.8533,47.7948],[-3.8504,47.7972],[-3.8547,47.804],[-3.8601,47.8075],[-3.8654,47.8094],[-3.8717,47.8152],[-3.8773,47.8194],[-3.8795,47.8218],[-3.8838,47.8238],[-3.8869,47.8284],[-3.8914,47.8307],[-3.8937,47.8333],[-3.9018,47.8344],[-3.9005,47.8402],[-3.8984,47.8415],[-3.8986,47.8467],[-3.8947,47.8474],[-3.8916,47.8451],[-3.8898,47.8477],[-3.8924,47.849],[-3.8961,47.8494],[-3.8978,47.849],[-3.9061,47.8515],[-3.9085,47.8502],[-3.9135,47.855],[-3.9182,47.856],[-3.9128,47.8592],[-3.9068,47.8561],[-3.9035,47.8573],[-3.9017,47.86],[-3.9055,47.8605],[-3.9078,47.8626],[-3.9066,47.8636],[-3.9112,47.8665],[-3.9117,47.8711],[-3.9095,47.8748],[-3.9116,47.8762],[-3.9174,47.8738],[-3.9158,47.8694],[-3.9183,47.869],[-3.9228,47.8702],[-3.9244,47.8696],[-3.9298,47.8713],[-3.9291,47.8741],[-3.9308,47.8766],[-3.9313,47.88],[-3.9346,47.8826],[-3.9421,47.8843],[-3.947,47.887],[-3.9469,47.8901],[-3.9499,47.8926],[-3.9469,47.8966],[-3.9476,47.8984],[-3.9453,47.9029],[-3.946,47.9051],[-3.9484,47.8992],[-3.9511,47.8983],[-3.9522,47.8946],[-3.9552,47.8943],[-3.9589,47.8972],[-3.9673,47.8964],[-3.9732,47.8953],[-3.9746,47.8975],[-3.9731,47.8993],[-3.9736,47.9016],[-3.9773,47.9002],[-3.9794,47.9021],[-3.9816,47.8991],[-3.981,47.8963],[-3.9825,47.8933],[-3.9856,47.8958],[-3.9887,47.8955],[-3.9902,47.8971],[-3.9915,47.8945],[-3.9889,47.8933],[-3.9874,47.8909],[-3.9816,47.8889],[-3.9901,47.883],[-3.9851,47.8757],[-3.9855,47.8723],[-3.9846,47.8692],[-3.9859,47.8676],[-3.9843,47.865],[-3.9841,47.8612],[-3.9799,47.8573],[-3.9752,47.8558],[-3.9777,47.8538],[-3.9797,47.8544],[-3.9934,47.8532],[-4.0016,47.8516],[-4.0184,47.851],[-4.0262,47.8503],[-4.0354,47.848],[-4.0396,47.8449],[-4.0419,47.846],[-4.0465,47.85],[-4.0505,47.8528],[-4.0595,47.8569],[-4.0665,47.8589],[-4.0819,47.8616],[-4.0747,47.8616],[-4.06,47.8578],[-4.0588,47.8597],[-4.0636,47.8607],[-4.0681,47.8638],[-4.0731,47.8647],[-4.072,47.8669],[-4.0694,47.8682],[-4.0675,47.8708],[-4.0698,47.8688],[-4.075,47.8675],[-4.0799,47.8651],[-4.0876,47.8646],[-4.0901,47.863],[-4.0907,47.861],[-4.0989,47.8628],[-4.0997,47.8649],[-4.1022,47.8667],[-4.1006,47.8687],[-4.1016,47.8703],[-4.1056,47.8714],[-4.1101,47.8712],[-4.1146,47.8745],[-4.1168,47.8769],[-4.1168,47.8795],[-4.1147,47.8823],[-4.1076,47.8816],[-4.1057,47.8809],[-4.1083,47.8829],[-4.1145,47.8852],[-4.1165,47.8841],[-4.1243,47.8882],[-4.1253,47.8913],[-4.1216,47.8929],[-4.1163,47.8968],[-4.123,47.8934],[-4.1275,47.8928],[-4.1308,47.894],[-4.1329,47.8986],[-4.1356,47.8997],[-4.1373,47.8982],[-4.1415,47.9006],[-4.1431,47.9071],[-4.1446,47.9095],[-4.1436,47.9137],[-4.1417,47.9163],[-4.139,47.9224],[-4.1395,47.9257],[-4.1361,47.9246],[-4.1308,47.9253],[-4.1306,47.9297],[-4.1257,47.9305],[-4.1166,47.9303],[-4.1139,47.9314],[-4.1093,47.9367],[-4.1096,47.9419],[-4.1082,47.9423],[-4.1033,47.9399],[-4.1024,47.9426],[-4.1003,47.943],[-4.0966,47.9414],[-4.0962,47.9386],[-4.0921,47.9384],[-4.0896,47.9373],[-4.0839,47.9369],[-4.0797,47.9353],[-4.0728,47.9328],[-4.0691,47.9329],[-4.0726,47.9333],[-4.077,47.9349],[-4.0789,47.9375],[-4.0869,47.938],[-4.0892,47.9393],[-4.0932,47.9395],[-4.0929,47.9419],[-4.0909,47.9446],[-4.0877,47.9467],[-4.0846,47.9503],[-4.0814,47.9495],[-4.0773,47.95],[-4.0804,47.9522],[-4.0877,47.9511],[-4.0904,47.9485],[-4.0919,47.9456],[-4.0954,47.9426],[-4.1019,47.9444],[-4.1034,47.9422],[-4.1085,47.9429],[-4.1077,47.9507],[-4.1023,47.9503],[-4.0976,47.9534],[-4.0979,47.9545],[-4.096,47.9594],[-4.0954,47.9641],[-4.0958,47.9699],[-4.0972,47.9716],[-4.1017,47.9747],[-4.1075,47.9746],[-4.1133,47.9755],[-4.1139,47.9803],[-4.1173,47.9837],[-4.1184,47.9797],[-4.1166,47.975],[-4.1127,47.9722],[-4.1101,47.9716],[-4.1016,47.9716],[-4.1029,47.9676],[-4.1098,47.9639],[-4.1129,47.9665],[-4.1165,47.9649],[-4.1209,47.9654],[-4.1152,47.9636],[-4.1122,47.9607],[-4.1116,47.9565],[-4.1152,47.954],[-4.1201,47.9537],[-4.1189,47.9514],[-4.1136,47.9528],[-4.112,47.9499],[-4.1139,47.9477],[-4.113,47.9435],[-4.1114,47.9414],[-4.1111,47.9369],[-4.1143,47.9336],[-4.1183,47.9315],[-4.1247,47.9325],[-4.1289,47.9323],[-4.133,47.9295],[-4.1318,47.9267],[-4.1364,47.9259],[-4.1392,47.9272],[-4.1411,47.9264],[-4.1409,47.9217],[-4.1422,47.9193],[-4.1486,47.9126],[-4.1481,47.9099],[-4.1487,47.9065],[-4.1465,47.9045],[-4.1457,47.8974],[-4.1525,47.8973],[-4.1577,47.8959],[-4.159,47.8943],[-4.1627,47.8974],[-4.1645,47.8958],[-4.1675,47.8965],[-4.1689,47.8998],[-4.1721,47.9001],[-4.1732,47.9029],[-4.1728,47.9059],[-4.1759,47.9074],[-4.1748,47.902],[-4.1731,47.8991],[-4.1706,47.8978],[-4.1708,47.8947],[-4.1606,47.8931],[-4.1547,47.8949],[-4.1513,47.8944],[-4.1414,47.896],[-4.1381,47.8949],[-4.1363,47.8922],[-4.1339,47.8918],[-4.1298,47.8893],[-4.1292,47.8872],[-4.1215,47.8819],[-4.1243,47.8793],[-4.1228,47.8786],[-4.1203,47.875],[-4.1171,47.8729],[-4.113,47.8677],[-4.1125,47.8643],[-4.1133,47.8622],[-4.1173,47.864],[-4.1217,47.8646],[-4.1278,47.8634],[-4.1401,47.8596],[-4.1513,47.8547],[-4.157,47.8512],[-4.1637,47.8479],[-4.1668,47.8444],[-4.1691,47.8445],[-4.1686,47.8493],[-4.1652,47.8522],[-4.1663,47.8567],[-4.1679,47.8599],[-4.1711,47.8619],[-4.1697,47.8651],[-4.1744,47.872],[-4.1712,47.873],[-4.1717,47.8749],[-4.1742,47.8754],[-4.1787,47.8789],[-4.1821,47.8793],[-4.1848,47.8808],[-4.1831,47.8792],[-4.1834,47.8756],[-4.185,47.8749],[-4.1916,47.8763],[-4.1948,47.8738],[-4.1924,47.8726],[-4.1933,47.8703],[-4.1919,47.8674],[-4.1894,47.8661],[-4.1857,47.8673],[-4.1822,47.8674],[-4.1825,47.8638],[-4.178,47.8578],[-4.1761,47.8545],[-4.1764,47.852],[-4.1781,47.8506],[-4.1813,47.8541],[-4.1879,47.8584],[-4.189,47.861],[-4.1929,47.864],[-4.1934,47.866],[-4.1991,47.8604],[-4.1979,47.857],[-4.1962,47.8571],[-4.1936,47.8539],[-4.1943,47.8529],[-4.1926,47.8533],[-4.1893,47.8513],[-4.1874,47.8491],[-4.1903,47.8484],[-4.19,47.8453],[-4.1865,47.8451],[-4.1854,47.8432],[-4.1821,47.8422],[-4.1799,47.8393],[-4.1824,47.8373],[-4.1824,47.8357],[-4.1784,47.8357],[-4.1778,47.8342],[-4.1723,47.8341],[-4.168,47.8357],[-4.1639,47.8341],[-4.1591,47.8313],[-4.1632,47.8277],[-4.1614,47.8241],[-4.1668,47.8193],[-4.1672,47.816],[-4.1661,47.814],[-4.1724,47.8132],[-4.1757,47.8112],[-4.175,47.8076],[-4.1762,47.8052],[-4.1804,47.8036],[-4.1838,47.8001],[-4.1902,47.7987],[-4.1956,47.7966],[-4.2014,47.7994],[-4.2078,47.8002],[-4.2082,47.8014],[-4.2106,47.8033],[-4.2132,47.8028],[-4.2124,47.7981],[-4.2134,47.7957],[-4.2188,47.793],[-4.2264,47.7934],[-4.2339,47.7935],[-4.2492,47.7913],[-4.2553,47.792],[-4.2626,47.7915],[-4.2678,47.7904],[-4.273,47.792],[-4.2766,47.7914],[-4.2798,47.794],[-4.2736,47.7961],[-4.2714,47.7982],[-4.2726,47.8007],[-4.2752,47.7993],[-4.277,47.7959],[-4.2828,47.7931],[-4.2904,47.793],[-4.2926,47.7919],[-4.2935,47.7969],[-4.2961,47.799],[-4.3015,47.8013],[-4.3128,47.8007],[-4.3179,47.7998],[-4.3237,47.798],[-4.3457,47.7994],[-4.3542,47.7971],[-4.366,47.7958],[-4.3737,47.7978],[-4.3749,47.8037],[-4.3717,47.8076],[-4.3723,47.8111],[-4.3804,47.8175],[-4.3812,47.8191],[-4.3801,47.8217],[-4.3711,47.826],[-4.3678,47.8249],[-4.3668,47.8281],[-4.3625,47.8282],[-4.3613,47.826],[-4.3579,47.8262],[-4.3525,47.8284],[-4.3499,47.8304],[-4.3476,47.8331],[-4.3481,47.8358],[-4.3456,47.8404],[-4.3477,47.849],[-4.3505,47.8585],[-4.3523,47.863],[-4.3552,47.8707],[-4.3638,47.8894],[-4.3733,47.9056],[-4.3804,47.9167],[-4.3869,47.9259],[-4.3903,47.9296],[-4.3991,47.9374],[-4.4084,47.9428],[-4.4111,47.9482],[-4.4149,47.9538],[-4.4196,47.9596],[-4.424,47.9632],[-4.4273,47.9636],[-4.4324,47.9681],[-4.4358,47.9703],[-4.4414,47.9731],[-4.4446,47.974],[-4.4509,47.9811],[-4.4564,47.9822],[-4.4628,47.9848],[-4.4623,47.9858],[-4.4673,47.9846],[-4.4762,47.9862],[-4.4795,47.9914],[-4.4832,47.9939],[-4.4904,47.9966],[-4.4945,47.9994],[-4.5008,48.0019],[-4.5094,48.0047],[-4.5171,48.0064],[-4.5191,48.0049],[-4.5258,48.0061],[-4.532,48.0095],[-4.5348,48.0098],[-4.5371,48.012],[-4.5356,48.0153],[-4.5332,48.0174],[-4.5326,48.0214],[-4.5354,48.0246],[-4.5387,48.0226],[-4.5355,48.0201],[-4.5353,48.0182],[-4.5375,48.0168],[-4.5407,48.0127],[-4.5413,48.0108],[-4.548,48.0117],[-4.5521,48.011],[-4.5557,48.0095],[-4.5564,48.0053],[-4.5601,48.0024],[-4.5619,48.0024],[-4.5657,47.9997],[-4.5689,48],[-4.572,48.0028],[-4.5778,48.0047],[-4.5799,48.0039],[-4.5858,48.0056],[-4.5891,48.0073],[-4.5927,48.0078],[-4.5915,48.0101],[-4.5984,48.0153],[-4.603,48.0153],[-4.6084,48.0162],[-4.6123,48.0182],[-4.6168,48.0167],[-4.622,48.0193],[-4.6232,48.021],[-4.6268,48.0213],[-4.6288,48.0255],[-4.633,48.0296],[-4.641,48.0264],[-4.6427,48.0234],[-4.6501,48.0234],[-4.6504,48.0219],[-4.6555,48.0221],[-4.657,48.0236],[-4.6605,48.0241],[-4.6644,48.0269],[-4.6704,48.0259],[-4.6787,48.0272],[-4.6853,48.027],[-4.69,48.0263],[-4.6947,48.0287],[-4.6965,48.026],[-4.7069,48.0315],[-4.7113,48.0333],[-4.7232,48.0338],[-4.7267,48.033],[-4.7283,48.0352],[-4.7308,48.0361],[-4.738,48.0402],[-4.7303,48.0406],[-4.7261,48.0415],[-4.7248,48.0407],[-4.7204,48.042],[-4.7134,48.0415],[-4.7119,48.0428],[-4.7078,48.044],[-4.706,48.0467],[-4.7054,48.0492],[-4.7088,48.0504],[-4.7094,48.0526],[-4.7137,48.0576],[-4.713,48.06],[-4.7163,48.063],[-4.7143,48.0648],[-4.7111,48.0647],[-4.702,48.0622],[-4.6983,48.0623],[-4.6972,48.061],[-4.6933,48.0606],[-4.6894,48.062],[-4.6845,48.0612],[-4.6814,48.0627],[-4.6782,48.061],[-4.6744,48.0619],[-4.6709,48.0654],[-4.6677,48.0672],[-4.6692,48.0692],[-4.6652,48.0727],[-4.6627,48.0714],[-4.6626,48.0691],[-4.6574,48.0684],[-4.6473,48.0691],[-4.6438,48.0671],[-4.641,48.067],[-4.6376,48.0689],[-4.6319,48.0671],[-4.6288,48.0695],[-4.6297,48.0725],[-4.6244,48.0708],[-4.6213,48.0685],[-4.6181,48.0704],[-4.6086,48.0727],[-4.6054,48.0757],[-4.603,48.0752],[-4.5996,48.0765],[-4.5914,48.0749],[-4.5881,48.0779],[-4.5868,48.0802],[-4.5832,48.08],[-4.5817,48.0824],[-4.5778,48.0815],[-4.5725,48.0814],[-4.5672,48.0822],[-4.5649,48.0803],[-4.5584,48.078],[-4.5553,48.0783],[-4.5524,48.0761],[-4.5505,48.0776],[-4.5461,48.0778],[-4.5459,48.0807],[-4.542,48.0813],[-4.5422,48.084],[-4.5398,48.086],[-4.5398,48.0877],[-4.5361,48.0888],[-4.5326,48.0882],[-4.5281,48.0858],[-4.5251,48.0869],[-4.521,48.0867],[-4.5194,48.0879],[-4.5111,48.0903],[-4.5083,48.09],[-4.5053,48.0883],[-4.5004,48.0898],[-4.498,48.0881],[-4.4888,48.0862],[-4.4845,48.0879],[-4.4824,48.091],[-4.4774,48.0936],[-4.4772,48.0957],[-4.4658,48.0961],[-4.4658,48.0993],[-4.4628,48.0987],[-4.4622,48.0971],[-4.4573,48.0966],[-4.4496,48.0986],[-4.442,48.0963],[-4.439,48.097],[-4.4328,48.0973],[-4.4289,48.1001],[-4.4234,48.1],[-4.4237,48.1028],[-4.4202,48.1056],[-4.413,48.107],[-4.4097,48.1058],[-4.407,48.1036],[-4.4037,48.1056],[-4.3942,48.1043],[-4.3859,48.1053],[-4.379,48.1078],[-4.3756,48.1099],[-4.3682,48.1099],[-4.3623,48.1092],[-4.3595,48.1065],[-4.3524,48.1022],[-4.3477,48.1023],[-4.3456,48.1007],[-4.3415,48.1008],[-4.339,48.0981],[-4.3355,48.0967],[-4.3296,48.0971],[-4.3272,48.0983],[-4.3237,48.098],[-4.3246,48.095],[-4.3238,48.0932],[-4.32,48.0921],[-4.3151,48.0927],[-4.312,48.0919],[-4.3108,48.0903],[-4.3049,48.0892],[-4.2968,48.0919],[-4.2991,48.094],[-4.294,48.0984],[-4.2866,48.1034],[-4.2846,48.1079],[-4.2804,48.1188],[-4.2831,48.12],[-4.2838,48.1239],[-4.2856,48.1261],[-4.2827,48.1267],[-4.2763,48.1316],[-4.2753,48.1336],[-4.2695,48.1339],[-4.2711,48.1359],[-4.2728,48.1455],[-4.272,48.1472],[-4.2749,48.1505],[-4.2726,48.1523],[-4.2747,48.156],[-4.2832,48.1569],[-4.2857,48.1557],[-4.2915,48.1589],[-4.2951,48.1582],[-4.2965,48.1601],[-4.2937,48.1645],[-4.2975,48.1651],[-4.2991,48.1676],[-4.2972,48.1688],[-4.2935,48.1676],[-4.2917,48.1694],[-4.2923,48.1727],[-4.2911,48.1764],[-4.2933,48.1788],[-4.2951,48.1846],[-4.2985,48.1876],[-4.3044,48.1964],[-4.3079,48.1961],[-4.3124,48.1973],[-4.3173,48.2041],[-4.3208,48.204],[-4.3259,48.2021],[-4.3322,48.2064],[-4.3346,48.2072],[-4.3378,48.2055],[-4.3485,48.2072],[-4.3528,48.2059],[-4.3585,48.2054],[-4.362,48.2067],[-4.3693,48.2053],[-4.3742,48.2066],[-4.369,48.2095],[-4.3694,48.2106],[-4.3748,48.2162],[-4.3778,48.2187],[-4.3872,48.2195],[-4.391,48.2178],[-4.3923,48.2202],[-4.397,48.2206],[-4.3999,48.22],[-4.405,48.2225],[-4.406,48.2233],[-4.4125,48.2227],[-4.415,48.2235],[-4.4138,48.2256],[-4.4185,48.2276],[-4.4219,48.2266],[-4.4252,48.2293],[-4.4284,48.2286],[-4.433,48.2288],[-4.4285,48.2345],[-4.4321,48.2378],[-4.4417,48.235],[-4.439,48.232],[-4.4484,48.2358],[-4.4562,48.2359],[-4.4602,48.2354],[-4.4623,48.2387],[-4.4723,48.2378],[-4.477,48.2357],[-4.479,48.2364],[-4.4833,48.2362],[-4.486,48.2345],[-4.4897,48.2361],[-4.4985,48.233],[-4.5021,48.2293],[-4.504,48.2252],[-4.5018,48.2239],[-4.4987,48.2238],[-4.4955,48.2221],[-4.4946,48.22],[-4.4981,48.2168],[-4.5019,48.2164],[-4.5095,48.2127],[-4.5109,48.2089],[-4.5141,48.2067],[-4.5151,48.2046],[-4.5143,48.202],[-4.5158,48.1993],[-4.5191,48.198],[-4.5208,48.1947],[-4.5186,48.1917],[-4.5258,48.1881],[-4.5268,48.1858],[-4.5359,48.183],[-4.5396,48.1813],[-4.5406,48.1785],[-4.5388,48.177],[-4.5413,48.1746],[-4.54,48.1699],[-4.5432,48.1684],[-4.5452,48.1689],[-4.5539,48.1681],[-4.5585,48.1707],[-4.5575,48.1748],[-4.5598,48.1769],[-4.5531,48.1792],[-4.5513,48.181],[-4.552,48.1862],[-4.5505,48.1886],[-4.5539,48.1908],[-4.5512,48.1915],[-4.5501,48.1947],[-4.5514,48.1986],[-4.5526,48.2059],[-4.552,48.2088],[-4.5548,48.2129],[-4.558,48.2128],[-4.5566,48.216],[-4.5587,48.217],[-4.5603,48.2195],[-4.5585,48.2242],[-4.5618,48.2279],[-4.5612,48.2294],[-4.5631,48.2316],[-4.5655,48.2322],[-4.5706,48.2314],[-4.5705,48.2347],[-4.5672,48.2352],[-4.5657,48.2372],[-4.5614,48.2357],[-4.5527,48.2399],[-4.5453,48.2405],[-4.5439,48.244],[-4.5443,48.2482],[-4.5488,48.2551],[-4.5525,48.2559],[-4.557,48.2587],[-4.5636,48.2557],[-4.5714,48.2537],[-4.5755,48.2549],[-4.5823,48.2507],[-4.5834,48.2527],[-4.5888,48.2536],[-4.5961,48.2522],[-4.5957,48.2553],[-4.5998,48.2567],[-4.6037,48.2607],[-4.6061,48.2605],[-4.6132,48.2622],[-4.6185,48.2606],[-4.6195,48.2559],[-4.6225,48.2562],[-4.6235,48.2595],[-4.6206,48.2634],[-4.6151,48.2726],[-4.6157,48.2745],[-4.6192,48.2777],[-4.6222,48.2773],[-4.6292,48.2808],[-4.6235,48.2811],[-4.6196,48.2805],[-4.6159,48.2817],[-4.6151,48.28],[-4.6119,48.28],[-4.6082,48.2839],[-4.607,48.2861],[-4.6006,48.2873],[-4.6012,48.2827],[-4.5944,48.2756],[-4.588,48.2752],[-4.5807,48.2768],[-4.5761,48.2792],[-4.5742,48.2822],[-4.5699,48.2824],[-4.567,48.2861],[-4.5661,48.2885],[-4.5674,48.292],[-4.5686,48.2934],[-4.5691,48.2974],[-4.5735,48.2994],[-4.5719,48.3006],[-4.5709,48.3052],[-4.5738,48.3077],[-4.5748,48.3115],[-4.5736,48.3126],[-4.5772,48.3175],[-4.5797,48.3188],[-4.5778,48.3249],[-4.5706,48.3272],[-4.5711,48.3302],[-4.5633,48.3316],[-4.5607,48.3344],[-4.5576,48.3356],[-4.5554,48.3383],[-4.5451,48.3392],[-4.5331,48.342],[-4.5322,48.3397],[-4.5347,48.337],[-4.5384,48.3315],[-4.5454,48.3251],[-4.5436,48.3198],[-4.5463,48.3166],[-4.547,48.3114],[-4.5516,48.3058],[-4.5561,48.3039],[-4.5565,48.3001],[-4.5532,48.2948],[-4.5495,48.2925],[-4.542,48.2901],[-4.5414,48.2875],[-4.5387,48.2852],[-4.5352,48.2842],[-4.5325,48.2859],[-4.5275,48.2868],[-4.5223,48.29],[-4.5234,48.2928],[-4.5262,48.2924],[-4.526,48.2952],[-4.5211,48.2976],[-4.5181,48.2976],[-4.5176,48.2997],[-4.5143,48.3028],[-4.5139,48.3044],[-4.5084,48.3104],[-4.4995,48.3112],[-4.4991,48.3092],[-4.5015,48.3059],[-4.5087,48.3009],[-4.5145,48.2952],[-4.5181,48.2938],[-4.5154,48.2905],[-4.5114,48.2905],[-4.5081,48.287],[-4.5091,48.2844],[-4.5032,48.2811],[-4.501,48.2818],[-4.4949,48.2817],[-4.4939,48.2827],[-4.4875,48.2829],[-4.4802,48.2856],[-4.4744,48.2864],[-4.4668,48.2884],[-4.464,48.2902],[-4.4645,48.2923],[-4.4604,48.2945],[-4.4584,48.2922],[-4.4554,48.2928],[-4.4504,48.2926],[-4.4457,48.2911],[-4.4378,48.2921],[-4.4349,48.2914],[-4.4264,48.291],[-4.4194,48.2933],[-4.4183,48.2906],[-4.4211,48.2864],[-4.4124,48.2781],[-4.409,48.2756],[-4.3977,48.2747],[-4.3843,48.2751],[-4.3811,48.2754],[-4.3721,48.2778],[-4.3671,48.2779],[-4.3647,48.2786],[-4.3583,48.282],[-4.3533,48.286],[-4.3485,48.2866],[-4.3399,48.2859],[-4.3389,48.2834],[-4.3356,48.2873],[-4.3308,48.2903],[-4.3208,48.2919],[-4.3171,48.2941],[-4.3066,48.2976],[-4.2952,48.2977],[-4.2923,48.297],[-4.2874,48.2974],[-4.2713,48.2958],[-4.265,48.2928],[-4.2641,48.2886],[-4.2656,48.2847],[-4.2677,48.2839],[-4.2716,48.286],[-4.2731,48.2889],[-4.2767,48.29],[-4.2809,48.2897],[-4.2845,48.2884],[-4.2864,48.2832],[-4.2889,48.2817],[-4.2851,48.2795],[-4.2845,48.2764],[-4.2891,48.2743],[-4.289,48.2733],[-4.2829,48.2751],[-4.2804,48.2747],[-4.2785,48.2721],[-4.2711,48.2706],[-4.2697,48.2694],[-4.2607,48.2669],[-4.2554,48.2631],[-4.2615,48.2604],[-4.2702,48.2583],[-4.2677,48.257],[-4.2646,48.2584],[-4.2596,48.2586],[-4.2562,48.2597],[-4.2531,48.2583],[-4.2552,48.2563],[-4.2469,48.2545],[-4.2451,48.2537],[-4.2448,48.2508],[-4.2429,48.2487],[-4.2427,48.2504],[-4.2375,48.2509],[-4.2328,48.2502],[-4.2283,48.2514],[-4.2204,48.258],[-4.2182,48.2584],[-4.217,48.2553],[-4.2141,48.2527],[-4.2146,48.2481],[-4.2121,48.2445],[-4.2084,48.242],[-4.2059,48.2376],[-4.2074,48.2422],[-4.2098,48.2438],[-4.2109,48.2471],[-4.2035,48.2448],[-4.2006,48.2457],[-4.2007,48.2476],[-4.2008,48.2495],[-4.2042,48.2493],[-4.208,48.2511],[-4.2085,48.2555],[-4.2109,48.2585],[-4.2147,48.2607],[-4.2185,48.2612],[-4.2239,48.2606],[-4.2275,48.258],[-4.231,48.2567],[-4.2333,48.2571],[-4.2371,48.2539],[-4.24,48.2542],[-4.2438,48.2573],[-4.2492,48.2656],[-4.2523,48.2677],[-4.257,48.2693],[-4.2618,48.2699],[-4.2672,48.2731],[-4.2717,48.2745],[-4.2789,48.2778],[-4.2799,48.279],[-4.2771,48.281],[-4.2718,48.2796],[-4.2661,48.2791],[-4.2605,48.2799],[-4.2434,48.2864],[-4.2387,48.2896],[-4.2312,48.2918],[-4.2274,48.2904],[-4.2265,48.2882],[-4.2242,48.2882],[-4.216,48.2901],[-4.2112,48.2897],[-4.2106,48.2913],[-4.2022,48.2943],[-4.1996,48.2941],[-4.196,48.2917],[-4.1932,48.294],[-4.1884,48.2952],[-4.1873,48.2968],[-4.1932,48.2975],[-4.1972,48.297],[-4.2008,48.2978],[-4.2051,48.2971],[-4.2101,48.2979],[-4.2191,48.2971],[-4.2216,48.296],[-4.2238,48.2969],[-4.2288,48.2966],[-4.2316,48.2983],[-4.2371,48.2996],[-4.2364,48.3021],[-4.241,48.3054],[-4.2408,48.3078],[-4.221,48.314],[-4.2304,48.3132],[-4.232,48.3122],[-4.2409,48.3107],[-4.2441,48.3097],[-4.2449,48.3064],[-4.2489,48.3023],[-4.2521,48.3026],[-4.2554,48.306],[-4.2595,48.3065],[-4.2576,48.3093],[-4.2659,48.3086],[-4.2719,48.3088],[-4.2755,48.3098],[-4.2773,48.3114],[-4.2819,48.3126],[-4.2752,48.3167],[-4.2668,48.3181],[-4.2665,48.3204],[-4.2635,48.3202],[-4.2567,48.3225],[-4.2518,48.3232],[-4.2443,48.3281],[-4.2527,48.3259],[-4.2554,48.327],[-4.257,48.325],[-4.2624,48.3232],[-4.2676,48.3229],[-4.2708,48.3195],[-4.2762,48.3207],[-4.2785,48.3194],[-4.2819,48.3196],[-4.2832,48.317],[-4.2866,48.3168],[-4.2868,48.315],[-4.2897,48.3128],[-4.2933,48.3116],[-4.2972,48.3122],[-4.3064,48.3149],[-4.309,48.3176],[-4.3178,48.3146],[-4.3204,48.3159],[-4.3308,48.3144],[-4.3366,48.3152],[-4.3318,48.3175],[-4.3293,48.3198],[-4.3264,48.3197],[-4.3237,48.3234],[-4.3187,48.3222],[-4.3169,48.3249],[-4.3209,48.3264],[-4.3209,48.328],[-4.318,48.3294],[-4.3117,48.3276],[-4.3087,48.3273],[-4.3026,48.332],[-4.3053,48.3329],[-4.3176,48.3323],[-4.3172,48.3352],[-4.3152,48.3361],[-4.3102,48.3359],[-4.3089,48.3375],[-4.2979,48.338],[-4.2904,48.342],[-4.2838,48.3421],[-4.2804,48.3442],[-4.2779,48.3446],[-4.2832,48.3462],[-4.2893,48.3496],[-4.2833,48.3516],[-4.2808,48.3511],[-4.271,48.3532],[-4.2671,48.3546],[-4.2622,48.3583],[-4.269,48.3579],[-4.2747,48.3555],[-4.2803,48.3547],[-4.2855,48.3549],[-4.2881,48.3531],[-4.2946,48.3538],[-4.2959,48.3556],[-4.299,48.3566],[-4.3024,48.3556],[-4.3052,48.3541],[-4.3049,48.352],[-4.3068,48.3483],[-4.3048,48.3471],[-4.3003,48.3468],[-4.3017,48.3442],[-4.3145,48.3427],[-4.3189,48.3433],[-4.3239,48.341],[-4.3298,48.3404],[-4.3295,48.3422],[-4.3312,48.3463],[-4.3295,48.3482],[-4.3261,48.3497],[-4.327,48.352],[-4.3196,48.3585],[-4.319,48.3622],[-4.3207,48.36],[-4.3294,48.3547],[-4.3304,48.3525],[-4.3358,48.351],[-4.3372,48.3493],[-4.3439,48.3463],[-4.3415,48.3452],[-4.3462,48.3427],[-4.3472,48.3437],[-4.3556,48.3452],[-4.3532,48.348],[-4.3505,48.3493],[-4.3424,48.3556],[-4.3416,48.3571],[-4.3548,48.3499],[-4.3636,48.3461],[-4.3668,48.345],[-4.3687,48.342],[-4.3676,48.3405],[-4.3696,48.3384],[-4.3688,48.3336],[-4.3726,48.3315],[-4.3711,48.3291],[-4.3725,48.3274],[-4.3782,48.3255],[-4.3856,48.3253],[-4.3943,48.3257],[-4.4043,48.3236],[-4.4082,48.3246],[-4.4164,48.3242],[-4.4098,48.3325],[-4.4042,48.3361],[-4.402,48.3388],[-4.3961,48.3409],[-4.3976,48.3424],[-4.4085,48.3385],[-4.4115,48.3387],[-4.4199,48.3344],[-4.422,48.3327],[-4.429,48.3315],[-4.4323,48.3294],[-4.4366,48.3292],[-4.4418,48.327],[-4.4481,48.3256],[-4.4501,48.3264],[-4.4544,48.326],[-4.4532,48.3285],[-4.4487,48.3299],[-4.4478,48.3355],[-4.4503,48.3365],[-4.4445,48.3396],[-4.4393,48.3413],[-4.4383,48.3431],[-4.4418,48.3437],[-4.4437,48.3488],[-4.4408,48.3541],[-4.4359,48.356],[-4.4369,48.3602],[-4.4345,48.3627],[-4.4304,48.365],[-4.4186,48.3685],[-4.4149,48.3723],[-4.4087,48.3773],[-4.4075,48.3805],[-4.3997,48.3833],[-4.3962,48.3862],[-4.3872,48.3889],[-4.38,48.3923],[-4.3728,48.3934],[-4.3668,48.3954],[-4.366,48.3972],[-4.361,48.4013],[-4.3567,48.4027],[-4.3481,48.402],[-4.341,48.4037],[-4.3377,48.406],[-4.3297,48.4098],[-4.3277,48.4103],[-4.3235,48.4132],[-4.3196,48.4147],[-4.3141,48.4157],[-4.3108,48.417],[-4.3102,48.4185],[-4.3057,48.4216],[-4.301,48.4229],[-4.2982,48.4245],[-4.2948,48.428],[-4.2906,48.4299],[-4.2863,48.4334],[-4.2823,48.4342],[-4.2788,48.436],[-4.2734,48.4412],[-4.2696,48.4418],[-4.2707,48.4449],[-4.2734,48.4448],[-4.278,48.4421],[-4.2775,48.4402],[-4.2811,48.437],[-4.2883,48.4364],[-4.2937,48.4341],[-4.2972,48.4306],[-4.3017,48.4281],[-4.3041,48.4256],[-4.3097,48.4251],[-4.3146,48.4198],[-4.3175,48.4203],[-4.3242,48.4174],[-4.3283,48.418],[-4.3289,48.4153],[-4.3326,48.4143],[-4.3365,48.4153],[-4.3437,48.4118],[-4.3472,48.4074],[-4.352,48.4092],[-4.3566,48.4082],[-4.359,48.4095],[-4.3614,48.4083],[-4.3644,48.4084],[-4.3686,48.4068],[-4.3701,48.4037],[-4.369,48.4015],[-4.3764,48.4002],[-4.3782,48.3984],[-4.3836,48.3964],[-4.3863,48.3977],[-4.3917,48.3977],[-4.3941,48.3967],[-4.3973,48.3929],[-4.4011,48.3901],[-4.4026,48.3899],[-4.4122,48.3921],[-4.4176,48.3953],[-4.4227,48.3969],[-4.4245,48.3977],[-4.4293,48.3976],[-4.4339,48.396],[-4.4332,48.3894],[-4.4354,48.3834],[-4.4414,48.3801],[-4.4444,48.3794],[-4.449,48.3804],[-4.4459,48.3833],[-4.4498,48.3851],[-4.4535,48.3817],[-4.4563,48.383],[-4.4525,48.3864],[-4.4548,48.3875],[-4.4588,48.3846],[-4.4627,48.3854],[-4.4674,48.381],[-4.4705,48.3807],[-4.4772,48.3832],[-4.4839,48.3827],[-4.4882,48.3812],[-4.4967,48.3763],[-4.5047,48.3789],[-4.5033,48.376],[-4.5071,48.3752],[-4.5198,48.3674],[-4.5224,48.3652],[-4.5241,48.3659],[-4.5297,48.3638],[-4.5342,48.3577],[-4.5379,48.3573],[-4.5431,48.3597],[-4.5475,48.3606],[-4.5498,48.3621],[-4.5544,48.3612],[-4.5563,48.3571],[-4.5588,48.3546],[-4.5609,48.3563],[-4.5639,48.3564],[-4.5671,48.3549],[-4.5673,48.3518],[-4.5698,48.3517],[-4.5722,48.3493],[-4.5776,48.3493],[-4.5849,48.3479],[-4.5923,48.3446],[-4.5967,48.344],[-4.5995,48.3415],[-4.6046,48.3401],[-4.6079,48.3384],[-4.6134,48.3381],[-4.616,48.3393],[-4.6221,48.3387],[-4.6249,48.3375],[-4.6279,48.3376],[-4.6319,48.34],[-4.6324,48.3422],[-4.6369,48.3436],[-4.6403,48.3461],[-4.6457,48.345],[-4.6508,48.345],[-4.659,48.3502],[-4.6629,48.351],[-4.6646,48.3525],[-4.6694,48.3525],[-4.6735,48.3544],[-4.6789,48.3556],[-4.6829,48.3539],[-4.6861,48.3533],[-4.6907,48.3548],[-4.6943,48.3535],[-4.7012,48.3498],[-4.7033,48.3472],[-4.7011,48.3452],[-4.7008,48.3403],[-4.6981,48.3382],[-4.7023,48.3361],[-4.7058,48.3363],[-4.7077,48.3323],[-4.7099,48.3307],[-4.7126,48.331],[-4.7166,48.3295],[-4.7186,48.3305],[-4.7239,48.3298],[-4.7302,48.3302],[-4.7334,48.3328],[-4.7367,48.3332],[-4.7415,48.3309],[-4.7484,48.3292],[-4.7523,48.3298],[-4.7552,48.3284],[-4.7595,48.3287],[-4.7619,48.3279],[-4.7697,48.3284],[-4.7738,48.3301],[-4.7714,48.3353],[-4.7752,48.3366],[-4.7715,48.3429],[-4.77,48.3466],[-4.7713,48.3486],[-4.7775,48.3514],[-4.7803,48.3538],[-4.7781,48.3564],[-4.7808,48.3592],[-4.7774,48.361],[-4.7687,48.3621],[-4.7757,48.3638],[-4.7785,48.3626],[-4.7857,48.3613],[-4.7875,48.3624],[-4.7842,48.3669],[-4.7787,48.3644],[-4.7695,48.365],[-4.7644,48.3687],[-4.7604,48.3739],[-4.7622,48.3765],[-4.7609,48.3784],[-4.766,48.3805],[-4.763,48.3816],[-4.7646,48.3843],[-4.7702,48.3841],[-4.7726,48.3873],[-4.7758,48.3895],[-4.7768,48.3922],[-4.7749,48.3927],[-4.7739,48.4053],[-4.7759,48.4067],[-4.7833,48.4045],[-4.7867,48.4101],[-4.7907,48.4111],[-4.7924,48.4133],[-4.7954,48.4149],[-4.7919,48.4174],[-4.7908,48.4206],[-4.7875,48.4242],[-4.7855,48.4315],[-4.7859,48.4342],[-4.7843,48.4374],[-4.7808,48.4387],[-4.7788,48.4424],[-4.7762,48.4438],[-4.7787,48.4465],[-4.7785,48.4494],[-4.7796,48.4509],[-4.7755,48.4518],[-4.7755,48.4537],[-4.7719,48.4553],[-4.7705,48.4576],[-4.7699,48.4624],[-4.7685,48.4621],[-4.7644,48.4672],[-4.7613,48.4682],[-4.7573,48.4682],[-4.7567,48.4658],[-4.7586,48.4637],[-4.7598,48.4598],[-4.7544,48.4669],[-4.7532,48.4699],[-4.7502,48.4713],[-4.7433,48.4722],[-4.7369,48.4707],[-4.7307,48.4741],[-4.726,48.4743],[-4.7243,48.4735],[-4.7208,48.4748],[-4.7189,48.474],[-4.7189,48.4708],[-4.7168,48.4687],[-4.7181,48.4713],[-4.7183,48.4755],[-4.7251,48.4759],[-4.7265,48.475],[-4.7332,48.4747],[-4.7351,48.4736],[-4.7403,48.473],[-4.7446,48.4734],[-4.7466,48.4723],[-4.7508,48.4743],[-4.7594,48.4705],[-4.7636,48.4723],[-4.7643,48.4749],[-4.768,48.4762],[-4.7667,48.4803],[-4.7718,48.4846],[-4.7713,48.4868],[-4.775,48.4882],[-4.7772,48.4941],[-4.7773,48.4962],[-4.78,48.4977],[-4.7793,48.4993],[-4.7757,48.5011],[-4.778,48.5044],[-4.7753,48.5064],[-4.7689,48.5082],[-4.7666,48.5107],[-4.7695,48.5127],[-4.7697,48.5159],[-4.7726,48.5154],[-4.7757,48.5166],[-4.7753,48.5192],[-4.7721,48.5191],[-4.7712,48.5172],[-4.7669,48.5158],[-4.7637,48.5196],[-4.758,48.5214],[-4.7587,48.5231],[-4.7636,48.527],[-4.7633,48.5293],[-4.7609,48.5307],[-4.7545,48.5319],[-4.7505,48.531],[-4.7511,48.5336],[-4.7489,48.5368],[-4.7505,48.5389],[-4.7518,48.543],[-4.7472,48.5443],[-4.7438,48.5472],[-4.7409,48.5472],[-4.7348,48.5505],[-4.7338,48.5527],[-4.7307,48.5562],[-4.7237,48.5579],[-4.7228,48.5595],[-4.719,48.5588],[-4.7174,48.5557],[-4.7083,48.5555],[-4.7081,48.5539],[-4.7054,48.5521],[-4.7046,48.55],[-4.7032,48.5526],[-4.7045,48.5536],[-4.6993,48.5563],[-4.7008,48.5574],[-4.7062,48.5574],[-4.7026,48.5616],[-4.7039,48.5636],[-4.701,48.5662],[-4.7054,48.5691],[-4.7042,48.5702],[-4.697,48.5705],[-4.693,48.5696],[-4.6902,48.5722],[-4.6853,48.5709],[-4.6847,48.568],[-4.6803,48.5673],[-4.6752,48.5688],[-4.6706,48.5724],[-4.67,48.5759],[-4.6663,48.5726],[-4.6638,48.5713],[-4.6569,48.5712],[-4.6463,48.5721],[-4.6376,48.5747],[-4.6331,48.5771],[-4.6279,48.5787],[-4.6256,48.5787],[-4.6263,48.5757],[-4.6214,48.5746],[-4.6156,48.5759],[-4.6138,48.5733],[-4.6091,48.5724],[-4.6044,48.573],[-4.5969,48.5718],[-4.5949,48.5656],[-4.5952,48.5629],[-4.5918,48.5615],[-4.5909,48.5583],[-4.5937,48.5569],[-4.5927,48.5553],[-4.5949,48.5533],[-4.5859,48.5564],[-4.5796,48.5553],[-4.5831,48.5575],[-4.5844,48.5597],[-4.5752,48.5603],[-4.5606,48.5591],[-4.5568,48.56],[-4.554,48.5578],[-4.5455,48.5552],[-4.5425,48.5572],[-4.5406,48.5548],[-4.5362,48.5535],[-4.5354,48.5517],[-4.5286,48.5509],[-4.5315,48.5532],[-4.5294,48.5546],[-4.5268,48.5548],[-4.5199,48.5527],[-4.5147,48.5491],[-4.5115,48.5497],[-4.5085,48.5493],[-4.5082,48.5525],[-4.5072,48.5529],[-4.506,48.5524],[-4.504,48.5521],[-4.5029,48.5526],[-4.5083,48.5533],[-4.5092,48.552],[-4.514,48.551],[-4.5178,48.5538],[-4.5212,48.554],[-4.528,48.5576],[-4.5338,48.5553],[-4.5367,48.5574],[-4.5389,48.5604],[-4.5447,48.5601],[-4.5482,48.558],[-4.553,48.5607],[-4.5536,48.5623],[-4.5605,48.5607],[-4.5632,48.5615],[-4.5702,48.5613],[-4.5805,48.5624],[-4.5839,48.562],[-4.5872,48.5627],[-4.5877,48.5656],[-4.5905,48.5707],[-4.5945,48.5746],[-4.5986,48.5741],[-4.606,48.5758],[-4.6089,48.5751],[-4.6117,48.578],[-4.6073,48.5792],[-4.6039,48.5828],[-4.6032,48.5866],[-4.6048,48.5883],[-4.6087,48.5888],[-4.6052,48.591],[-4.6081,48.5968],[-4.6056,48.6],[-4.6044,48.6032],[-4.6016,48.6049],[-4.5983,48.6083],[-4.5953,48.6069],[-4.5943,48.6043],[-4.5894,48.6025],[-4.5859,48.6022],[-4.5877,48.5999],[-4.5915,48.5982],[-4.5957,48.5944],[-4.5934,48.5933],[-4.5859,48.5954],[-4.5816,48.5944],[-4.5788,48.5958],[-4.5764,48.5954],[-4.5706,48.5963],[-4.5685,48.5979],[-4.5631,48.5985],[-4.5587,48.597],[-4.5589,48.595],[-4.5512,48.5961],[-4.5489,48.5974],[-4.5457,48.5973],[-4.5433,48.5986],[-4.5414,48.5971],[-4.5277,48.5943],[-4.5288,48.5923],[-4.5269,48.5938],[-4.5227,48.5922],[-4.5217,48.588],[-4.522,48.5844],[-4.5152,48.5875],[-4.5205,48.5896],[-4.5209,48.5936],[-4.5287,48.5965],[-4.5365,48.5978],[-4.5402,48.6011],[-4.5453,48.6022],[-4.5483,48.6018],[-4.5504,48.6043],[-4.5547,48.6046],[-4.5572,48.6037],[-4.5593,48.6048],[-4.555,48.6087],[-4.5607,48.6111],[-4.5632,48.6082],[-4.5684,48.6092],[-4.569,48.611],[-4.5637,48.6147],[-4.565,48.6166],[-4.57,48.6168],[-4.5693,48.62],[-4.566,48.6187],[-4.5626,48.6203],[-4.5624,48.6241],[-4.5587,48.6233],[-4.5548,48.6244],[-4.5504,48.6245],[-4.5481,48.6262],[-4.546,48.6241],[-4.5418,48.6245],[-4.543,48.6275],[-4.5471,48.6295],[-4.545,48.6309],[-4.5479,48.6333],[-4.54,48.6352],[-4.5396,48.6313],[-4.5358,48.6313],[-4.5307,48.6294],[-4.5262,48.6299],[-4.5213,48.6349],[-4.5155,48.6342],[-4.5113,48.6328],[-4.5114,48.6292],[-4.5132,48.6273],[-4.5079,48.6229],[-4.5005,48.6209],[-4.4969,48.6227],[-4.4967,48.6243],[-4.4922,48.6247],[-4.4824,48.6242],[-4.4788,48.6237],[-4.4754,48.6243],[-4.4685,48.6268],[-4.4652,48.6263],[-4.4632,48.6272],[-4.4576,48.6305],[-4.4531,48.6355],[-4.4476,48.6381],[-4.4471,48.6395],[-4.4432,48.6397],[-4.435,48.6355],[-4.4319,48.6355],[-4.4307,48.6377],[-4.4257,48.6404],[-4.4206,48.6376],[-4.4121,48.6385],[-4.407,48.6383],[-4.4042,48.6369],[-4.3976,48.6365],[-4.4049,48.6417],[-4.4072,48.6411],[-4.4165,48.6416],[-4.4204,48.645],[-4.4252,48.6468],[-4.4269,48.6462],[-4.433,48.6478],[-4.434,48.6522],[-4.436,48.6528],[-4.4349,48.6556],[-4.4316,48.6553],[-4.4301,48.6528],[-4.427,48.6523],[-4.4229,48.653],[-4.418,48.6548],[-4.406,48.6545],[-4.3987,48.6557],[-4.3916,48.6581],[-4.3886,48.6606],[-4.3846,48.6603],[-4.3829,48.6613],[-4.3786,48.6603],[-4.379,48.6628],[-4.376,48.6644],[-4.3749,48.6669],[-4.3726,48.6687],[-4.3675,48.6686],[-4.3597,48.6716],[-4.3543,48.675],[-4.3494,48.6766],[-4.3449,48.6771],[-4.3384,48.6769],[-4.3344,48.6757],[-4.3313,48.6771],[-4.3298,48.675],[-4.3272,48.6744],[-4.3277,48.6711],[-4.33,48.6691],[-4.3258,48.6662],[-4.3222,48.666],[-4.3208,48.6686],[-4.3179,48.6699],[-4.3165,48.6719],[-4.3137,48.6716],[-4.3132,48.669],[-4.308,48.6668],[-4.2992,48.6648],[-4.2968,48.6648],[-4.2943,48.6617],[-4.3006,48.6587],[-4.299,48.6541],[-4.3008,48.6525],[-4.3049,48.6512],[-4.3087,48.6471],[-4.3113,48.6484],[-4.3157,48.6478],[-4.3161,48.6456],[-4.3097,48.6443],[-4.3107,48.6423],[-4.3161,48.6405],[-4.3161,48.6377],[-4.3116,48.6352],[-4.3027,48.6329],[-4.2965,48.6326],[-4.2935,48.6363],[-4.2943,48.6382],[-4.2998,48.6387],[-4.3006,48.6413],[-4.2928,48.6412],[-4.2829,48.6418],[-4.2784,48.6437],[-4.2772,48.6481],[-4.2748,48.6495],[-4.2635,48.6498],[-4.2611,48.6503],[-4.2506,48.6496],[-4.2449,48.6497],[-4.2351,48.6514],[-4.2267,48.6549],[-4.225,48.6541],[-4.231,48.6518],[-4.2343,48.6492],[-4.2239,48.6491],[-4.2228,48.6483],[-4.2159,48.649],[-4.2056,48.6507],[-4.1991,48.6524],[-4.1943,48.652],[-4.1954,48.6546],[-4.1986,48.656],[-4.2107,48.6574],[-4.2163,48.6571],[-4.2205,48.6563],[-4.2222,48.6588],[-4.2155,48.6623],[-4.213,48.6667],[-4.2135,48.6686],[-4.2104,48.6692],[-4.2071,48.6711],[-4.203,48.675],[-4.1944,48.6797],[-4.1929,48.6831],[-4.1887,48.6842],[-4.1882,48.6862],[-4.1856,48.6863],[-4.1805,48.6842],[-4.1776,48.6852],[-4.1764,48.687],[-4.173,48.6856],[-4.1618,48.6899],[-4.1575,48.6898],[-4.1503,48.6924],[-4.1434,48.6924],[-4.1361,48.6934],[-4.1321,48.6961],[-4.1301,48.6965],[-4.1272,48.6938],[-4.1242,48.6942],[-4.1178,48.6934],[-4.1117,48.6954],[-4.1038,48.6943],[-4.0992,48.6932],[-4.0957,48.6936],[-4.0959,48.6902],[-4.0948,48.6883],[-4.0958,48.6858],[-4.093,48.6894],[-4.0936,48.6908],[-4.0897,48.6925],[-4.0862,48.6905],[-4.0812,48.6931],[-4.0808,48.6906],[-4.077,48.6898],[-4.0751,48.6865],[-4.0708,48.6855],[-4.0673,48.6821],[-4.0688,48.6797],[-4.0652,48.6779],[-4.0627,48.6781],[-4.0579,48.6753],[-4.0575,48.6694],[-4.0558,48.6693],[-4.0573,48.6759],[-4.0605,48.6792],[-4.0632,48.6805],[-4.0632,48.6823],[-4.0666,48.6838],[-4.0668,48.6862],[-4.0618,48.6879],[-4.0579,48.686],[-4.0534,48.6853],[-4.0435,48.6882],[-4.0377,48.6866],[-4.0356,48.6879],[-4.0385,48.6873],[-4.0411,48.6892],[-4.0464,48.6888],[-4.0544,48.6868],[-4.0568,48.6868],[-4.0577,48.6911],[-4.0559,48.6966],[-4.0566,48.701],[-4.0551,48.7028],[-4.0526,48.7027],[-4.0515,48.7049],[-4.0463,48.7046],[-4.0442,48.7025],[-4.0408,48.7035],[-4.0372,48.7064],[-4.0363,48.7116],[-4.0334,48.713],[-4.0271,48.7108],[-4.0191,48.7115],[-4.0146,48.7131],[-4.0119,48.7154],[-4.0113,48.7166],[-4.0133,48.7184],[-4.0108,48.7197],[-4.0071,48.724],[-4.0067,48.7258],[-4.0039,48.7259],[-4.0038,48.7235],[-4.0078,48.7213],[-4.0069,48.7193],[-4.0039,48.7168],[-4.0047,48.7149],[-4.0008,48.7116],[-3.9938,48.7144],[-3.9909,48.7184],[-3.9925,48.7216],[-3.991,48.7253],[-3.9891,48.7271],[-3.9863,48.7275],[-3.9835,48.7262],[-3.9813,48.7235],[-3.9785,48.7225],[-3.9745,48.7234],[-3.9739,48.7246],[-3.9697,48.7244],[-3.9668,48.7225],[-3.9641,48.7224],[-3.9657,48.7187],[-3.9676,48.7188],[-3.9698,48.7159],[-3.9715,48.7122],[-3.9741,48.7096],[-3.9731,48.7068],[-3.9737,48.704],[-3.9733,48.7025],[-3.9762,48.6995],[-3.9752,48.6979],[-3.9698,48.6939],[-3.9666,48.6928],[-3.9704,48.6865],[-3.9706,48.6827],[-3.9686,48.6805],[-3.9693,48.6762],[-3.9718,48.6746],[-3.9684,48.6735],[-3.9647,48.6759],[-3.9592,48.6734],[-3.9537,48.6736],[-3.9518,48.6729],[-3.9554,48.6695],[-3.9538,48.6644],[-3.9521,48.6634],[-3.9522,48.6571],[-3.9547,48.6552],[-3.9567,48.6513],[-3.9559,48.6489],[-3.9577,48.6481],[-3.9562,48.6465],[-3.9516,48.6448],[-3.9517,48.648],[-3.9506,48.6532],[-3.9478,48.6527],[-3.9423,48.6554],[-3.9395,48.6576],[-3.9321,48.6575],[-3.9283,48.6603],[-3.9266,48.6661],[-3.9231,48.6706],[-3.9235,48.6742],[-3.9203,48.6742],[-3.9161,48.6731],[-3.9134,48.6738],[-3.9112,48.6699],[-3.9081,48.6695],[-3.9034,48.6707],[-3.8959,48.6715],[-3.8905,48.6708],[-3.8908,48.6671],[-3.8987,48.6651],[-3.9027,48.6649],[-3.9055,48.6632],[-3.9061,48.6602],[-3.9022,48.6545],[-3.902,48.6529],[-3.8982,48.6489],[-3.8984,48.6474],[-3.8923,48.6429],[-3.8849,48.6403],[-3.8806,48.6394],[-3.8763,48.6387],[-3.8733,48.6367],[-3.8667,48.6355],[-3.8599,48.6322],[-3.8583,48.629],[-3.8571,48.6263],[-3.8567,48.6203],[-3.8583,48.6183],[-3.8622,48.6137],[-3.8591,48.6092],[-3.8638,48.6084],[-3.8657,48.606],[-3.873,48.6037],[-3.8734,48.6025],[-3.8718,48.604],[-3.8669,48.6045],[-3.8626,48.6076],[-3.8586,48.6073],[-3.8573,48.6086],[-3.8492,48.6037],[-3.8519,48.6073],[-3.8578,48.6106],[-3.8595,48.6144],[-3.8554,48.6174],[-3.852,48.621],[-3.8513,48.6232],[-3.8439,48.6281],[-3.8473,48.6305],[-3.8488,48.6348],[-3.8489,48.6376],[-3.8527,48.6452],[-3.8565,48.6487],[-3.8557,48.6504],[-3.8569,48.6525],[-3.858,48.6579],[-3.8566,48.6609],[-3.8594,48.6657],[-3.8647,48.6706],[-3.8614,48.6734],[-3.8559,48.6735],[-3.8535,48.6694],[-3.8552,48.6664],[-3.8535,48.6619],[-3.8461,48.6603],[-3.8479,48.6697],[-3.8459,48.6715],[-3.8472,48.6754],[-3.85,48.6776],[-3.8486,48.6798],[-3.8497,48.6835],[-3.8526,48.6846],[-3.8547,48.6889],[-3.8521,48.6898],[-3.8496,48.6926],[-3.8504,48.6955],[-3.8459,48.6967],[-3.8442,48.6955],[-3.8405,48.6967],[-3.8399,48.7007],[-3.8409,48.7046],[-3.8406,48.7075],[-3.8365,48.7063],[-3.8345,48.7081],[-3.8354,48.7107],[-3.8306,48.7126],[-3.8285,48.7092],[-3.826,48.7076],[-3.8282,48.7046],[-3.8267,48.7033],[-3.8205,48.7021],[-3.8213,48.7077],[-3.8169,48.7123],[-3.8199,48.7148],[-3.821,48.7189],[-3.8176,48.7183],[-3.8127,48.7131],[-3.8083,48.7117],[-3.8038,48.7114],[-3.799,48.713],[-3.7984,48.7096],[-3.7955,48.7058],[-3.7906,48.703],[-3.7847,48.7012],[-3.7799,48.7018],[-3.7759,48.703],[-3.7745,48.7047],[-3.7696,48.7075],[-3.7671,48.7074],[-3.7659,48.7094],[-3.7616,48.7082],[-3.7589,48.7097],[-3.7551,48.7086],[-3.7482,48.7078],[-3.7432,48.7082],[-3.7406,48.7071],[-3.7372,48.7087],[-3.7341,48.7089],[-3.7333,48.7073],[-3.7295,48.7058],[-3.7229,48.7063],[-3.7207,48.7048],[-3.7158,48.7039],[-3.7188,48.7011],[-3.7173,48.6998],[-3.7067,48.6955],[-3.7038,48.6914],[-3.7022,48.6903],[-3.6979,48.6899],[-3.6953,48.6911],[-3.6917,48.6909],[-3.689,48.6918],[-3.6857,48.69],[-3.6852,48.6879],[-3.6802,48.6866],[-3.6764,48.6871],[-3.6744,48.6899],[-3.6716,48.6891],[-3.669,48.691],[-3.6627,48.693],[-3.6617,48.6943],[-3.6557,48.6968],[-3.6532,48.6939],[-3.6508,48.6935],[-3.6433,48.6945],[-3.6444,48.6917],[-3.6467,48.6911],[-3.6522,48.6877],[-3.6546,48.6818],[-3.6511,48.6798],[-3.6465,48.6781],[-3.6444,48.6764],[-3.6399,48.676],[-3.6392,48.6738],[-3.6473,48.6703],[-3.6485,48.6686],[-3.6538,48.6665],[-3.6576,48.662],[-3.6595,48.658],[-3.6616,48.6556],[-3.6598,48.6558],[-3.6587,48.6589],[-3.6561,48.6611],[-3.6539,48.6648],[-3.6488,48.6662],[-3.6438,48.6696],[-3.6349,48.671],[-3.6373,48.6731],[-3.6376,48.6795],[-3.6362,48.6822],[-3.6316,48.6816],[-3.629,48.6825],[-3.6269,48.6854],[-3.6231,48.6847],[-3.6183,48.6849],[-3.616,48.6841],[-3.616,48.6797],[-3.6143,48.6768],[-3.6137,48.6729],[-3.6101,48.6698],[-3.5952,48.6689],[-3.5897,48.6714],[-3.5825,48.6703],[-3.5795,48.6711],[-3.5732,48.6751],[-3.5691,48.6803],[-3.5675,48.6845],[-3.5691,48.6868],[-3.5718,48.6875],[-3.574,48.687],[-3.579,48.6894],[-3.5825,48.6892],[-3.5844,48.6912],[-3.5816,48.693],[-3.5797,48.6976],[-3.5804,48.7029],[-3.5836,48.7068],[-3.5814,48.709],[-3.5811,48.7128],[-3.5844,48.7163],[-3.5843,48.719],[-3.581,48.7219],[-3.5821,48.7239],[-3.5759,48.7231],[-3.5658,48.7266],[-3.5636,48.7291],[-3.5555,48.7279],[-3.5526,48.7274],[-3.5392,48.7289],[-3.5353,48.7276],[-3.5395,48.7313],[-3.5373,48.7325],[-3.5337,48.7315],[-3.5287,48.7319],[-3.5255,48.7305],[-3.5208,48.7312],[-3.5179,48.733],[-3.5126,48.7339],[-3.5055,48.7317],[-3.503,48.7318],[-3.4981,48.7361],[-3.4956,48.7371],[-3.4915,48.737],[-3.4856,48.7359],[-3.4789,48.7385],[-3.4792,48.7395],[-3.4861,48.737],[-3.4934,48.7383],[-3.4978,48.7378],[-3.5032,48.7331],[-3.5052,48.7328],[-3.5083,48.7346],[-3.5123,48.7352],[-3.5186,48.7345],[-3.5216,48.7326],[-3.525,48.7321],[-3.5331,48.7347],[-3.5396,48.7347],[-3.5477,48.733],[-3.5513,48.734],[-3.5495,48.7374],[-3.5514,48.7396],[-3.5493,48.743],[-3.5493,48.746],[-3.55,48.7481],[-3.5583,48.7534],[-3.563,48.7597],[-3.5662,48.7606],[-3.5684,48.759],[-3.5737,48.7597],[-3.585,48.7573],[-3.5854,48.7588],[-3.581,48.7589],[-3.5781,48.7627],[-3.5803,48.7668],[-3.5852,48.7686],[-3.5835,48.7753],[-3.5854,48.7763],[-3.5853,48.7791],[-3.5808,48.7791],[-3.5785,48.7822],[-3.5785,48.7848],[-3.5803,48.7873],[-3.5702,48.79],[-3.5677,48.7929],[-3.5666,48.7962],[-3.5589,48.7947],[-3.5582,48.7916],[-3.5545,48.7914],[-3.555,48.7932],[-3.5451,48.7961],[-3.541,48.7988],[-3.542,48.8012],[-3.535,48.8019],[-3.5337,48.806],[-3.5367,48.8077],[-3.5367,48.8107],[-3.5456,48.8096],[-3.5479,48.8118],[-3.548,48.814],[-3.5419,48.815],[-3.5399,48.8163],[-3.5404,48.822],[-3.5399,48.8246],[-3.5342,48.8243],[-3.532,48.8228],[-3.5288,48.8225],[-3.5277,48.821],[-3.5244,48.8209],[-3.5227,48.8182],[-3.5192,48.8189],[-3.5216,48.8215],[-3.5242,48.822],[-3.5234,48.827],[-3.5261,48.8278],[-3.5257,48.8302],[-3.5198,48.8301],[-3.5198,48.8318],[-3.5165,48.8321],[-3.513,48.8352],[-3.5089,48.8353],[-3.5034,48.8386],[-3.4997,48.8381],[-3.5053,48.8337],[-3.5072,48.8349],[-3.5085,48.83],[-3.5101,48.8276],[-3.5056,48.825],[-3.5014,48.8243],[-3.5007,48.826],[-3.503,48.8272],[-3.5021,48.8294],[-3.4978,48.8295],[-3.494,48.8283],[-3.4918,48.8289],[-3.4903,48.8257],[-3.4856,48.8264],[-3.4874,48.8299],[-3.491,48.8296],[-3.4907,48.8322],[-3.4874,48.8321],[-3.4872,48.8353],[-3.4798,48.8377],[-3.4772,48.8369],[-3.4746,48.8347],[-3.4751,48.8325],[-3.473,48.8304],[-3.4732,48.8287],[-3.4677,48.8231],[-3.4596,48.8197],[-3.4608,48.8175],[-3.4584,48.8161],[-3.4547,48.8156],[-3.448,48.8169],[-3.4453,48.8189],[-3.4412,48.8202],[-3.4367,48.8205],[-3.4332,48.8187],[-3.4271,48.82],[-3.4266,48.8174],[-3.4341,48.8139],[-3.4376,48.811],[-3.436,48.8064],[-3.4379,48.805],[-3.4417,48.8061],[-3.4431,48.8034],[-3.4405,48.7981],[-3.4303,48.7972],[-3.4283,48.7986],[-3.4239,48.7982],[-3.4218,48.7992],[-3.4152,48.799],[-3.399,48.8005],[-3.3887,48.8031],[-3.3876,48.8046],[-3.3888,48.8079],[-3.3866,48.8114],[-3.3899,48.813],[-3.3886,48.8155],[-3.3832,48.8152],[-3.3804,48.8166],[-3.3762,48.8162],[-3.3715,48.8168],[-3.3711,48.818],[-3.3659,48.8186],[-3.3644,48.821],[-3.3598,48.8214],[-3.3566,48.8195],[-3.3512,48.8213],[-3.352,48.8237],[-3.3448,48.8262],[-3.3397,48.8287],[-3.3352,48.8284],[-3.3314,48.8309],[-3.329,48.8336],[-3.3224,48.8377],[-3.3136,48.8362],[-3.3099,48.8372],[-3.3069,48.8358],[-3.3037,48.8359],[-3.2965,48.8329],[-3.293,48.8298],[-3.2906,48.8348],[-3.2865,48.8365],[-3.2853,48.8388],[-3.2829,48.8403],[-3.2823,48.8423],[-3.2757,48.8407],[-3.2755,48.8377],[-3.2711,48.8366],[-3.2695,48.834],[-3.2633,48.8346],[-3.2615,48.8376],[-3.2546,48.8409],[-3.2538,48.8425],[-3.257,48.8477],[-3.2519,48.8489],[-3.2487,48.8508],[-3.2475,48.8549],[-3.2438,48.8588],[-3.2351,48.8618],[-3.233,48.8647],[-3.2338,48.8674],[-3.2278,48.8671],[-3.2244,48.8676],[-3.2201,48.8668],[-3.2165,48.8627],[-3.2146,48.8577],[-3.2113,48.855],[-3.2118,48.8498],[-3.2095,48.8483],[-3.2133,48.8436],[-3.2132,48.84],[-3.2187,48.8364],[-3.2193,48.8319],[-3.2161,48.8359],[-3.2074,48.8375],[-3.2039,48.8352],[-3.2034,48.8254],[-3.2066,48.8194],[-3.2028,48.8188],[-3.1969,48.8183],[-3.1998,48.821],[-3.1988,48.8256],[-3.196,48.8276],[-3.1943,48.8315],[-3.1907,48.8342],[-3.1913,48.8361],[-3.1845,48.8402],[-3.1825,48.8434],[-3.1747,48.843],[-3.1737,48.8421],[-3.1709,48.8463],[-3.1717,48.8473],[-3.169,48.8503],[-3.1678,48.853],[-3.165,48.8537],[-3.1584,48.8517],[-3.1522,48.8526],[-3.145,48.8546],[-3.1421,48.8577],[-3.1369,48.8577],[-3.1328,48.8589],[-3.1327,48.8619],[-3.1298,48.8644],[-3.1261,48.8651],[-3.1227,48.8641],[-3.119,48.8658],[-3.1171,48.8655],[-3.1119,48.8672],[-3.1079,48.8655],[-3.1019,48.8671],[-3.0961,48.8659],[-3.0913,48.867],[-3.0885,48.8661],[-3.0851,48.8672],[-3.0803,48.8634],[-3.082,48.8608],[-3.0844,48.8631],[-3.0875,48.8614],[-3.093,48.8611],[-3.0945,48.8585],[-3.0889,48.8565],[-3.0885,48.8529],[-3.0836,48.8478],[-3.0847,48.8453],[-3.09,48.8411],[-3.0905,48.8381],[-3.0939,48.8353],[-3.0979,48.8343],[-3.0973,48.8321],[-3.1,48.8309],[-3.0903,48.8329],[-3.0881,48.8306],[-3.083,48.8318],[-3.081,48.83],[-3.0779,48.8297],[-3.074,48.8327],[-3.0725,48.8297],[-3.077,48.8281],[-3.0782,48.8295],[-3.0832,48.8275],[-3.085,48.8249],[-3.0839,48.8214],[-3.0873,48.8177],[-3.0884,48.8116],[-3.0928,48.8082],[-3.0974,48.806],[-3.0976,48.8035],[-3.0997,48.8],[-3.0993,48.7973],[-3.0971,48.7953],[-3.1003,48.7916],[-3.099,48.7907],[-3.1005,48.7873],[-3.099,48.7836],[-3.1059,48.7832],[-3.1082,48.7795],[-3.1132,48.7781],[-3.1161,48.7757],[-3.1229,48.7708],[-3.1213,48.7683],[-3.1222,48.7644],[-3.1248,48.7622],[-3.1215,48.7562],[-3.1197,48.7567],[-3.1197,48.7602],[-3.1164,48.7642],[-3.1112,48.7659],[-3.1028,48.7659],[-3.1016,48.7678],[-3.0988,48.7687],[-3.1015,48.7732],[-3.1009,48.7757],[-3.102,48.7779],[-3.1013,48.7805],[-3.097,48.7798],[-3.095,48.7809],[-3.0938,48.7835],[-3.0939,48.7863],[-3.0919,48.7882],[-3.0943,48.795],[-3.0897,48.7985],[-3.0873,48.8023],[-3.088,48.8063],[-3.0857,48.8104],[-3.0798,48.8154],[-3.0758,48.8168],[-3.0737,48.8197],[-3.0656,48.8221],[-3.0593,48.8216],[-3.0548,48.8221],[-3.0573,48.8178],[-3.0533,48.8153],[-3.0467,48.8173],[-3.0422,48.8175],[-3.0387,48.8193],[-3.029,48.8201],[-3.0263,48.8213],[-3.0231,48.8204],[-3.0135,48.8216],[-3.0082,48.8183],[-3.0117,48.8166],[-3.0149,48.8128],[-3.0171,48.8117],[-3.0152,48.8085],[-3.0088,48.8042],[-3.0051,48.8048],[-3.0027,48.8033],[-3.0053,48.8004],[-3.0107,48.8001],[-3.014,48.7989],[-3.0174,48.799],[-3.0211,48.7974],[-3.0256,48.7911],[-3.0323,48.7914],[-3.0371,48.7896],[-3.0397,48.7901],[-3.0444,48.7888],[-3.0449,48.7877],[-3.0416,48.7865],[-3.0457,48.7846],[-3.0432,48.783],[-3.035,48.7829],[-3.0291,48.7838],[-3.0255,48.7819],[-3.0224,48.7825],[-3.0148,48.7818],[-3.0125,48.7809],[-3.0167,48.7787],[-3.0232,48.7795],[-3.0281,48.7789],[-3.0301,48.7753],[-3.0263,48.775],[-3.0229,48.7718],[-3.017,48.7682],[-3.0172,48.7655],[-3.0093,48.7665],[-3.0068,48.7681],[-3.0044,48.7658],[-3.0001,48.7645],[-2.9942,48.7649],[-2.9905,48.7627],[-2.9866,48.7631],[-2.979,48.7618],[-2.9749,48.7624],[-2.9621,48.7628],[-2.9571,48.7644],[-2.9553,48.7672],[-2.9554,48.769],[-2.9521,48.7717],[-2.9495,48.7699],[-2.9527,48.7668],[-2.9507,48.7634],[-2.9453,48.7602],[-2.943,48.7574],[-2.937,48.7567],[-2.9347,48.7574],[-2.9311,48.7534],[-2.9344,48.7508],[-2.9381,48.749],[-2.9387,48.7471],[-2.9425,48.7444],[-2.9418,48.7404],[-2.9367,48.7397],[-2.9344,48.7377],[-2.9375,48.7341],[-2.9384,48.7314],[-2.9462,48.7273],[-2.9482,48.7272],[-2.9486,48.7261],[-2.9449,48.7205],[-2.9418,48.7191],[-2.9378,48.7194],[-2.9325,48.717],[-2.9275,48.7127],[-2.9267,48.7088],[-2.9188,48.7049],[-2.9155,48.7051],[-2.9101,48.7025],[-2.9064,48.7015],[-2.9049,48.6995],[-2.901,48.6987],[-2.8954,48.7008],[-2.8908,48.6989],[-2.8886,48.693],[-2.8835,48.6904],[-2.8855,48.6889],[-2.8852,48.6863],[-2.8867,48.6835],[-2.8823,48.6788],[-2.8842,48.6767],[-2.8806,48.6744],[-2.8758,48.6745],[-2.8742,48.6735],[-2.8696,48.6741],[-2.8693,48.6722],[-2.8664,48.6714],[-2.8623,48.6728],[-2.8602,48.6753],[-2.8573,48.6746],[-2.855,48.6723],[-2.8554,48.6709],[-2.8527,48.6667],[-2.8503,48.6672],[-2.8488,48.6677],[-2.8463,48.6649],[-2.8427,48.6641],[-2.8403,48.6617],[-2.8413,48.6599],[-2.8382,48.6579],[-2.838,48.6563],[-2.8328,48.6549],[-2.8266,48.6555],[-2.8275,48.6539],[-2.8263,48.6481],[-2.8274,48.6468],[-2.8258,48.6438],[-2.8228,48.6434],[-2.8227,48.6415],[-2.8257,48.6391],[-2.8269,48.6369],[-2.8204,48.6316],[-2.82,48.6287],[-2.8234,48.6255],[-2.8214,48.6219],[-2.818,48.6188],[-2.8159,48.6158],[-2.8153,48.6114],[-2.8139,48.6102],[-2.819,48.608],[-2.8198,48.6016],[-2.8251,48.6011],[-2.8239,48.5977],[-2.8212,48.5944],[-2.8163,48.5928],[-2.8109,48.5929],[-2.8083,48.592],[-2.8013,48.5897],[-2.8003,48.5882],[-2.7967,48.586],[-2.7918,48.5846],[-2.7896,48.5854],[-2.7867,48.5839],[-2.7825,48.5855],[-2.7796,48.5851],[-2.7787,48.5822],[-2.7754,48.5802],[-2.774,48.576],[-2.7754,48.5732],[-2.7722,48.5702],[-2.7653,48.5678],[-2.7596,48.565],[-2.7474,48.5617],[-2.74,48.5603],[-2.7316,48.5606],[-2.7308,48.5587],[-2.7258,48.5566],[-2.7127,48.5543],[-2.7132,48.5529],[-2.7186,48.5511],[-2.7246,48.5476],[-2.7244,48.5456],[-2.721,48.5419],[-2.718,48.5397],[-2.7191,48.5355],[-2.7247,48.5316],[-2.7265,48.5297],[-2.7301,48.5287],[-2.7331,48.5295],[-2.7373,48.5288],[-2.7381,48.5272],[-2.7363,48.5288],[-2.7326,48.5279],[-2.7265,48.528],[-2.7237,48.5299],[-2.7105,48.533],[-2.7106,48.5312],[-2.7171,48.5281],[-2.7169,48.5246],[-2.7104,48.5204],[-2.7138,48.5196],[-2.7102,48.5203],[-2.7047,48.5159],[-2.703,48.5108],[-2.7009,48.5095],[-2.6974,48.5043],[-2.6938,48.5024],[-2.6898,48.4983],[-2.6866,48.4938],[-2.6841,48.4932],[-2.6809,48.4902],[-2.6792,48.4891],[-2.6753,48.491],[-2.6783,48.4937],[-2.6829,48.4955],[-2.6846,48.4976],[-2.6826,48.501],[-2.6792,48.5031],[-2.679,48.5056],[-2.6753,48.5096],[-2.6768,48.5149],[-2.6762,48.5187],[-2.6785,48.5237],[-2.6797,48.5241],[-2.6797,48.5282],[-2.6822,48.5322],[-2.6792,48.5337],[-2.6732,48.5342],[-2.6697,48.536],[-2.6673,48.5339],[-2.6629,48.5336],[-2.6633,48.5312],[-2.6597,48.5305],[-2.6585,48.5269],[-2.6536,48.5251],[-2.651,48.525],[-2.6399,48.5235],[-2.6316,48.5259],[-2.6276,48.524],[-2.6291,48.5224],[-2.6246,48.5219],[-2.6201,48.5182],[-2.6262,48.5243],[-2.6311,48.5271],[-2.6337,48.5306],[-2.6318,48.5331],[-2.6324,48.5375],[-2.6302,48.5382],[-2.6278,48.5413],[-2.6218,48.544],[-2.6173,48.5449],[-2.6144,48.5464],[-2.6106,48.5499],[-2.6067,48.5509],[-2.6043,48.5532],[-2.6004,48.5551],[-2.5991,48.558],[-2.5948,48.5608],[-2.5888,48.5634],[-2.5878,48.5661],[-2.5849,48.5688],[-2.5796,48.5703],[-2.5813,48.5715],[-2.5774,48.5737],[-2.5752,48.5758],[-2.573,48.578],[-2.569,48.5798],[-2.5703,48.5818],[-2.5629,48.5844],[-2.5538,48.5907],[-2.5517,48.593],[-2.5511,48.5962],[-2.5553,48.5978],[-2.554,48.5995],[-2.5446,48.5981],[-2.539,48.5967],[-2.5316,48.5974],[-2.5209,48.6001],[-2.5076,48.6041],[-2.4986,48.6073],[-2.4936,48.6095],[-2.4894,48.6147],[-2.4857,48.6151],[-2.4817,48.6168],[-2.4732,48.6225],[-2.4736,48.6257],[-2.4714,48.6288],[-2.4676,48.6307],[-2.4668,48.6333],[-2.4683,48.6361],[-2.4729,48.6362],[-2.4808,48.6371],[-2.4829,48.6382],[-2.484,48.6415],[-2.4862,48.6415],[-2.488,48.6439],[-2.4853,48.6456],[-2.4775,48.6443],[-2.4729,48.6456],[-2.4677,48.65],[-2.4623,48.6477],[-2.4583,48.6489],[-2.4537,48.6477],[-2.4429,48.6508],[-2.4385,48.6526],[-2.4362,48.6522],[-2.4325,48.6497],[-2.4223,48.6478],[-2.4201,48.6425],[-2.421,48.6392],[-2.4155,48.6365],[-2.4198,48.6342],[-2.4184,48.6322],[-2.4138,48.6321],[-2.4088,48.6359],[-2.4097,48.6369],[-2.4142,48.6414],[-2.4022,48.6414],[-2.3975,48.6423],[-2.3939,48.6437],[-2.3939,48.6464],[-2.3859,48.6529],[-2.3829,48.6531],[-2.3812,48.6518],[-2.3746,48.6534],[-2.3729,48.6565],[-2.3674,48.6562],[-2.3654,48.655],[-2.3623,48.6551],[-2.3566,48.6579],[-2.3565,48.6588],[-2.3503,48.6613],[-2.3472,48.6647],[-2.3444,48.6647],[-2.3425,48.6677],[-2.3349,48.6701],[-2.3319,48.6703],[-2.3282,48.6729],[-2.3278,48.677],[-2.3258,48.678],[-2.3254,48.6813],[-2.3183,48.6863],[-2.3141,48.6837],[-2.3131,48.681],[-2.3108,48.6802],[-2.3143,48.6761],[-2.3148,48.6742],[-2.3116,48.671],[-2.3057,48.6686],[-2.301,48.6679],[-2.292,48.6681],[-2.2888,48.6673],[-2.2863,48.6654],[-2.2869,48.6632],[-2.2895,48.663],[-2.2945,48.6598],[-2.2978,48.6555],[-2.298,48.6512],[-2.3083,48.6453],[-2.3104,48.642],[-2.308,48.6405],[-2.3092,48.6377],[-2.3112,48.6366],[-2.3133,48.6332],[-2.3252,48.6277],[-2.3339,48.6229],[-2.3355,48.6203],[-2.3375,48.6196],[-2.3358,48.6187],[-2.3309,48.6198],[-2.3208,48.6176],[-2.3208,48.6135],[-2.3168,48.6105],[-2.3135,48.61],[-2.3113,48.613],[-2.305,48.6195],[-2.3004,48.6223],[-2.2985,48.6258],[-2.2971,48.6265],[-2.293,48.6249],[-2.2864,48.6268],[-2.2897,48.6286],[-2.2865,48.6298],[-2.2866,48.6319],[-2.2786,48.635],[-2.2771,48.6366],[-2.2744,48.6365],[-2.2701,48.6405],[-2.2658,48.641],[-2.2628,48.644],[-2.261,48.6445],[-2.2555,48.6439],[-2.2473,48.646],[-2.2428,48.642],[-2.252,48.6387],[-2.2562,48.6358],[-2.2529,48.6298],[-2.2474,48.6257],[-2.2433,48.6235],[-2.2436,48.6212],[-2.2456,48.6175],[-2.2445,48.6141],[-2.2321,48.61],[-2.2282,48.6108],[-2.2287,48.608],[-2.2257,48.6039],[-2.2226,48.6023],[-2.2236,48.5956],[-2.2214,48.5934],[-2.2193,48.594],[-2.2167,48.5925],[-2.2144,48.5933],[-2.2113,48.5892],[-2.2101,48.5857],[-2.2105,48.5827],[-2.212,48.5807],[-2.2118,48.5754],[-2.2198,48.5722],[-2.2239,48.5717],[-2.2259,48.5701],[-2.2206,48.5693],[-2.2186,48.5702],[-2.216,48.5684],[-2.2186,48.5658],[-2.2178,48.5636],[-2.2214,48.5614],[-2.22,48.5576],[-2.217,48.5546],[-2.2232,48.5524],[-2.2243,48.5507],[-2.2243,48.547],[-2.2189,48.5431],[-2.2239,48.5401],[-2.2258,48.5397],[-2.2262,48.5381],[-2.2253,48.5395],[-2.2216,48.5408],[-2.2186,48.54],[-2.2157,48.5412]]],[[[-3.0453,48.8591],[-3.0447,48.8604],[-3.0397,48.8618],[-3.0375,48.8639],[-3.0345,48.864],[-3.0335,48.8621],[-3.0383,48.8613],[-3.0393,48.8602],[-3.0453,48.8591]]],[[[-3.3107,48.8467],[-3.3105,48.8479],[-3.309,48.849],[-3.3078,48.8493],[-3.3056,48.8489],[-3.3047,48.8491],[-3.3032,48.8485],[-3.3009,48.8465],[-3.3045,48.8459],[-3.3041,48.8481],[-3.3043,48.8489],[-3.3088,48.849],[-3.3107,48.8467]]],[[[-3.284,48.8451],[-3.2817,48.8466],[-3.2783,48.8442],[-3.2815,48.8437],[-3.284,48.8451]]],[[[-3.4127,48.8428],[-3.4096,48.8427],[-3.4084,48.84],[-3.4062,48.8385],[-3.4057,48.8309],[-3.408,48.8318],[-3.4086,48.8379],[-3.4097,48.8415],[-3.4127,48.8428]]],[[[-3.486,48.8823],[-3.4822,48.8846],[-3.4765,48.8841],[-3.477,48.8811],[-3.48,48.8823],[-3.4855,48.8813],[-3.486,48.8823]]],[[[-3.4949,48.879],[-3.4906,48.8801],[-3.4913,48.8777],[-3.4949,48.879]]],[[[-3.591,48.8018],[-3.5862,48.8017],[-3.5826,48.8048],[-3.5792,48.8064],[-3.577,48.8035],[-3.5727,48.8068],[-3.5667,48.8081],[-3.5633,48.8057],[-3.5624,48.803],[-3.5656,48.7994],[-3.5684,48.7997],[-3.5694,48.7974],[-3.5731,48.7963],[-3.5773,48.7986],[-3.5824,48.798],[-3.5834,48.7951],[-3.5858,48.7953],[-3.5856,48.8002],[-3.591,48.8018]]],[[[-2.9856,48.797],[-2.9821,48.7993],[-2.978,48.7975],[-2.9816,48.7967],[-2.9856,48.797]]],[[[-3.1949,48.8741],[-3.1874,48.8737],[-3.184,48.8748],[-3.1813,48.8734],[-3.1806,48.8711],[-3.1829,48.8696],[-3.1848,48.8729],[-3.1917,48.8715],[-3.1949,48.8741]]],[[[-2.1957,48.6198],[-2.1917,48.6231],[-2.1888,48.6275],[-2.1868,48.6269],[-2.1873,48.6219],[-2.1915,48.622],[-2.1957,48.6198]]],[[[-3.6034,48.7718],[-3.5978,48.7711],[-3.5922,48.7678],[-3.5924,48.7662],[-3.6013,48.7685],[-3.6034,48.7718]]],[[[-3.929,48.6922],[-3.9287,48.6938],[-3.9249,48.6948],[-3.9227,48.6929],[-3.9246,48.6896],[-3.921,48.6883],[-3.919,48.6836],[-3.9226,48.6826],[-3.9226,48.6799],[-3.9266,48.6808],[-3.9229,48.6836],[-3.9241,48.6855],[-3.9266,48.6862],[-3.9257,48.69],[-3.929,48.6922]]],[[[-4.8657,48.3421],[-4.8593,48.3457],[-4.858,48.3509],[-4.8498,48.3539],[-4.8479,48.3571],[-4.8422,48.355],[-4.8497,48.3516],[-4.8553,48.3479],[-4.8581,48.3454],[-4.858,48.3415],[-4.8619,48.341],[-4.8657,48.3421]]],[[[-4.9112,48.3744],[-4.9036,48.3739],[-4.8981,48.376],[-4.8932,48.3741],[-4.894,48.3722],[-4.8993,48.3729],[-4.9051,48.3722],[-4.9112,48.3744]]],[[[-4.9452,48.3699],[-4.9442,48.3716],[-4.9401,48.3723],[-4.935,48.3754],[-4.9329,48.3743],[-4.937,48.3715],[-4.9409,48.3714],[-4.9452,48.3699]]],[[[-4.9872,48.4155],[-4.9853,48.4183],[-4.9818,48.42],[-4.9804,48.4189],[-4.9813,48.4167],[-4.9872,48.4155]]],[[[-5.0142,48.426],[-5.0125,48.4313],[-5.0106,48.43],[-5.0117,48.4276],[-5.0142,48.426]]],[[[-4.4392,48.2247],[-4.4367,48.227],[-4.4353,48.2241],[-4.4392,48.2247]]],[[[-4.0022,47.707],[-3.9987,47.7103],[-3.9959,47.7082],[-3.9928,47.7083],[-3.9918,47.7049],[-3.9933,47.703],[-3.9983,47.7013],[-4.0005,47.7028],[-3.9984,47.7059],[-4.0022,47.707]]],[[[-3.9588,47.714],[-3.9583,47.7195],[-3.9536,47.7223],[-3.951,47.7201],[-3.9543,47.718],[-3.9562,47.7148],[-3.955,47.7127],[-3.9575,47.7119],[-3.9588,47.714]]],[[[-4.0061,47.7234],[-4.0032,47.724],[-4.0013,47.7258],[-3.9971,47.7254],[-4,47.7229],[-4.0042,47.7226],[-4.0061,47.7234]]],[[[-4.0407,48.7458],[-4.0378,48.748],[-4.0339,48.7469],[-4.0269,48.7502],[-4.025,48.7502],[-4.0233,48.7528],[-4.019,48.752],[-4.0062,48.7528],[-4.0068,48.7514],[-4.0038,48.7482],[-3.9982,48.7455],[-3.9915,48.7441],[-3.9915,48.7425],[-3.9889,48.7394],[-3.9924,48.737],[-3.9936,48.7404],[-3.997,48.7416],[-3.9998,48.7409],[-4.0038,48.7417],[-4.0067,48.7407],[-4.0111,48.7442],[-4.0146,48.7442],[-4.0225,48.7388],[-4.0259,48.7401],[-4.0264,48.7419],[-4.0324,48.7431],[-4.0355,48.7413],[-4.0386,48.7448],[-4.0407,48.7458]]],[[[-4.8714,48.0405],[-4.8693,48.0414],[-4.8673,48.044],[-4.862,48.0409],[-4.8566,48.0398],[-4.8552,48.0387],[-4.8508,48.0401],[-4.8499,48.0361],[-4.8511,48.0341],[-4.8541,48.036],[-4.8574,48.0395],[-4.8594,48.0391],[-4.8636,48.0404],[-4.8682,48.0395],[-4.8714,48.0405]]],[[[-4.9673,48.3983],[-4.9621,48.4013],[-4.9588,48.401],[-4.9538,48.3933],[-4.9593,48.3903],[-4.9647,48.3924],[-4.9649,48.3966],[-4.9673,48.3983]]],[[[-4.9526,48.4006],[-4.9473,48.4027],[-4.9465,48.4011],[-4.9509,48.3981],[-4.9526,48.4006]]],[[[-4.7781,48.5294],[-4.7738,48.5309],[-4.773,48.5283],[-4.7756,48.5269],[-4.7781,48.5294]]],[[[-4.1844,47.8451],[-4.1833,47.8472],[-4.1774,47.8444],[-4.1765,47.8407],[-4.1792,47.8411],[-4.1813,47.8434],[-4.1844,47.8451]]],[[[-5.1412,48.4493],[-5.1385,48.4521],[-5.1332,48.4561],[-5.1325,48.4592],[-5.1304,48.4605],[-5.1277,48.4603],[-5.1233,48.4626],[-5.1208,48.4622],[-5.117,48.4648],[-5.1086,48.4657],[-5.1095,48.4684],[-5.1069,48.4699],[-5.1055,48.4727],[-5.1009,48.4726],[-5.0967,48.4735],[-5.0923,48.476],[-5.0905,48.4736],[-5.0862,48.4737],[-5.0829,48.4723],[-5.0812,48.4735],[-5.0755,48.4746],[-5.0738,48.4771],[-5.0707,48.4792],[-5.0749,48.4797],[-5.0751,48.4823],[-5.0734,48.4833],[-5.0699,48.4816],[-5.0661,48.482],[-5.0598,48.4759],[-5.0533,48.4778],[-5.0505,48.4753],[-5.0574,48.4709],[-5.0546,48.4695],[-5.0589,48.4675],[-5.0513,48.466],[-5.0478,48.4622],[-5.044,48.4651],[-5.0402,48.4654],[-5.0344,48.4631],[-5.0376,48.4584],[-5.0434,48.4576],[-5.0454,48.4588],[-5.0505,48.4587],[-5.0511,48.4572],[-5.0553,48.455],[-5.0587,48.4502],[-5.0622,48.4491],[-5.0643,48.4509],[-5.0665,48.4493],[-5.0684,48.4518],[-5.0731,48.4511],[-5.0755,48.4492],[-5.0811,48.4494],[-5.0849,48.4461],[-5.0868,48.4456],[-5.0887,48.4408],[-5.0962,48.4402],[-5.1007,48.439],[-5.1025,48.4364],[-5.1054,48.4369],[-5.1108,48.4362],[-5.115,48.4366],[-5.1127,48.4386],[-5.1101,48.439],[-5.1083,48.4439],[-5.1048,48.445],[-5.103,48.4439],[-5.098,48.4454],[-5.0986,48.4466],[-5.0946,48.4482],[-5.0925,48.45],[-5.0926,48.4524],[-5.0977,48.4539],[-5.0991,48.4566],[-5.1078,48.4544],[-5.1118,48.4539],[-5.1174,48.4519],[-5.1204,48.4529],[-5.1232,48.4523],[-5.1251,48.45],[-5.1285,48.4501],[-5.1316,48.4483],[-5.137,48.4501],[-5.1392,48.4482],[-5.1412,48.4493]]],[[[-5.1042,48.4811],[-5.1031,48.4826],[-5.0993,48.4817],[-5.0945,48.4823],[-5.0899,48.479],[-5.0963,48.4778],[-5.1018,48.4793],[-5.1042,48.4811]]],[[[-4.5751,48.6105],[-4.5693,48.6075],[-4.5714,48.6051],[-4.5747,48.6082],[-4.5751,48.6105]]],[[[-4.2819,48.2835],[-4.2789,48.285],[-4.277,48.2829],[-4.2806,48.2823],[-4.2819,48.2835]]],[[[-4.073,48.7053],[-4.0713,48.7067],[-4.0646,48.7067],[-4.0608,48.7058],[-4.06,48.7029],[-4.0624,48.7029],[-4.0651,48.7046],[-4.069,48.7056],[-4.073,48.7053]]],[[[-2.0753,48.676],[-2.0691,48.6789],[-2.068,48.6773],[-2.0731,48.6752],[-2.0753,48.676]]],[[[-2.8524,47.6116],[-2.8502,47.6134],[-2.8455,47.6111],[-2.8468,47.6096],[-2.8524,47.6116]]],[[[-2.9305,47.581],[-2.9262,47.5794],[-2.9289,47.5775],[-2.9305,47.581]]],[[[-3.1582,47.2926],[-3.1603,47.2948],[-3.1605,47.2968],[-3.1662,47.2982],[-3.1685,47.3005],[-3.1751,47.3019],[-3.1783,47.2991],[-3.1809,47.2997],[-3.1826,47.2954],[-3.189,47.2953],[-3.1941,47.2938],[-3.2005,47.2955],[-3.2037,47.2993],[-3.2092,47.2938],[-3.2122,47.2951],[-3.2171,47.2934],[-3.222,47.2936],[-3.2253,47.2971],[-3.2224,47.2988],[-3.2277,47.3003],[-3.2329,47.3026],[-3.2363,47.3017],[-3.2388,47.3032],[-3.2383,47.3056],[-3.242,47.3095],[-3.245,47.3096],[-3.2456,47.3119],[-3.2483,47.3135],[-3.2491,47.3169],[-3.2455,47.3156],[-3.2439,47.3183],[-3.244,47.3203],[-3.2394,47.3221],[-3.236,47.3243],[-3.236,47.3268],[-3.2417,47.328],[-3.2448,47.3303],[-3.2486,47.3306],[-3.2484,47.333],[-3.2503,47.3352],[-3.2528,47.3353],[-3.2545,47.3374],[-3.2523,47.3389],[-3.2549,47.3411],[-3.2577,47.3455],[-3.2552,47.3467],[-3.2545,47.3491],[-3.2592,47.3516],[-3.262,47.3508],[-3.2621,47.3544],[-3.2605,47.3549],[-3.2591,47.358],[-3.263,47.3622],[-3.2607,47.3638],[-3.2615,47.3672],[-3.2587,47.369],[-3.262,47.371],[-3.2599,47.3732],[-3.2565,47.3735],[-3.2537,47.3723],[-3.2469,47.3708],[-3.2495,47.3746],[-3.2533,47.3755],[-3.2522,47.3779],[-3.2495,47.3785],[-3.2501,47.3809],[-3.2496,47.3861],[-3.2471,47.3876],[-3.2446,47.3876],[-3.2417,47.3852],[-3.2409,47.3834],[-3.2368,47.382],[-3.2376,47.3796],[-3.2294,47.3792],[-3.2268,47.3781],[-3.2185,47.379],[-3.2185,47.3734],[-3.2091,47.3731],[-3.2062,47.3709],[-3.2011,47.3723],[-3.1996,47.3702],[-3.1967,47.3695],[-3.1949,47.3654],[-3.1907,47.365],[-3.1876,47.3636],[-3.1835,47.3644],[-3.1791,47.3639],[-3.1733,47.3614],[-3.1668,47.3621],[-3.1637,47.3617],[-3.1594,47.3626],[-3.1557,47.3617],[-3.1566,47.3572],[-3.154,47.3534],[-3.1535,47.347],[-3.1493,47.3444],[-3.1457,47.3432],[-3.1455,47.3383],[-3.1468,47.3357],[-3.1457,47.3336],[-3.1384,47.3289],[-3.1322,47.3279],[-3.1284,47.329],[-3.1257,47.3272],[-3.1219,47.323],[-3.1198,47.3237],[-3.1139,47.3229],[-3.1104,47.3184],[-3.1022,47.3162],[-3.0923,47.3153],[-3.0879,47.3162],[-3.0814,47.3165],[-3.0783,47.3173],[-3.0683,47.3171],[-3.0621,47.3147],[-3.0584,47.3119],[-3.0566,47.3095],[-3.0582,47.3071],[-3.0641,47.3078],[-3.0656,47.3057],[-3.0669,47.2997],[-3.0687,47.2957],[-3.0702,47.2959],[-3.0754,47.2933],[-3.0767,47.2879],[-3.075,47.287],[-3.0811,47.2842],[-3.0854,47.2838],[-3.0878,47.2813],[-3.0917,47.2786],[-3.0962,47.279],[-3.0953,47.2831],[-3.0982,47.2841],[-3.1068,47.2853],[-3.107,47.287],[-3.1142,47.2888],[-3.1172,47.2879],[-3.1195,47.2905],[-3.1249,47.2903],[-3.1276,47.2881],[-3.1358,47.2883],[-3.1394,47.2862],[-3.1427,47.2874],[-3.1417,47.2896],[-3.1502,47.294],[-3.1582,47.2926]]],[[[-3.5148,47.6476],[-3.5128,47.6508],[-3.5035,47.652],[-3.5015,47.6535],[-3.4967,47.6538],[-3.4923,47.6527],[-3.4848,47.6523],[-3.4822,47.6503],[-3.4735,47.6487],[-3.466,47.6491],[-3.4628,47.648],[-3.4592,47.6457],[-3.4552,47.6448],[-3.449,47.6444],[-3.4476,47.6429],[-3.4429,47.6442],[-3.4375,47.6447],[-3.4272,47.6409],[-3.4239,47.6389],[-3.4208,47.638],[-3.4189,47.6353],[-3.4167,47.6344],[-3.4165,47.6314],[-3.4188,47.628],[-3.4181,47.6256],[-3.423,47.6199],[-3.4265,47.6235],[-3.4324,47.6235],[-3.4368,47.6283],[-3.4409,47.6279],[-3.4429,47.6248],[-3.446,47.623],[-3.4502,47.6237],[-3.457,47.6213],[-3.4594,47.6218],[-3.4628,47.6204],[-3.4651,47.6217],[-3.4645,47.6233],[-3.47,47.6252],[-3.4727,47.6269],[-3.4782,47.6275],[-3.4814,47.6287],[-3.4858,47.6287],[-3.4858,47.6309],[-3.4876,47.6321],[-3.4925,47.6327],[-3.4997,47.6364],[-3.5001,47.6381],[-3.5058,47.6396],[-3.5083,47.6424],[-3.5111,47.644],[-3.5148,47.6476]]],[[[-2.8915,47.346],[-2.883,47.3427],[-2.8793,47.3435],[-2.8733,47.343],[-2.8678,47.3483],[-2.8641,47.3491],[-2.862,47.3451],[-2.8609,47.3412],[-2.8652,47.337],[-2.8755,47.3351],[-2.8764,47.333],[-2.8802,47.3326],[-2.8863,47.335],[-2.8894,47.3383],[-2.8872,47.3402],[-2.888,47.3434],[-2.8915,47.346]]],[[[-2.995,47.3941],[-2.9913,47.3965],[-2.9927,47.3986],[-2.9914,47.4004],[-2.9847,47.3989],[-2.9819,47.4002],[-2.9806,47.3975],[-2.9676,47.3927],[-2.9638,47.3927],[-2.9617,47.394],[-2.9564,47.3914],[-2.9523,47.3907],[-2.9478,47.3926],[-2.9422,47.3941],[-2.9398,47.3921],[-2.9491,47.3889],[-2.9534,47.3856],[-2.9542,47.3823],[-2.9492,47.3787],[-2.949,47.3762],[-2.9562,47.3782],[-2.9551,47.38],[-2.958,47.3834],[-2.9606,47.3845],[-2.968,47.3844],[-2.9771,47.3875],[-2.9775,47.3899],[-2.9816,47.3911],[-2.9838,47.3938],[-2.9895,47.3948],[-2.9932,47.3929],[-2.995,47.3941]]],[[[-2.8623,47.5689],[-2.8599,47.5721],[-2.8602,47.5732],[-2.8572,47.583],[-2.8557,47.5847],[-2.857,47.5901],[-2.8543,47.5941],[-2.8516,47.5956],[-2.8502,47.5988],[-2.8467,47.599],[-2.8422,47.6048],[-2.8375,47.6072],[-2.8371,47.6048],[-2.8395,47.6],[-2.842,47.5972],[-2.84,47.5951],[-2.8394,47.5926],[-2.8354,47.592],[-2.8339,47.5934],[-2.8259,47.5907],[-2.828,47.5895],[-2.8319,47.5901],[-2.8379,47.5882],[-2.8433,47.5899],[-2.8464,47.59],[-2.8497,47.5873],[-2.8521,47.582],[-2.8506,47.5784],[-2.8527,47.5759],[-2.8557,47.5745],[-2.8524,47.568],[-2.854,47.5658],[-2.8585,47.5666],[-2.8583,47.562],[-2.861,47.5623],[-2.8611,47.5679],[-2.8623,47.5689]]],[[[-2.8165,47.5853],[-2.8133,47.584],[-2.8083,47.5863],[-2.811,47.5885],[-2.8125,47.5913],[-2.8091,47.5924],[-2.813,47.5982],[-2.8062,47.5961],[-2.8017,47.5973],[-2.7998,47.5968],[-2.7964,47.598],[-2.7951,47.6003],[-2.7962,47.6043],[-2.7924,47.6042],[-2.7939,47.6014],[-2.7897,47.6008],[-2.788,47.5996],[-2.7877,47.5968],[-2.7858,47.5928],[-2.7808,47.5934],[-2.7769,47.5907],[-2.7804,47.5895],[-2.7867,47.5899],[-2.7852,47.5914],[-2.7878,47.5935],[-2.7902,47.594],[-2.7937,47.5931],[-2.7945,47.5909],[-2.7987,47.5898],[-2.799,47.5879],[-2.8019,47.5864],[-2.8039,47.5819],[-2.807,47.5815],[-2.8088,47.5785],[-2.8133,47.5794],[-2.8114,47.5809],[-2.8133,47.5838],[-2.8165,47.5853]]],[[[-2.7952,47.5713],[-2.7931,47.574],[-2.7936,47.5769],[-2.786,47.5755],[-2.7862,47.5737],[-2.7888,47.5728],[-2.7895,47.5687],[-2.7947,47.5704],[-2.7952,47.5713]]],[[[-2.8915,47.5768],[-2.8911,47.5789],[-2.889,47.5801],[-2.885,47.5791],[-2.888,47.5772],[-2.8915,47.5768]]],[[[-2.9009,47.5721],[-2.8979,47.576],[-2.8955,47.5735],[-2.8972,47.5717],[-2.9009,47.5721]]],[[[-3.3175,47.7052],[-3.3129,47.7051],[-3.3126,47.7025],[-3.3149,47.7022],[-3.3175,47.7052]]],[[[-2.7386,47.5841],[-2.7371,47.5845],[-2.7317,47.5815],[-2.7266,47.5797],[-2.7238,47.5769],[-2.7278,47.5727],[-2.7335,47.579],[-2.7381,47.5809],[-2.7386,47.5841]]],[[[-2.8075,47.5641],[-2.8061,47.5662],[-2.8033,47.5634],[-2.8061,47.5617],[-2.8075,47.5641]]],[[[-2.7711,47.6105],[-2.7651,47.6101],[-2.7601,47.6067],[-2.7565,47.6077],[-2.7525,47.6044],[-2.7546,47.6028],[-2.7567,47.6051],[-2.7596,47.6064],[-2.7636,47.6057],[-2.7649,47.6068],[-2.7699,47.6056],[-2.7711,47.6105]]]]}},{"type":"Feature","properties":{"code":"75","nom":"Nouvelle-Aquitaine","analysis_region_code":"75"},"geometry":{"type":"MultiPolygon","coordinates":[[[[-1.1792,46.0122],[-1.1779,46.0134],[-1.1765,46.018],[-1.1767,46.0212],[-1.1741,46.0243],[-1.1719,46.0239],[-1.1686,46.0252],[-1.1623,46.0243],[-1.1579,46.022],[-1.1546,46.0195],[-1.1561,46.0182],[-1.1638,46.0184],[-1.168,46.0198],[-1.1735,46.0179],[-1.1738,46.0154],[-1.1711,46.0151],[-1.1705,46.0132],[-1.175,46.01],[-1.1774,46.0104],[-1.1792,46.0122]]],[[[-1.1033,46.095],[-1.1052,46.097],[-1.1087,46.0978],[-1.1129,46.1018],[-1.1156,46.1029],[-1.1221,46.1031],[-1.1233,46.1019],[-1.1314,46.1023],[-1.1342,46.1052],[-1.1388,46.1062],[-1.1398,46.1043],[-1.1429,46.1066],[-1.1431,46.109],[-1.1404,46.1103],[-1.1314,46.109],[-1.1246,46.1118],[-1.124,46.1136],[-1.1244,46.119],[-1.1269,46.1254],[-1.1301,46.127],[-1.1352,46.1264],[-1.1387,46.1274],[-1.1415,46.1266],[-1.1459,46.1274],[-1.149,46.1304],[-1.1492,46.1331],[-1.153,46.1367],[-1.1561,46.1377],[-1.1615,46.1371],[-1.1666,46.1385],[-1.1735,46.1385],[-1.1704,46.1419],[-1.1636,46.1421],[-1.1626,46.1438],[-1.1598,46.1522],[-1.1599,46.1544],[-1.1632,46.1557],[-1.1707,46.1543],[-1.1752,46.1528],[-1.1775,46.1535],[-1.1867,46.1537],[-1.1874,46.1514],[-1.1996,46.1473],[-1.2049,46.1462],[-1.2086,46.1466],[-1.2108,46.1482],[-1.2133,46.1472],[-1.216,46.1478],[-1.2211,46.1475],[-1.2211,46.1491],[-1.2241,46.151],[-1.2288,46.1499],[-1.2303,46.1521],[-1.2242,46.1549],[-1.2255,46.1577],[-1.2181,46.1572],[-1.2105,46.1576],[-1.2106,46.1594],[-1.2209,46.1585],[-1.2239,46.161],[-1.2307,46.1575],[-1.2329,46.1589],[-1.2324,46.1622],[-1.2303,46.1633],[-1.2308,46.1657],[-1.2358,46.1657],[-1.2382,46.1646],[-1.2392,46.1595],[-1.2415,46.1597],[-1.2409,46.163],[-1.2385,46.1643],[-1.2378,46.1653],[-1.2358,46.1658],[-1.2308,46.1658],[-1.2245,46.17],[-1.2227,46.1728],[-1.2199,46.1738],[-1.2198,46.1762],[-1.2182,46.1798],[-1.2138,46.1834],[-1.2064,46.1845],[-1.2011,46.1909],[-1.1991,46.1944],[-1.2,46.2023],[-1.1974,46.2054],[-1.1948,46.2057],[-1.1974,46.2056],[-1.1988,46.2047],[-1.2019,46.2019],[-1.2055,46.2023],[-1.2064,46.2039],[-1.2053,46.206],[-1.1992,46.2128],[-1.1887,46.2166],[-1.183,46.2213],[-1.1757,46.2217],[-1.1711,46.2238],[-1.1691,46.2267],[-1.1618,46.2306],[-1.1584,46.2356],[-1.1499,46.2375],[-1.1463,46.2411],[-1.1442,46.2421],[-1.1421,46.2461],[-1.1409,46.2528],[-1.1391,46.2539],[-1.1336,46.2542],[-1.1292,46.2537],[-1.1186,46.2616],[-1.1137,46.2607],[-1.1071,46.2621],[-1.1112,46.2624],[-1.1148,46.2742],[-1.1173,46.2787],[-1.1203,46.286],[-1.1178,46.2867],[-1.1195,46.2898],[-1.1211,46.2893],[-1.1237,46.2941],[-1.1199,46.2956],[-1.1224,46.2989],[-1.123,46.3015],[-1.1263,46.3022],[-1.1271,46.3078],[-1.126,46.308],[-1.1189,46.3157],[-1.1114,46.3153],[-1.1082,46.3136],[-1.1053,46.3148],[-1.1017,46.3165],[-1.0993,46.3157],[-1.0984,46.3129],[-1.0949,46.3128],[-1.0935,46.3163],[-1.0917,46.3174],[-1.0878,46.3177],[-1.0845,46.3169],[-1.078,46.317],[-1.0747,46.318],[-1.0767,46.3208],[-1.0803,46.3213],[-1.0814,46.3237],[-1.0793,46.3252],[-1.0734,46.327],[-1.0745,46.3285],[-1.0703,46.3306],[-1.0647,46.3352],[-1.0544,46.3474],[-1.0537,46.3495],[-1.0525,46.3426],[-1.0378,46.348],[-1.0299,46.3516],[-1.0292,46.3489],[-1.0134,46.3556],[-1.0119,46.3541],[-1.0136,46.3526],[-1.0128,46.3493],[-0.9996,46.3548],[-0.9953,46.3517],[-0.9951,46.3505],[-0.9847,46.3512],[-0.9747,46.3513],[-0.9705,46.3548],[-0.9702,46.3582],[-0.967,46.3618],[-0.965,46.3653],[-0.9645,46.3653],[-0.9535,46.3608],[-0.9511,46.3603],[-0.9421,46.3681],[-0.9387,46.3663],[-0.9341,46.3673],[-0.9312,46.3705],[-0.9274,46.3707],[-0.932,46.3655],[-0.9343,46.36],[-0.9359,46.3547],[-0.9386,46.3524],[-0.9389,46.3456],[-0.9431,46.3371],[-0.9462,46.3354],[-0.9503,46.3316],[-0.9539,46.3297],[-0.957,46.3254],[-0.9626,46.3225],[-0.9594,46.3212],[-0.9562,46.321],[-0.9527,46.319],[-0.9508,46.3193],[-0.9467,46.3177],[-0.9431,46.318],[-0.9394,46.3151],[-0.9354,46.3149],[-0.9346,46.3123],[-0.9326,46.3106],[-0.9285,46.311],[-0.9287,46.3141],[-0.9255,46.3155],[-0.9236,46.3135],[-0.9188,46.3131],[-0.9151,46.3161],[-0.9124,46.3131],[-0.9087,46.3145],[-0.9037,46.3142],[-0.8991,46.317],[-0.894,46.3173],[-0.8928,46.3196],[-0.8932,46.3232],[-0.8894,46.3238],[-0.8871,46.3269],[-0.8841,46.3242],[-0.8782,46.3243],[-0.8737,46.3224],[-0.8698,46.3225],[-0.8685,46.3262],[-0.8648,46.3276],[-0.8621,46.3268],[-0.8604,46.3248],[-0.863,46.3221],[-0.8629,46.3191],[-0.8592,46.3176],[-0.8532,46.3174],[-0.8498,46.3178],[-0.8456,46.3236],[-0.8452,46.3269],[-0.8484,46.3292],[-0.8488,46.332],[-0.8461,46.3354],[-0.8403,46.3405],[-0.8341,46.3422],[-0.8313,46.3419],[-0.8263,46.3368],[-0.8242,46.336],[-0.8179,46.3365],[-0.8081,46.3393],[-0.8054,46.3425],[-0.7995,46.3422],[-0.797,46.3391],[-0.8007,46.337],[-0.8045,46.3362],[-0.8077,46.333],[-0.8072,46.3303],[-0.803,46.3254],[-0.7999,46.3247],[-0.7941,46.3251],[-0.7887,46.3222],[-0.7853,46.3193],[-0.7795,46.3183],[-0.7758,46.3186],[-0.7713,46.3141],[-0.7687,46.3124],[-0.7627,46.3128],[-0.759,46.312],[-0.7504,46.3044],[-0.749,46.3022],[-0.7415,46.305],[-0.7346,46.3051],[-0.7308,46.3037],[-0.7269,46.3035],[-0.7219,46.3024],[-0.7197,46.3031],[-0.7158,46.3071],[-0.724,46.3098],[-0.7213,46.312],[-0.721,46.3143],[-0.7164,46.3169],[-0.7104,46.317],[-0.7064,46.3184],[-0.6973,46.3251],[-0.6785,46.3184],[-0.6721,46.3163],[-0.6633,46.3171],[-0.6574,46.315],[-0.652,46.3175],[-0.6482,46.317],[-0.6434,46.3194],[-0.6368,46.3243],[-0.636,46.328],[-0.6395,46.329],[-0.6377,46.3335],[-0.6372,46.337],[-0.6329,46.3386],[-0.6288,46.3362],[-0.6274,46.3379],[-0.6216,46.338],[-0.6181,46.3394],[-0.6128,46.3443],[-0.6069,46.3475],[-0.6051,46.3473],[-0.6034,46.3543],[-0.6069,46.3551],[-0.6049,46.3596],[-0.6031,46.3615],[-0.5862,46.3569],[-0.577,46.3554],[-0.5722,46.3584],[-0.57,46.3582],[-0.5659,46.3593],[-0.562,46.3596],[-0.5582,46.3621],[-0.5576,46.3643],[-0.5497,46.3713],[-0.5463,46.3751],[-0.5443,46.3794],[-0.5381,46.3864],[-0.5401,46.3884],[-0.5477,46.3912],[-0.5506,46.3934],[-0.5572,46.3935],[-0.5662,46.3931],[-0.5718,46.3961],[-0.5724,46.4008],[-0.5821,46.4023],[-0.5885,46.4056],[-0.593,46.4096],[-0.6008,46.4125],[-0.6101,46.4137],[-0.6128,46.4114],[-0.6138,46.4089],[-0.6143,46.403],[-0.6161,46.3981],[-0.6209,46.3907],[-0.6342,46.3957],[-0.6367,46.3957],[-0.6407,46.3972],[-0.638,46.4],[-0.6329,46.4012],[-0.629,46.4041],[-0.6397,46.4108],[-0.6393,46.4163],[-0.6402,46.4181],[-0.6386,46.4216],[-0.6358,46.4252],[-0.6346,46.4289],[-0.6364,46.4325],[-0.632,46.4338],[-0.6239,46.4371],[-0.6185,46.439],[-0.6163,46.4447],[-0.6203,46.4534],[-0.6169,46.454],[-0.6138,46.4491],[-0.6106,46.4501],[-0.6098,46.4536],[-0.6082,46.4543],[-0.6106,46.458],[-0.6159,46.4609],[-0.6168,46.4657],[-0.617,46.472],[-0.6191,46.4759],[-0.626,46.4771],[-0.6312,46.4786],[-0.6299,46.4813],[-0.6273,46.4823],[-0.6242,46.4877],[-0.6253,46.4948],[-0.625,46.4976],[-0.632,46.5005],[-0.6343,46.5025],[-0.6344,46.5048],[-0.6379,46.5068],[-0.6403,46.5069],[-0.6454,46.5087],[-0.6461,46.5108],[-0.6396,46.5138],[-0.6401,46.5152],[-0.6373,46.5194],[-0.6381,46.5221],[-0.6441,46.5218],[-0.642,46.5249],[-0.6323,46.5267],[-0.6271,46.5296],[-0.6237,46.5293],[-0.6218,46.5303],[-0.6199,46.5273],[-0.616,46.5263],[-0.6127,46.5288],[-0.6085,46.5262],[-0.6061,46.5297],[-0.6022,46.5334],[-0.6032,46.5428],[-0.6044,46.5465],[-0.6023,46.5482],[-0.6083,46.551],[-0.6055,46.5574],[-0.6072,46.5603],[-0.6064,46.5638],[-0.6107,46.5643],[-0.6146,46.5613],[-0.6179,46.5617],[-0.6175,46.5647],[-0.6202,46.5647],[-0.6199,46.5693],[-0.6187,46.5722],[-0.6198,46.5734],[-0.6246,46.5752],[-0.6247,46.5774],[-0.6203,46.5791],[-0.6194,46.5805],[-0.6144,46.5841],[-0.6116,46.5882],[-0.621,46.5933],[-0.6161,46.595],[-0.6136,46.5977],[-0.618,46.5984],[-0.6191,46.6013],[-0.6269,46.6056],[-0.6243,46.6062],[-0.6231,46.6115],[-0.6194,46.6154],[-0.6167,46.6198],[-0.6141,46.6205],[-0.615,46.6229],[-0.6191,46.6255],[-0.6246,46.6305],[-0.6237,46.6336],[-0.6293,46.6346],[-0.6349,46.6376],[-0.6436,46.6383],[-0.6486,46.637],[-0.6534,46.6368],[-0.6566,46.6356],[-0.6585,46.6367],[-0.6594,46.6402],[-0.649,46.6454],[-0.6483,46.6479],[-0.6491,46.6562],[-0.6453,46.6587],[-0.6415,46.6602],[-0.637,46.6634],[-0.6417,46.6641],[-0.6472,46.6705],[-0.6519,46.6736],[-0.658,46.6768],[-0.6653,46.68],[-0.6701,46.6815],[-0.6729,46.6837],[-0.6802,46.6865],[-0.6743,46.6913],[-0.6656,46.6951],[-0.6603,46.6989],[-0.6562,46.7003],[-0.659,46.7041],[-0.6636,46.7054],[-0.6618,46.7072],[-0.6628,46.7097],[-0.6657,46.7116],[-0.6691,46.7174],[-0.6729,46.7196],[-0.6781,46.7243],[-0.6782,46.7257],[-0.6819,46.7261],[-0.685,46.7281],[-0.6887,46.726],[-0.6885,46.7288],[-0.6904,46.7309],[-0.6964,46.7295],[-0.6963,46.735],[-0.7,46.7341],[-0.7027,46.7351],[-0.7008,46.7383],[-0.6987,46.7379],[-0.6946,46.7419],[-0.694,46.7438],[-0.6951,46.7478],[-0.6972,46.7488],[-0.6983,46.7518],[-0.7039,46.7495],[-0.7101,46.7499],[-0.7153,46.7519],[-0.7196,46.7558],[-0.7194,46.7581],[-0.7212,46.7613],[-0.7201,46.7637],[-0.7222,46.7652],[-0.7263,46.7651],[-0.7275,46.7677],[-0.7264,46.7718],[-0.7269,46.7738],[-0.7245,46.7769],[-0.7274,46.7821],[-0.7237,46.7843],[-0.7205,46.7895],[-0.7172,46.7927],[-0.7188,46.7955],[-0.7191,46.7983],[-0.7179,46.8005],[-0.7139,46.8028],[-0.7131,46.8051],[-0.7106,46.8051],[-0.699,46.8089],[-0.7019,46.8129],[-0.7076,46.8158],[-0.7066,46.8187],[-0.7102,46.8215],[-0.7148,46.8211],[-0.7228,46.8226],[-0.733,46.8217],[-0.7374,46.8255],[-0.7368,46.8273],[-0.7383,46.8292],[-0.7431,46.8297],[-0.7475,46.831],[-0.758,46.8315],[-0.7613,46.8341],[-0.7667,46.8344],[-0.7727,46.8389],[-0.7732,46.8405],[-0.7764,46.8403],[-0.7836,46.8444],[-0.7845,46.8475],[-0.7828,46.849],[-0.7879,46.8528],[-0.7871,46.8541],[-0.7902,46.8555],[-0.7918,46.8579],[-0.794,46.8582],[-0.7947,46.8608],[-0.7993,46.8621],[-0.8009,46.8655],[-0.8083,46.8685],[-0.81,46.8722],[-0.8147,46.8773],[-0.8158,46.88],[-0.8253,46.8839],[-0.8283,46.8828],[-0.8294,46.8848],[-0.8323,46.8846],[-0.8305,46.8876],[-0.8285,46.8872],[-0.8261,46.8901],[-0.8254,46.8947],[-0.8219,46.8976],[-0.817,46.904],[-0.8187,46.9086],[-0.8216,46.9101],[-0.8137,46.9142],[-0.8076,46.9193],[-0.8124,46.9203],[-0.8214,46.9183],[-0.8239,46.9206],[-0.8274,46.9252],[-0.8275,46.9285],[-0.8291,46.9334],[-0.8315,46.9343],[-0.8376,46.9322],[-0.8411,46.929],[-0.8455,46.9312],[-0.8406,46.9331],[-0.8403,46.9359],[-0.8468,46.9396],[-0.848,46.941],[-0.8527,46.9372],[-0.8578,46.9347],[-0.8601,46.9369],[-0.8533,46.9386],[-0.8537,46.9404],[-0.8476,46.9443],[-0.8497,46.9463],[-0.8536,46.9472],[-0.8567,46.9457],[-0.8582,46.947],[-0.8618,46.9455],[-0.8663,46.9461],[-0.8717,46.9457],[-0.8736,46.9438],[-0.8772,46.9458],[-0.881,46.9464],[-0.884,46.9513],[-0.8808,46.9516],[-0.8749,46.9538],[-0.8701,46.9527],[-0.8657,46.9482],[-0.8605,46.9494],[-0.8657,46.9521],[-0.8631,46.9565],[-0.8668,46.9582],[-0.8637,46.9622],[-0.8673,46.9628],[-0.8718,46.9594],[-0.872,46.9578],[-0.8782,46.9561],[-0.8832,46.9603],[-0.884,46.9619],[-0.8818,46.9648],[-0.8771,46.9685],[-0.8828,46.9699],[-0.8847,46.9695],[-0.8898,46.9709],[-0.8934,46.9692],[-0.8893,46.9673],[-0.8926,46.9659],[-0.8937,46.9683],[-0.8962,46.9685],[-0.8991,46.9664],[-0.9028,46.9683],[-0.9022,46.9703],[-0.9025,46.9706],[-0.9035,46.9716],[-0.8987,46.9712],[-0.8957,46.9758],[-0.8922,46.9761],[-0.8887,46.9756],[-0.885,46.9773],[-0.8808,46.9771],[-0.8792,46.9747],[-0.8631,46.9726],[-0.8606,46.9689],[-0.8546,46.9712],[-0.8516,46.9715],[-0.8505,46.974],[-0.8571,46.9777],[-0.8562,46.9792],[-0.8492,46.9821],[-0.8477,46.9862],[-0.843,46.9902],[-0.8395,46.9854],[-0.8363,46.9858],[-0.8315,46.9887],[-0.8313,46.9898],[-0.8264,46.9927],[-0.8187,46.9941],[-0.8175,46.9931],[-0.8117,46.9945],[-0.8113,46.9918],[-0.8126,46.9906],[-0.8087,46.9873],[-0.8051,46.9895],[-0.8084,46.9916],[-0.8096,46.9927],[-0.807,46.9944],[-0.8007,46.9944],[-0.7963,46.9961],[-0.7922,46.999],[-0.7876,47.0051],[-0.785,47.0047],[-0.7845,47.0028],[-0.7819,47.0021],[-0.7797,47.0043],[-0.7767,47.0033],[-0.7723,47.0046],[-0.7693,47.0029],[-0.7671,46.9958],[-0.7638,46.9928],[-0.7561,46.9921],[-0.7507,46.9928],[-0.7478,46.9915],[-0.743,46.992],[-0.7436,46.9943],[-0.7434,47.001],[-0.7393,46.9987],[-0.7325,46.9975],[-0.7293,46.9959],[-0.7264,46.9932],[-0.7237,46.9922],[-0.7178,46.9869],[-0.7159,46.984],[-0.7122,46.9867],[-0.7047,46.9902],[-0.6986,46.9946],[-0.696,46.9947],[-0.6934,46.9924],[-0.6895,46.993],[-0.6895,46.9903],[-0.6868,46.988],[-0.6824,46.9883],[-0.6802,46.9877],[-0.6779,46.9894],[-0.6785,46.9921],[-0.6804,46.9932],[-0.6773,46.9951],[-0.6747,46.9992],[-0.6768,47.0003],[-0.6728,47.0028],[-0.6699,47.0008],[-0.6616,46.9977],[-0.661,46.9988],[-0.6518,46.9981],[-0.6481,46.9966],[-0.6455,46.9921],[-0.6404,46.9961],[-0.6351,46.9959],[-0.6336,46.9975],[-0.6296,46.9968],[-0.6265,46.9945],[-0.6201,46.9933],[-0.6189,46.9924],[-0.6117,46.9941],[-0.6016,46.9978],[-0.5955,46.9979],[-0.5972,47.0008],[-0.5947,47.0028],[-0.5892,47.0045],[-0.5872,47.0062],[-0.5862,47.0102],[-0.5795,47.0154],[-0.575,47.0178],[-0.5701,47.0181],[-0.5649,47.0201],[-0.5641,47.0258],[-0.5627,47.03],[-0.5554,47.0309],[-0.5524,47.0292],[-0.5483,47.0296],[-0.5423,47.0325],[-0.542,47.035],[-0.5487,47.0406],[-0.5563,47.0427],[-0.556,47.0444],[-0.5583,47.0532],[-0.558,47.0553],[-0.5544,47.0573],[-0.5568,47.0608],[-0.5595,47.0618],[-0.5576,47.0641],[-0.551,47.065],[-0.5463,47.0663],[-0.545,47.0679],[-0.539,47.0701],[-0.5351,47.0723],[-0.53,47.0736],[-0.526,47.0739],[-0.5166,47.0771],[-0.5153,47.078],[-0.5135,47.0774],[-0.5084,47.0788],[-0.5042,47.0793],[-0.5006,47.081],[-0.496,47.0818],[-0.4922,47.0833],[-0.4882,47.0809],[-0.4755,47.083],[-0.4738,47.0818],[-0.4681,47.0838],[-0.464,47.0819],[-0.4595,47.082],[-0.459,47.0799],[-0.464,47.0761],[-0.4642,47.0744],[-0.4698,47.0737],[-0.472,47.0723],[-0.4776,47.072],[-0.4805,47.0703],[-0.485,47.066],[-0.4854,47.0643],[-0.4823,47.0568],[-0.4803,47.0533],[-0.4763,47.0544],[-0.4726,47.0577],[-0.4712,47.0598],[-0.465,47.0669],[-0.4612,47.0687],[-0.4582,47.069],[-0.4557,47.0676],[-0.4411,47.0677],[-0.439,47.0699],[-0.4352,47.0704],[-0.427,47.073],[-0.4232,47.0697],[-0.4183,47.072],[-0.4176,47.0707],[-0.4093,47.0662],[-0.4071,47.0665],[-0.4027,47.0691],[-0.4012,47.0707],[-0.4003,47.0749],[-0.3966,47.0835],[-0.3961,47.0915],[-0.3871,47.0923],[-0.3863,47.0873],[-0.3839,47.0875],[-0.3808,47.0896],[-0.3765,47.0886],[-0.3707,47.0902],[-0.3686,47.0917],[-0.3633,47.0924],[-0.3591,47.0937],[-0.3538,47.0954],[-0.3485,47.0917],[-0.3409,47.0921],[-0.3421,47.089],[-0.3402,47.0875],[-0.3355,47.088],[-0.3203,47.0912],[-0.3126,47.0923],[-0.3101,47.0935],[-0.3058,47.0972],[-0.3013,47.0991],[-0.2947,47.1001],[-0.2848,47.1024],[-0.2829,47.1035],[-0.2814,47.0995],[-0.278,47.1007],[-0.2749,47.1004],[-0.269,47.1012],[-0.2653,47.1035],[-0.2657,47.1055],[-0.2626,47.1057],[-0.2632,47.1035],[-0.2629,47.099],[-0.255,47.1007],[-0.2474,47.1051],[-0.2407,47.1055],[-0.2341,47.1036],[-0.2293,47.0998],[-0.2231,47.1],[-0.2188,47.0984],[-0.2104,47.0967],[-0.2073,47.0952],[-0.2061,47.0932],[-0.1994,47.0974],[-0.1957,47.0978],[-0.1906,47.0993],[-0.1871,47.1012],[-0.1865,47.1033],[-0.1877,47.1053],[-0.1853,47.1084],[-0.1785,47.1078],[-0.1722,47.1051],[-0.1609,47.1032],[-0.1569,47.1017],[-0.1521,47.101],[-0.1453,47.1034],[-0.1414,47.1041],[-0.1401,47.0978],[-0.1457,47.0916],[-0.1528,47.0879],[-0.161,47.0856],[-0.1692,47.079],[-0.1703,47.0774],[-0.1792,47.0702],[-0.1746,47.0676],[-0.166,47.0647],[-0.1628,47.0663],[-0.1573,47.0702],[-0.1545,47.071],[-0.1526,47.0696],[-0.1496,47.0703],[-0.1388,47.0663],[-0.1367,47.064],[-0.1384,47.0606],[-0.1354,47.059],[-0.1372,47.0567],[-0.1288,47.0544],[-0.1254,47.056],[-0.1228,47.0559],[-0.1185,47.0599],[-0.1111,47.0617],[-0.1078,47.0634],[-0.1021,47.0652],[-0.105,47.0713],[-0.1019,47.0724],[-0.1031,47.0774],[-0.0999,47.0782],[-0.1007,47.0848],[-0.1013,47.0858],[-0.0988,47.0903],[-0.0972,47.0917],[-0.0951,47.0952],[-0.0889,47.0987],[-0.0859,47.101],[-0.0827,47.0992],[-0.0726,47.099],[-0.0674,47.0996],[-0.0695,47.0953],[-0.0677,47.0936],[-0.0606,47.0954],[-0.057,47.0952],[-0.0443,47.0933],[-0.0414,47.0939],[-0.0397,47.087],[-0.0354,47.0869],[-0.0342,47.0897],[-0.0296,47.0952],[-0.0284,47.0978],[-0.0265,47.1061],[-0.0333,47.1068],[-0.0393,47.108],[-0.0384,47.1095],[-0.0411,47.1136],[-0.0355,47.1187],[-0.0344,47.1206],[-0.0358,47.1204],[-0.0361,47.1252],[-0.0321,47.1294],[-0.0306,47.1323],[-0.023,47.1418],[-0.0121,47.1564],[-0.0088,47.1594],[-0.0018,47.1638],[0.0068,47.1675],[0.0106,47.1696],[0.0189,47.176],[0.0363,47.16],[0.0405,47.164],[0.0462,47.1656],[0.0492,47.1689],[0.0525,47.1668],[0.0539,47.1637],[0.0543,47.1609],[0.0575,47.1585],[0.0586,47.1565],[0.0615,47.1549],[0.0634,47.147],[0.0656,47.1477],[0.0656,47.1431],[0.0784,47.1464],[0.0795,47.1428],[0.0796,47.1391],[0.0821,47.1361],[0.0813,47.1315],[0.0791,47.1297],[0.0764,47.1239],[0.0796,47.123],[0.0796,47.1202],[0.0812,47.1185],[0.0841,47.1184],[0.0871,47.1208],[0.0924,47.1223],[0.0969,47.1205],[0.1046,47.1208],[0.1046,47.1248],[0.1077,47.125],[0.107,47.1286],[0.1111,47.1286],[0.1178,47.1294],[0.1192,47.1285],[0.1235,47.1285],[0.1271,47.1198],[0.1364,47.1217],[0.1407,47.1247],[0.1369,47.118],[0.1341,47.1145],[0.1341,47.1089],[0.1352,47.1071],[0.14,47.1057],[0.144,47.1062],[0.1459,47.1047],[0.153,47.1043],[0.1593,47.1026],[0.1619,47.1001],[0.1635,47.1041],[0.1661,47.1073],[0.1738,47.1124],[0.1813,47.1139],[0.1815,47.1153],[0.1834,47.1138],[0.1855,47.1093],[0.1846,47.105],[0.1873,47.1027],[0.1857,47.1014],[0.1918,47.0991],[0.195,47.0954],[0.2012,47.0913],[0.1941,47.0861],[0.1928,47.0837],[0.1872,47.0823],[0.1842,47.0794],[0.1757,47.0729],[0.1735,47.0695],[0.1737,47.0674],[0.1769,47.0647],[0.1757,47.0607],[0.1797,47.0591],[0.1847,47.0607],[0.1893,47.0608],[0.1922,47.0654],[0.1971,47.0631],[0.2006,47.0587],[0.2069,47.055],[0.208,47.0533],[0.2139,47.0544],[0.2147,47.0559],[0.2263,47.0609],[0.2299,47.0633],[0.2332,47.0642],[0.2328,47.0666],[0.2352,47.0692],[0.239,47.0677],[0.2411,47.071],[0.2448,47.0714],[0.2597,47.0689],[0.2615,47.0701],[0.2678,47.0677],[0.2681,47.0665],[0.2649,47.0628],[0.2656,47.0614],[0.2598,47.0555],[0.2651,47.0549],[0.2667,47.0486],[0.264,47.0463],[0.2671,47.0448],[0.2682,47.0424],[0.2717,47.0465],[0.2795,47.0459],[0.2845,47.0478],[0.291,47.0511],[0.2927,47.0531],[0.2955,47.0517],[0.2983,47.054],[0.3053,47.0527],[0.3094,47.0443],[0.3057,47.0384],[0.3066,47.0352],[0.3096,47.0306],[0.3099,47.028],[0.3103,47.0257],[0.3065,47.0242],[0.3052,47.0217],[0.3023,47.0226],[0.2986,47.0197],[0.3013,47.0162],[0.3047,47.0141],[0.3071,47.0111],[0.3052,47.0066],[0.3038,47.0058],[0.305,47.003],[0.3081,47],[0.313,46.9981],[0.3116,46.9962],[0.305,46.9949],[0.3041,46.9907],[0.2965,46.9901],[0.2913,46.9904],[0.2981,46.9837],[0.3024,46.9848],[0.3056,46.9849],[0.3028,46.9819],[0.3083,46.9782],[0.3066,46.9763],[0.2995,46.9732],[0.2981,46.9712],[0.3008,46.9704],[0.3009,46.9679],[0.308,46.9628],[0.302,46.9573],[0.3022,46.9554],[0.3057,46.9536],[0.3054,46.9511],[0.3077,46.9486],[0.3077,46.9451],[0.3112,46.938],[0.3167,46.9353],[0.325,46.9305],[0.3396,46.9368],[0.3479,46.9366],[0.3516,46.9398],[0.353,46.9424],[0.3607,46.9485],[0.3625,46.9471],[0.3665,46.9499],[0.3718,46.9481],[0.3793,46.9447],[0.3802,46.9451],[0.3868,46.9423],[0.3877,46.9439],[0.402,46.938],[0.4054,46.9361],[0.4063,46.9368],[0.4121,46.9364],[0.4178,46.9374],[0.4289,46.9325],[0.4336,46.9324],[0.4386,46.9295],[0.4402,46.9306],[0.443,46.9353],[0.4449,46.9413],[0.451,46.9418],[0.4542,46.9431],[0.4578,46.946],[0.4608,46.9463],[0.471,46.9482],[0.4786,46.9503],[0.4882,46.9546],[0.4915,46.9554],[0.495,46.9562],[0.5006,46.9565],[0.5052,46.96],[0.5082,46.9576],[0.5147,46.956],[0.521,46.9584],[0.5277,46.9558],[0.5401,46.9603],[0.5434,46.9604],[0.5543,46.9585],[0.5579,46.9568],[0.565,46.9556],[0.5701,46.9557],[0.5736,46.9565],[0.5805,46.9561],[0.587,46.9571],[0.5983,46.9568],[0.6016,46.9588],[0.6018,46.9626],[0.6013,46.9731],[0.5969,46.9762],[0.5937,46.9776],[0.5851,46.979],[0.5789,46.9795],[0.5739,46.9834],[0.5728,46.9876],[0.5745,46.9929],[0.5741,46.9953],[0.5679,47],[0.5671,47.0026],[0.5676,47.0065],[0.5734,47.0048],[0.5906,47.0067],[0.6008,47.006],[0.6043,47.0061],[0.6127,47.0081],[0.6158,47.0082],[0.6199,47.0072],[0.6241,47.0032],[0.6218,46.9994],[0.6213,46.9968],[0.6241,46.9938],[0.6295,46.9889],[0.6333,46.9869],[0.6378,46.9855],[0.6432,46.9881],[0.6479,46.9883],[0.6562,46.9857],[0.6578,46.9809],[0.6616,46.9781],[0.6663,46.9783],[0.6736,46.9775],[0.6773,46.9777],[0.6826,46.977],[0.6912,46.9748],[0.6938,46.9732],[0.6956,46.9678],[0.6945,46.964],[0.695,46.9625],[0.696,46.9594],[0.6961,46.9568],[0.7016,46.9501],[0.7033,46.947],[0.7061,46.9378],[0.706,46.9357],[0.7033,46.9292],[0.7032,46.9261],[0.7043,46.9239],[0.7081,46.9208],[0.709,46.9177],[0.708,46.9152],[0.7058,46.9138],[0.7038,46.9094],[0.7041,46.9041],[0.7054,46.9023],[0.7139,46.8969],[0.7215,46.8902],[0.7261,46.8872],[0.7294,46.8833],[0.7332,46.8765],[0.7383,46.8732],[0.7435,46.8717],[0.7472,46.8694],[0.7515,46.8631],[0.7524,46.8605],[0.7568,46.8602],[0.7605,46.8632],[0.7652,46.8656],[0.7698,46.8652],[0.7719,46.8634],[0.771,46.8598],[0.7669,46.8576],[0.7662,46.8563],[0.767,46.8521],[0.768,46.8511],[0.7833,46.8515],[0.7888,46.8526],[0.793,46.8517],[0.796,46.8501],[0.7965,46.8474],[0.7954,46.8465],[0.7877,46.845],[0.7866,46.8413],[0.7906,46.8356],[0.7951,46.8327],[0.8049,46.8317],[0.8083,46.829],[0.8093,46.8262],[0.8088,46.8213],[0.8098,46.8159],[0.8101,46.8142],[0.8106,46.8081],[0.8152,46.806],[0.8169,46.8043],[0.8156,46.802],[0.8126,46.7999],[0.8119,46.7948],[0.8151,46.7884],[0.8261,46.7877],[0.8296,46.7846],[0.8276,46.7793],[0.8281,46.7771],[0.8346,46.7738],[0.8363,46.7706],[0.8418,46.768],[0.8429,46.7643],[0.8484,46.7607],[0.8537,46.7602],[0.857,46.7609],[0.8591,46.76],[0.8598,46.7559],[0.8645,46.7525],[0.8674,46.7482],[0.8701,46.7455],[0.8767,46.7433],[0.8785,46.7409],[0.8785,46.7384],[0.8848,46.7393],[0.8878,46.7377],[0.894,46.7375],[0.8965,46.7352],[0.9018,46.7364],[0.9029,46.7305],[0.909,46.7273],[0.9109,46.7278],[0.9132,46.7257],[0.912,46.7233],[0.908,46.7191],[0.9144,46.716],[0.9132,46.7143],[0.9133,46.7106],[0.9168,46.7087],[0.9209,46.7039],[0.9249,46.7002],[0.9277,46.696],[0.928,46.6927],[0.9237,46.6928],[0.9168,46.6902],[0.9095,46.6823],[0.9078,46.683],[0.9044,46.6814],[0.9024,46.6777],[0.9062,46.6785],[0.9107,46.6774],[0.9121,46.6748],[0.9118,46.6712],[0.9072,46.6665],[0.9067,46.6655],[0.9144,46.6566],[0.9164,46.6521],[0.9179,46.6505],[0.9064,46.6486],[0.9081,46.6441],[0.9036,46.6415],[0.8993,46.6373],[0.8957,46.6322],[0.8939,46.6282],[0.8997,46.6217],[0.9044,46.6196],[0.9044,46.6144],[0.9086,46.6141],[0.9091,46.6103],[0.9072,46.6073],[0.9083,46.6047],[0.9113,46.6036],[0.9107,46.6017],[0.9156,46.5998],[0.916,46.5967],[0.9241,46.5944],[0.9377,46.5944],[0.9363,46.589],[0.9345,46.5877],[0.937,46.5861],[0.9412,46.581],[0.9455,46.5805],[0.949,46.5785],[0.9534,46.5789],[0.9574,46.5782],[0.9579,46.5759],[0.9638,46.5715],[0.9667,46.5731],[0.9739,46.5747],[0.9789,46.5732],[0.9819,46.5735],[0.9824,46.5721],[0.9856,46.5698],[0.9863,46.5669],[0.9893,46.5653],[0.994,46.5662],[0.9971,46.5659],[1.0027,46.5675],[1.0047,46.5672],[1.0144,46.5678],[1.0184,46.5649],[1.0193,46.5584],[1.0246,46.5497],[1.0206,46.5431],[1.0196,46.5401],[1.0205,46.5372],[1.0225,46.5361],[1.0332,46.5373],[1.0451,46.5369],[1.0506,46.536],[1.0543,46.5374],[1.0641,46.5397],[1.0667,46.5381],[1.0709,46.5372],[1.0756,46.5371],[1.078,46.5352],[1.0878,46.5383],[1.0973,46.5359],[1.1078,46.5318],[1.1109,46.5282],[1.1235,46.5221],[1.1337,46.5151],[1.1466,46.5055],[1.1488,46.5021],[1.1419,46.498],[1.139,46.497],[1.1333,46.498],[1.1364,46.4916],[1.1393,46.4868],[1.1433,46.4823],[1.1534,46.4726],[1.157,46.4704],[1.1538,46.4694],[1.1517,46.4702],[1.1352,46.471],[1.1518,46.4486],[1.1566,46.4468],[1.1602,46.4472],[1.1686,46.4462],[1.175,46.4433],[1.1757,46.4441],[1.1862,46.4412],[1.1862,46.4355],[1.1836,46.4294],[1.1866,46.4282],[1.1959,46.4292],[1.1986,46.4319],[1.2011,46.4325],[1.2033,46.4345],[1.2076,46.4348],[1.2132,46.4331],[1.2113,46.4297],[1.2066,46.4247],[1.2065,46.4229],[1.2008,46.4184],[1.1963,46.4115],[1.1933,46.41],[1.192,46.4056],[1.1969,46.4015],[1.1775,46.3842],[1.1775,46.3839],[1.1798,46.3821],[1.1804,46.379],[1.1822,46.3759],[1.1859,46.378],[1.1886,46.3766],[1.193,46.3774],[1.1916,46.3792],[1.1969,46.3815],[1.2018,46.3847],[1.2049,46.3878],[1.21,46.3899],[1.213,46.388],[1.2147,46.3871],[1.2164,46.3827],[1.2115,46.379],[1.2137,46.3738],[1.2141,46.3703],[1.2167,46.367],[1.2194,46.3657],[1.2216,46.3689],[1.2243,46.3669],[1.229,46.3662],[1.2306,46.3678],[1.2346,46.3661],[1.238,46.3664],[1.2412,46.3675],[1.2425,46.3708],[1.2469,46.3747],[1.2512,46.3771],[1.2606,46.379],[1.2693,46.3764],[1.2798,46.3766],[1.2826,46.3722],[1.2913,46.375],[1.2989,46.373],[1.3024,46.3725],[1.3037,46.3711],[1.3124,46.3729],[1.3153,46.374],[1.311,46.3779],[1.3077,46.3786],[1.311,46.3837],[1.3152,46.3819],[1.3207,46.3816],[1.3229,46.3851],[1.3224,46.3896],[1.3197,46.3908],[1.3189,46.3926],[1.3153,46.3922],[1.3126,46.3937],[1.316,46.3962],[1.3237,46.3961],[1.3258,46.3955],[1.3336,46.3976],[1.3377,46.3979],[1.3447,46.4016],[1.3484,46.3989],[1.3518,46.4001],[1.3562,46.4002],[1.3625,46.3958],[1.3764,46.3835],[1.3779,46.3825],[1.3836,46.3747],[1.3913,46.3709],[1.3967,46.3719],[1.3951,46.3676],[1.401,46.3674],[1.4027,46.3643],[1.4044,46.3643],[1.4093,46.3613],[1.4092,46.3569],[1.4113,46.3499],[1.4156,46.3469],[1.4175,46.3493],[1.4214,46.3514],[1.4338,46.3541],[1.4402,46.3564],[1.436,46.3601],[1.4349,46.3647],[1.4401,46.3658],[1.4432,46.3651],[1.4417,46.3695],[1.4451,46.371],[1.4465,46.375],[1.4505,46.3742],[1.452,46.3765],[1.4581,46.3757],[1.463,46.3761],[1.4665,46.3756],[1.4685,46.3785],[1.4662,46.381],[1.4692,46.384],[1.4729,46.3836],[1.4781,46.3942],[1.4933,46.3986],[1.4974,46.3947],[1.4974,46.3974],[1.4998,46.3988],[1.5006,46.4025],[1.4997,46.4057],[1.502,46.4077],[1.5092,46.412],[1.5106,46.4203],[1.5158,46.4227],[1.5215,46.4242],[1.522,46.4265],[1.5254,46.4268],[1.5299,46.4256],[1.5366,46.4248],[1.5335,46.4228],[1.5358,46.4207],[1.5385,46.4212],[1.5443,46.4191],[1.5436,46.4151],[1.5446,46.4102],[1.5469,46.4062],[1.5452,46.4025],[1.5454,46.3962],[1.5462,46.3932],[1.5534,46.3943],[1.558,46.3975],[1.56,46.3981],[1.5608,46.4012],[1.5661,46.403],[1.572,46.4064],[1.5744,46.4065],[1.5789,46.4105],[1.5824,46.4078],[1.588,46.4084],[1.5915,46.4072],[1.5956,46.4086],[1.5979,46.414],[1.5989,46.4196],[1.6074,46.4217],[1.6093,46.4231],[1.6118,46.4215],[1.615,46.4227],[1.621,46.421],[1.6226,46.4186],[1.6225,46.4158],[1.6167,46.4099],[1.6145,46.4063],[1.6145,46.3995],[1.6163,46.3983],[1.6194,46.3989],[1.6217,46.3973],[1.6221,46.3943],[1.6256,46.3947],[1.6265,46.3932],[1.6252,46.3905],[1.6285,46.3882],[1.6332,46.389],[1.6366,46.3864],[1.6405,46.3847],[1.6435,46.3853],[1.6449,46.389],[1.6479,46.3904],[1.6551,46.3954],[1.6559,46.3972],[1.6609,46.4027],[1.6628,46.4057],[1.6705,46.4098],[1.6789,46.4162],[1.6837,46.4182],[1.6884,46.4129],[1.6927,46.411],[1.6919,46.409],[1.6972,46.4065],[1.6986,46.4069],[1.7009,46.4035],[1.6978,46.4014],[1.7018,46.4003],[1.7021,46.3979],[1.7061,46.3972],[1.7102,46.3925],[1.7193,46.3902],[1.7228,46.391],[1.7264,46.3905],[1.7288,46.3934],[1.7346,46.3956],[1.7395,46.4013],[1.7505,46.4056],[1.7484,46.4128],[1.7528,46.4181],[1.7539,46.4207],[1.758,46.4241],[1.7601,46.427],[1.7578,46.434],[1.7545,46.438],[1.7586,46.4403],[1.7542,46.4432],[1.7528,46.4457],[1.7478,46.4498],[1.7546,46.4523],[1.767,46.4532],[1.7707,46.4523],[1.7764,46.4543],[1.7796,46.4535],[1.7809,46.4546],[1.7866,46.4552],[1.7901,46.4531],[1.7981,46.4552],[1.8002,46.4522],[1.7998,46.4507],[1.8037,46.4466],[1.8116,46.4421],[1.8161,46.4407],[1.8162,46.4389],[1.8194,46.4354],[1.8169,46.4321],[1.8185,46.4315],[1.8276,46.4282],[1.833,46.4293],[1.8348,46.4279],[1.8375,46.428],[1.8397,46.4258],[1.845,46.429],[1.8462,46.4319],[1.8546,46.4339],[1.8608,46.4334],[1.8659,46.4335],[1.8764,46.4323],[1.8836,46.4327],[1.8852,46.4374],[1.8832,46.4397],[1.8849,46.441],[1.8917,46.4417],[1.8917,46.4394],[1.8969,46.4374],[1.8998,46.4386],[1.8999,46.4386],[1.9024,46.4377],[1.9074,46.4413],[1.9093,46.4437],[1.9145,46.4433],[1.9169,46.4404],[1.9214,46.4399],[1.9219,46.4367],[1.9211,46.4341],[1.9242,46.4336],[1.9262,46.4319],[1.9336,46.432],[1.9449,46.4342],[1.9514,46.4372],[1.9546,46.4381],[1.9605,46.4379],[1.9644,46.4395],[1.9781,46.4398],[1.9786,46.4416],[1.9815,46.4403],[1.9884,46.4345],[1.9907,46.4352],[1.9931,46.4312],[2.004,46.4292],[2.0112,46.4298],[2.0195,46.4297],[2.0256,46.4278],[2.0294,46.4247],[2.039,46.4236],[2.0456,46.4211],[2.0517,46.4216],[2.0587,46.421],[2.0638,46.4216],[2.074,46.42],[2.079,46.4128],[2.0887,46.4104],[2.089,46.4089],[2.0944,46.4099],[2.1034,46.4096],[2.1042,46.412],[2.1081,46.4133],[2.1108,46.416],[2.1106,46.4186],[2.1119,46.4206],[2.1159,46.422],[2.1199,46.4223],[2.1234,46.4215],[2.127,46.4193],[2.1404,46.4212],[2.1472,46.4245],[2.1535,46.4226],[2.1616,46.4231],[2.1681,46.424],[2.1725,46.4223],[2.1761,46.423],[2.1848,46.4231],[2.194,46.4259],[2.1979,46.4283],[2.2064,46.4261],[2.2138,46.4232],[2.2184,46.425],[2.2203,46.4233],[2.2237,46.4227],[2.2283,46.425],[2.2336,46.4225],[2.2427,46.4247],[2.244,46.4258],[2.2495,46.4263],[2.2536,46.4257],[2.2549,46.4228],[2.2603,46.4236],[2.2696,46.423],[2.2741,46.4222],[2.2778,46.4207],[2.2811,46.4205],[2.2792,46.4178],[2.2788,46.4138],[2.2821,46.4109],[2.2776,46.4098],[2.2797,46.4058],[2.2839,46.3996],[2.2846,46.3935],[2.2826,46.392],[2.2858,46.3881],[2.2848,46.3863],[2.289,46.3822],[2.2942,46.3827],[2.2981,46.3841],[2.3041,46.3789],[2.3092,46.3765],[2.3172,46.3752],[2.3199,46.3776],[2.3248,46.3773],[2.3316,46.3781],[2.335,46.3731],[2.3365,46.3691],[2.3377,46.3644],[2.3341,46.3655],[2.3315,46.3646],[2.3289,46.3669],[2.3254,46.3669],[2.3232,46.3658],[2.3222,46.3632],[2.3191,46.3624],[2.318,46.3592],[2.3126,46.3577],[2.3114,46.3555],[2.3052,46.3557],[2.3028,46.3547],[2.3032,46.3528],[2.3059,46.3506],[2.3089,46.3515],[2.3094,46.3487],[2.3071,46.3479],[2.3079,46.3451],[2.3025,46.3438],[2.3019,46.3425],[2.3116,46.3418],[2.3118,46.3374],[2.3135,46.3351],[2.3189,46.3341],[2.3207,46.3295],[2.3245,46.3298],[2.3263,46.3288],[2.3309,46.3288],[2.3306,46.3256],[2.3335,46.3264],[2.3359,46.3233],[2.3427,46.3248],[2.3461,46.325],[2.3482,46.3263],[2.3522,46.3236],[2.3547,46.3258],[2.3584,46.3234],[2.3591,46.3212],[2.3618,46.3194],[2.363,46.3152],[2.362,46.3134],[2.3657,46.311],[2.3707,46.3127],[2.3768,46.3169],[2.3754,46.3181],[2.377,46.3204],[2.3782,46.3254],[2.3796,46.3276],[2.385,46.3295],[2.3859,46.332],[2.3882,46.3316],[2.3886,46.3298],[2.3919,46.33],[2.3983,46.3252],[2.4023,46.3209],[2.4079,46.3171],[2.4087,46.3151],[2.4149,46.3125],[2.4194,46.3095],[2.4205,46.3101],[2.4194,46.2998],[2.4158,46.2999],[2.4142,46.2969],[2.4174,46.2942],[2.419,46.2913],[2.4212,46.2846],[2.426,46.2845],[2.4279,46.2857],[2.4276,46.2876],[2.4307,46.2906],[2.4317,46.2943],[2.4362,46.2926],[2.443,46.295],[2.448,46.2937],[2.4538,46.2911],[2.4627,46.2882],[2.4698,46.2882],[2.4719,46.2848],[2.4764,46.2808],[2.4807,46.2811],[2.4794,46.2756],[2.4775,46.2733],[2.4768,46.2698],[2.48,46.2665],[2.4799,46.2643],[2.482,46.2619],[2.4837,46.2578],[2.4883,46.253],[2.4889,46.25],[2.4895,46.2475],[2.4944,46.2486],[2.5063,46.2441],[2.5102,46.2392],[2.516,46.2396],[2.5153,46.2386],[2.5159,46.2363],[2.5145,46.2338],[2.5168,46.2302],[2.5141,46.2251],[2.5163,46.2247],[2.5167,46.2212],[2.5198,46.2182],[2.5205,46.2134],[2.5239,46.2121],[2.5201,46.2083],[2.5253,46.2087],[2.5255,46.2065],[2.522,46.2053],[2.5218,46.2026],[2.525,46.1998],[2.5287,46.1928],[2.5258,46.1877],[2.5284,46.1851],[2.5323,46.1825],[2.5331,46.1807],[2.5375,46.1793],[2.5407,46.1766],[2.5435,46.1756],[2.5506,46.1773],[2.5526,46.1769],[2.5555,46.1743],[2.5593,46.174],[2.5618,46.164],[2.5597,46.1596],[2.5656,46.1536],[2.563,46.1496],[2.5647,46.1476],[2.5646,46.1453],[2.5663,46.1431],[2.5631,46.1425],[2.5647,46.1393],[2.563,46.1383],[2.5595,46.1386],[2.5587,46.1377],[2.5618,46.1325],[2.5583,46.1314],[2.5574,46.1289],[2.554,46.1271],[2.5576,46.1259],[2.555,46.1204],[2.5509,46.119],[2.5527,46.1166],[2.548,46.1138],[2.5477,46.1103],[2.5522,46.1037],[2.551,46.0996],[2.5525,46.0934],[2.5525,46.0892],[2.5505,46.0858],[2.5538,46.0774],[2.5554,46.0759],[2.5573,46.0712],[2.5572,46.069],[2.5636,46.0637],[2.566,46.0606],[2.5649,46.0581],[2.5685,46.0561],[2.568,46.0541],[2.5701,46.0526],[2.5727,46.0469],[2.5752,46.0449],[2.5783,46.0441],[2.5814,46.0444],[2.5842,46.0434],[2.5852,46.0412],[2.5885,46.0409],[2.5895,46.039],[2.5928,46.039],[2.5946,46.0375],[2.6008,46.0352],[2.6027,46.0328],[2.5998,46.0302],[2.6013,46.0254],[2.6002,46.0234],[2.6025,46.0191],[2.5994,46.0182],[2.5983,46.0153],[2.5983,46.0098],[2.599,46.0076],[2.5932,45.9993],[2.5932,45.9905],[2.5966,45.9867],[2.5992,45.9857],[2.6001,45.9824],[2.6056,45.9807],[2.6079,45.9787],[2.6113,45.972],[2.6082,45.9674],[2.6066,45.9665],[2.6034,45.9662],[2.6009,45.9642],[2.599,45.9646],[2.5943,45.9634],[2.5896,45.9607],[2.5848,45.9601],[2.5831,45.9619],[2.5808,45.9606],[2.5696,45.9588],[2.5674,45.9574],[2.5632,45.9562],[2.5683,45.9496],[2.5669,45.9475],[2.5608,45.946],[2.5512,45.9412],[2.5534,45.936],[2.5475,45.9324],[2.5443,45.9324],[2.5435,45.9238],[2.5415,45.9215],[2.5433,45.9158],[2.5485,45.9154],[2.5578,45.9128],[2.5533,45.9117],[2.5489,45.9075],[2.5452,45.9077],[2.5428,45.9067],[2.5428,45.9029],[2.5412,45.9013],[2.5362,45.9016],[2.5322,45.9007],[2.5266,45.8981],[2.5246,45.8945],[2.5206,45.8942],[2.518,45.8908],[2.5146,45.8903],[2.5142,45.8856],[2.5102,45.8854],[2.5021,45.8886],[2.5004,45.8847],[2.503,45.8823],[2.5033,45.8782],[2.4997,45.8724],[2.4917,45.8671],[2.4922,45.8642],[2.48,45.8648],[2.4784,45.8663],[2.4797,45.8688],[2.4791,45.8706],[2.4754,45.8707],[2.4703,45.8725],[2.4653,45.8714],[2.4656,45.8683],[2.4618,45.8669],[2.454,45.8669],[2.4474,45.8659],[2.4432,45.8663],[2.4425,45.8623],[2.4439,45.8593],[2.4425,45.8575],[2.4495,45.854],[2.4497,45.8498],[2.4476,45.8458],[2.4444,45.8452],[2.4411,45.8473],[2.4344,45.8455],[2.4338,45.8424],[2.4315,45.8409],[2.4327,45.839],[2.4311,45.8365],[2.4286,45.8351],[2.418,45.835],[2.4159,45.8338],[2.4114,45.8364],[2.4034,45.8387],[2.3986,45.8345],[2.3974,45.835],[2.3933,45.8299],[2.3883,45.8275],[2.3893,45.824],[2.4017,45.8165],[2.404,45.814],[2.4062,45.8133],[2.4066,45.8097],[2.4138,45.8074],[2.413,45.803],[2.4151,45.8005],[2.4181,45.7987],[2.4244,45.7973],[2.427,45.7945],[2.427,45.792],[2.4256,45.7903],[2.4308,45.7884],[2.4325,45.7871],[2.4334,45.773],[2.4339,45.7702],[2.4351,45.7673],[2.4399,45.7647],[2.4448,45.7582],[2.4505,45.7571],[2.4517,45.7614],[2.4549,45.7613],[2.4544,45.7603],[2.4592,45.7574],[2.4639,45.7575],[2.4682,45.7565],[2.4686,45.7535],[2.4709,45.7497],[2.4741,45.7457],[2.477,45.7478],[2.4843,45.7486],[2.4873,45.7465],[2.487,45.7445],[2.4919,45.7416],[2.4903,45.7407],[2.4922,45.7379],[2.4937,45.7378],[2.4947,45.7341],[2.4992,45.7328],[2.5003,45.7288],[2.5032,45.7277],[2.5055,45.7244],[2.5088,45.7244],[2.5106,45.7203],[2.5126,45.7198],[2.5152,45.713],[2.5196,45.7129],[2.5236,45.7112],[2.5212,45.7074],[2.519,45.7063],[2.5203,45.7035],[2.5191,45.6974],[2.5237,45.6942],[2.5269,45.6949],[2.5268,45.692],[2.5233,45.687],[2.5241,45.685],[2.5266,45.6853],[2.5286,45.6824],[2.5234,45.6805],[2.5204,45.677],[2.5176,45.6784],[2.5174,45.6748],[2.5146,45.6721],[2.5126,45.6697],[2.5152,45.6649],[2.5199,45.6625],[2.5184,45.6603],[2.5193,45.659],[2.5245,45.6571],[2.5274,45.6595],[2.5266,45.6542],[2.5242,45.6543],[2.5231,45.6517],[2.5206,45.6497],[2.519,45.647],[2.5175,45.6452],[2.5209,45.6425],[2.5203,45.6409],[2.5167,45.639],[2.5139,45.6395],[2.5106,45.6389],[2.5011,45.6387],[2.4965,45.641],[2.4928,45.6375],[2.4897,45.6424],[2.4879,45.6425],[2.4841,45.64],[2.4821,45.6354],[2.482,45.6319],[2.4832,45.6302],[2.4796,45.6268],[2.4804,45.6261],[2.4786,45.6206],[2.4794,45.6142],[2.4803,45.6114],[2.4784,45.608],[2.4746,45.6065],[2.4714,45.6026],[2.4657,45.6011],[2.463,45.5993],[2.4611,45.5964],[2.4658,45.5936],[2.4687,45.59],[2.4689,45.5877],[2.4722,45.5871],[2.4731,45.5834],[2.4757,45.5823],[2.4745,45.5787],[2.4824,45.5723],[2.4843,45.57],[2.4913,45.5684],[2.492,45.5653],[2.4899,45.5629],[2.4909,45.5605],[2.4967,45.5569],[2.4992,45.5565],[2.5011,45.5536],[2.504,45.5547],[2.5085,45.5528],[2.5141,45.5544],[2.5162,45.5538],[2.5171,45.5519],[2.5152,45.5501],[2.5184,45.5463],[2.5179,45.5432],[2.5149,45.5414],[2.515,45.5371],[2.5195,45.5336],[2.5194,45.5318],[2.5153,45.5292],[2.5114,45.5245],[2.5159,45.5242],[2.5198,45.5225],[2.5205,45.5204],[2.5141,45.5147],[2.5115,45.5112],[2.5089,45.5056],[2.5075,45.5039],[2.5085,45.5011],[2.5093,45.4989],[2.5144,45.493],[2.5115,45.4904],[2.5074,45.4824],[2.5084,45.4783],[2.5097,45.4736],[2.5093,45.4723],[2.5055,45.4692],[2.5073,45.4646],[2.5036,45.4616],[2.4997,45.4609],[2.4991,45.4549],[2.4995,45.4535],[2.5032,45.4503],[2.5022,45.448],[2.4997,45.4486],[2.4969,45.4473],[2.4956,45.4455],[2.4956,45.4411],[2.4931,45.4391],[2.4936,45.4375],[2.4962,45.4363],[2.4916,45.4295],[2.4915,45.4254],[2.4923,45.4234],[2.4879,45.4198],[2.4875,45.4182],[2.4931,45.4137],[2.4977,45.4137],[2.5053,45.4106],[2.5061,45.4087],[2.5121,45.4057],[2.5181,45.4019],[2.5222,45.4027],[2.5215,45.4013],[2.5236,45.3994],[2.5227,45.3979],[2.5282,45.392],[2.5235,45.3854],[2.5234,45.3815],[2.5205,45.3848],[2.5176,45.3849],[2.5118,45.3828],[2.5071,45.3786],[2.5008,45.3815],[2.4948,45.3806],[2.493,45.3797],[2.4858,45.3789],[2.4804,45.3748],[2.4827,45.373],[2.4802,45.3697],[2.4764,45.3705],[2.4763,45.3733],[2.4749,45.3746],[2.4701,45.374],[2.4706,45.3767],[2.4731,45.3775],[2.4751,45.3811],[2.4705,45.3819],[2.462,45.3849],[2.4584,45.3853],[2.4562,45.384],[2.4502,45.3834],[2.4444,45.3834],[2.4415,45.3845],[2.4379,45.3879],[2.4363,45.3886],[2.4326,45.393],[2.4303,45.3927],[2.4245,45.3944],[2.4231,45.397],[2.4194,45.3975],[2.4158,45.3964],[2.406,45.3975],[2.3984,45.4],[2.3958,45.4035],[2.3951,45.4074],[2.391,45.4091],[2.3884,45.4114],[2.3809,45.4135],[2.3764,45.4145],[2.3726,45.4141],[2.3708,45.4158],[2.3681,45.4161],[2.3622,45.415],[2.3552,45.4151],[2.3526,45.4143],[2.3494,45.4121],[2.3498,45.4096],[2.3522,45.4053],[2.3558,45.4004],[2.3598,45.3984],[2.3639,45.3975],[2.365,45.3907],[2.3691,45.3879],[2.3695,45.3863],[2.3664,45.3823],[2.3635,45.3803],[2.3632,45.3786],[2.3645,45.3747],[2.3646,45.3716],[2.3666,45.3694],[2.3676,45.3655],[2.3642,45.3617],[2.3651,45.3568],[2.3636,45.3536],[2.3598,45.3548],[2.357,45.3542],[2.3555,45.3516],[2.3512,45.3484],[2.3502,45.3464],[2.3522,45.3436],[2.3586,45.3392],[2.3593,45.3361],[2.3561,45.3337],[2.3534,45.3299],[2.3507,45.3277],[2.3459,45.3276],[2.3399,45.3259],[2.3366,45.3266],[2.3194,45.3235],[2.3169,45.3227],[2.3145,45.3205],[2.3125,45.3173],[2.3074,45.3131],[2.3059,45.3104],[2.3059,45.3077],[2.3016,45.3037],[2.2999,45.299],[2.2949,45.2955],[2.2888,45.2871],[2.2824,45.2872],[2.2761,45.2885],[2.2727,45.2902],[2.2694,45.2903],[2.2665,45.2859],[2.2635,45.2854],[2.2616,45.2836],[2.2616,45.279],[2.259,45.2708],[2.2562,45.2687],[2.2475,45.2679],[2.2446,45.2672],[2.2378,45.2596],[2.2398,45.256],[2.2408,45.248],[2.2349,45.2465],[2.2307,45.2469],[2.2262,45.2451],[2.2246,45.2414],[2.2215,45.2378],[2.2147,45.233],[2.2075,45.2289],[2.2029,45.2276],[2.2028,45.2232],[2.195,45.2208],[2.1913,45.2231],[2.1911,45.2205],[2.1958,45.2184],[2.1966,45.2161],[2.1943,45.2144],[2.1932,45.2108],[2.19,45.2059],[2.1895,45.204],[2.1914,45.2009],[2.1978,45.2003],[2.2001,45.1977],[2.1983,45.1966],[2.1989,45.1907],[2.2003,45.1849],[2.2023,45.1834],[2.2017,45.1798],[2.208,45.1789],[2.2141,45.1762],[2.2153,45.174],[2.2192,45.1742],[2.2224,45.1702],[2.2275,45.1697],[2.232,45.1702],[2.233,45.1673],[2.232,45.164],[2.2304,45.1621],[2.2279,45.1609],[2.2222,45.1598],[2.2143,45.1598],[2.2118,45.1613],[2.2084,45.1603],[2.2079,45.1587],[2.2121,45.1528],[2.2121,45.1506],[2.2088,45.1439],[2.2053,45.1424],[2.2017,45.1385],[2.1971,45.1377],[2.1931,45.1356],[2.1884,45.1344],[2.1876,45.1358],[2.1791,45.1363],[2.1794,45.1348],[2.1822,45.1322],[2.1802,45.1271],[2.1839,45.1231],[2.1839,45.1205],[2.1855,45.1187],[2.1892,45.1177],[2.1901,45.1139],[2.1871,45.1145],[2.1805,45.1126],[2.1817,45.1101],[2.1793,45.1075],[2.1817,45.1067],[2.1801,45.1034],[2.1765,45.1023],[2.1804,45.0991],[2.1803,45.0952],[2.1785,45.092],[2.1759,45.0902],[2.1734,45.0861],[2.1746,45.082],[2.1725,45.0814],[2.1662,45.0813],[2.1646,45.085],[2.1587,45.0851],[2.1561,45.0865],[2.1489,45.083],[2.1483,45.0849],[2.1435,45.0854],[2.1408,45.0868],[2.1382,45.0814],[2.1334,45.082],[2.1309,45.0814],[2.1306,45.0786],[2.1267,45.0771],[2.1251,45.0746],[2.1202,45.0727],[2.1206,45.0699],[2.1178,45.0689],[2.1153,45.0715],[2.1132,45.0713],[2.1099,45.0685],[2.1052,45.0673],[2.104,45.0639],[2.1022,45.0623],[2.1002,45.0621],[2.0972,45.0589],[2.0997,45.058],[2.0994,45.0555],[2.0952,45.056],[2.0968,45.0519],[2.0988,45.0501],[2.0994,45.0478],[2.1045,45.0451],[2.105,45.0429],[2.1084,45.0427],[2.1108,45.0405],[2.1101,45.038],[2.1115,45.0311],[2.1132,45.0302],[2.1145,45.0273],[2.1143,45.0247],[2.1174,45.0208],[2.123,45.0197],[2.1253,45.0159],[2.1247,45.0148],[2.1328,45.01],[2.1394,45.0078],[2.1412,45.0054],[2.1394,45.0036],[2.1419,45.0001],[2.1393,44.9983],[2.1378,44.9924],[2.1335,44.9886],[2.1332,44.9856],[2.1303,44.9842],[2.1268,44.9855],[2.1199,44.9857],[2.118,44.9839],[2.1135,44.9854],[2.1076,44.9815],[2.1025,44.9803],[2.1002,44.9838],[2.0935,44.9858],[2.0896,44.9846],[2.0858,44.9841],[2.0846,44.9819],[2.0736,44.9777],[2.07,44.9784],[2.0656,44.9768],[2.0629,44.9766],[2.0601,44.975],[2.0571,44.9764],[2.0534,44.9759],[2.0491,44.9791],[2.0453,44.9837],[2.0397,44.9818],[2.0305,44.982],[2.0289,44.9804],[2.0251,44.9802],[2.0238,44.9786],[2.0199,44.9797],[2.0173,44.9778],[2.0091,44.9774],[2.006,44.9781],[1.9997,44.976],[1.9968,44.9759],[1.9937,44.9746],[1.9913,44.9761],[1.9861,44.9748],[1.981,44.9725],[1.977,44.9699],[1.9739,44.9665],[1.9682,44.9639],[1.9664,44.9621],[1.9564,44.9599],[1.9546,44.956],[1.9508,44.9533],[1.9471,44.9536],[1.9402,44.953],[1.9402,44.9549],[1.9425,44.957],[1.9416,44.9627],[1.9415,44.9666],[1.9402,44.9718],[1.9334,44.9746],[1.929,44.9784],[1.9265,44.9778],[1.9218,44.976],[1.9199,44.9774],[1.9139,44.9789],[1.9076,44.9778],[1.9057,44.9752],[1.9021,44.9744],[1.9019,44.9731],[1.8984,44.9719],[1.8988,44.9677],[1.8964,44.9675],[1.8943,44.9655],[1.8884,44.9642],[1.8854,44.959],[1.887,44.9563],[1.8826,44.9556],[1.8796,44.9558],[1.8673,44.9527],[1.8632,44.9502],[1.8628,44.9476],[1.8575,44.9477],[1.854,44.9462],[1.8511,44.9462],[1.8484,44.9439],[1.8448,44.943],[1.845,44.9396],[1.8428,44.9371],[1.8415,44.9381],[1.8364,44.9375],[1.8377,44.9409],[1.837,44.9455],[1.8335,44.9462],[1.8313,44.9454],[1.8305,44.9422],[1.8296,44.9342],[1.8278,44.9306],[1.8233,44.9272],[1.8138,44.9274],[1.8116,44.9291],[1.8046,44.9261],[1.8013,44.9221],[1.8009,44.9204],[1.8002,44.9203],[1.8005,44.924],[1.8024,44.9256],[1.7983,44.9304],[1.7953,44.9306],[1.7908,44.932],[1.7857,44.9369],[1.7869,44.9321],[1.7856,44.9306],[1.7803,44.9287],[1.7746,44.9236],[1.774,44.9245],[1.7682,44.9312],[1.7672,44.9337],[1.7629,44.9346],[1.7588,44.9364],[1.7528,44.9368],[1.7485,44.9384],[1.754,44.9408],[1.7559,44.9463],[1.7511,44.9473],[1.7503,44.9532],[1.7507,44.9559],[1.7473,44.9571],[1.7406,44.9606],[1.7367,44.9607],[1.7338,44.9595],[1.7315,44.9646],[1.7237,44.9683],[1.7194,44.9678],[1.7134,44.9678],[1.711,44.9673],[1.7089,44.9696],[1.7071,44.9727],[1.7066,44.9756],[1.7075,44.9781],[1.7063,44.982],[1.7026,44.9846],[1.7034,44.9866],[1.7003,44.9892],[1.6986,44.9893],[1.6923,44.9926],[1.6872,44.9965],[1.6844,45.0026],[1.6806,45.0029],[1.6767,45.0041],[1.6714,45.0043],[1.67,45.0087],[1.6637,45.0087],[1.665,45.0122],[1.6593,45.0135],[1.6562,45.0151],[1.6509,45.0223],[1.6518,45.0252],[1.6484,45.0238],[1.6477,45.0274],[1.6391,45.0293],[1.6356,45.0293],[1.6325,45.0321],[1.6299,45.0335],[1.6254,45.0335],[1.6246,45.0312],[1.6216,45.0325],[1.6171,45.032],[1.6132,45.0333],[1.6097,45.0326],[1.6084,45.0307],[1.6091,45.0289],[1.6079,45.0294],[1.6081,45.0335],[1.6058,45.0355],[1.6012,45.0357],[1.5979,45.0344],[1.5932,45.0348],[1.5853,45.0382],[1.5803,45.0389],[1.5761,45.0407],[1.57,45.0395],[1.5638,45.0346],[1.552,45.0284],[1.5445,45.029],[1.5432,45.0312],[1.5432,45.0344],[1.5416,45.0362],[1.5415,45.0411],[1.5404,45.0464],[1.5353,45.0463],[1.5338,45.0451],[1.5281,45.0454],[1.5267,45.0442],[1.5229,45.0431],[1.5206,45.04],[1.5168,45.041],[1.5094,45.0407],[1.5029,45.0384],[1.5004,45.036],[1.4979,45.0356],[1.4938,45.0334],[1.4923,45.0304],[1.4881,45.0325],[1.4825,45.0302],[1.4799,45.0266],[1.4768,45.0267],[1.4763,45.0251],[1.4783,45.023],[1.4777,45.0206],[1.4754,45.0181],[1.4662,45.0165],[1.4642,45.0144],[1.4596,45.0137],[1.4555,45.015],[1.4527,45.0174],[1.4482,45.0194],[1.4413,45.0154],[1.4443,45.0141],[1.434,45.0115],[1.4313,45.0101],[1.4219,45.0082],[1.4187,45.0085],[1.4146,45.0073],[1.4091,45.0069],[1.4095,45.0052],[1.4134,44.9992],[1.4143,44.9933],[1.4114,44.9895],[1.4118,44.9866],[1.4175,44.9836],[1.4176,44.9806],[1.4145,44.9778],[1.414,44.9741],[1.4127,44.9724],[1.4159,44.9697],[1.4209,44.9686],[1.4216,44.9674],[1.4199,44.9638],[1.4169,44.9622],[1.4197,44.9594],[1.4188,44.9563],[1.4218,44.9559],[1.4223,44.9539],[1.4257,44.9514],[1.4275,44.9474],[1.4306,44.9457],[1.4331,44.9461],[1.4363,44.9409],[1.4355,44.9387],[1.4331,44.9372],[1.4371,44.9355],[1.4375,44.9326],[1.4353,44.9314],[1.4364,44.9286],[1.4389,44.9287],[1.4384,44.9252],[1.442,44.9209],[1.4415,44.9161],[1.435,44.9176],[1.4325,44.9191],[1.4248,44.9199],[1.4213,44.9156],[1.4183,44.9157],[1.4135,44.9134],[1.4133,44.9116],[1.4107,44.9089],[1.4163,44.9093],[1.418,44.9073],[1.4214,44.9063],[1.4179,44.9006],[1.4207,44.8972],[1.4252,44.8951],[1.4314,44.8908],[1.4397,44.889],[1.4399,44.8867],[1.4426,44.8808],[1.4421,44.8784],[1.4392,44.8746],[1.4316,44.8717],[1.4243,44.8724],[1.4191,44.8707],[1.4116,44.8728],[1.4126,44.8696],[1.4117,44.8663],[1.4091,44.8649],[1.4054,44.8636],[1.4055,44.8571],[1.4034,44.8546],[1.4029,44.8508],[1.4028,44.8493],[1.3985,44.849],[1.3955,44.8497],[1.3925,44.8492],[1.3873,44.851],[1.3849,44.8489],[1.3861,44.8474],[1.3771,44.8418],[1.3736,44.8434],[1.3728,44.8469],[1.3654,44.8452],[1.361,44.8401],[1.36,44.8346],[1.3608,44.8325],[1.3605,44.8269],[1.3623,44.8213],[1.366,44.8152],[1.3634,44.8145],[1.3641,44.8116],[1.3565,44.8103],[1.354,44.809],[1.3453,44.8077],[1.3391,44.8056],[1.3305,44.807],[1.3253,44.806],[1.3206,44.8034],[1.3133,44.8022],[1.3015,44.7979],[1.2983,44.7962],[1.298,44.7947],[1.2934,44.7898],[1.2975,44.7889],[1.3029,44.7892],[1.304,44.7883],[1.304,44.784],[1.3001,44.7827],[1.298,44.7806],[1.2964,44.7767],[1.2985,44.7742],[1.3081,44.7709],[1.3105,44.7698],[1.316,44.7647],[1.3228,44.765],[1.3202,44.7551],[1.317,44.7494],[1.3177,44.7442],[1.3158,44.7405],[1.3051,44.7435],[1.3002,44.7444],[1.3006,44.743],[1.2978,44.7414],[1.2968,44.7377],[1.2953,44.736],[1.3002,44.7339],[1.2989,44.7306],[1.2984,44.7262],[1.2934,44.7227],[1.2894,44.7209],[1.2886,44.7171],[1.2871,44.7147],[1.2801,44.7158],[1.2746,44.7192],[1.2754,44.7213],[1.2724,44.723],[1.2701,44.7224],[1.2685,44.7197],[1.2682,44.7162],[1.2648,44.713],[1.264,44.7109],[1.2602,44.7103],[1.2588,44.7088],[1.2548,44.7098],[1.2508,44.7082],[1.2478,44.7077],[1.2433,44.7039],[1.2445,44.6978],[1.2439,44.6959],[1.2387,44.6922],[1.2355,44.6923],[1.2331,44.6909],[1.2299,44.6917],[1.226,44.6886],[1.2249,44.6858],[1.2246,44.6843],[1.2173,44.6826],[1.2115,44.6829],[1.2069,44.6838],[1.2035,44.6833],[1.198,44.6806],[1.1968,44.6826],[1.1897,44.6821],[1.1871,44.6829],[1.1813,44.6833],[1.1783,44.6826],[1.1721,44.6802],[1.1692,44.6804],[1.1639,44.676],[1.1638,44.6748],[1.1584,44.6722],[1.1487,44.6704],[1.1471,44.6708],[1.147,44.6655],[1.1494,44.6609],[1.1495,44.654],[1.1465,44.6531],[1.1479,44.6505],[1.1518,44.6452],[1.1538,44.6396],[1.1508,44.6334],[1.1481,44.6325],[1.1386,44.6252],[1.1312,44.6183],[1.1273,44.6168],[1.1226,44.6142],[1.1198,44.6102],[1.1109,44.6071],[1.1075,44.6039],[1.1007,44.5976],[1.0946,44.5923],[1.0936,44.5906],[1.0979,44.5906],[1.1025,44.5864],[1.1021,44.5841],[1.1035,44.581],[1.0989,44.5799],[1.1003,44.5776],[1.1035,44.5743],[1.1032,44.5717],[1.0967,44.5722],[1.0879,44.5708],[1.0823,44.5726],[1.0751,44.5773],[1.0737,44.5748],[1.0738,44.572],[1.0717,44.5678],[1.0697,44.5661],[1.0638,44.5646],[1.0589,44.5641],[1.0565,44.5647],[1.0476,44.5619],[1.0452,44.5624],[1.0424,44.558],[1.0415,44.5575],[1.0346,44.5554],[1.0297,44.552],[1.0314,44.5493],[1.0279,44.5486],[1.0219,44.5454],[1.0178,44.5405],[1.0131,44.5362],[1.0107,44.5414],[1.0103,44.5457],[1.0091,44.547],[1.0046,44.5479],[0.9988,44.5482],[0.9949,44.55],[0.9899,44.5488],[0.9828,44.5458],[0.9815,44.5444],[0.9823,44.5427],[0.9856,44.5419],[0.9883,44.5403],[0.9893,44.5382],[0.988,44.5328],[0.9926,44.528],[0.9956,44.5268],[0.9988,44.5274],[1.0037,44.5201],[1.0057,44.5194],[1.0063,44.5146],[1.016,44.5065],[1.0169,44.4997],[1.0116,44.4956],[1.0178,44.492],[1.0171,44.4891],[1.0142,44.4874],[1.0116,44.4831],[1.009,44.48],[1.0137,44.478],[1.023,44.4755],[1.0217,44.4731],[1.0218,44.4706],[1.0259,44.467],[1.023,44.4625],[1.0248,44.4598],[1.0212,44.4563],[1.024,44.4515],[1.0215,44.4486],[1.0208,44.4452],[1.0251,44.4425],[1.0291,44.4413],[1.0325,44.4413],[1.0281,44.4342],[1.0333,44.4322],[1.037,44.4327],[1.042,44.435],[1.0453,44.4343],[1.0471,44.4309],[1.0489,44.4293],[1.0538,44.432],[1.055,44.4274],[1.0574,44.4279],[1.0575,44.4244],[1.0606,44.4193],[1.0605,44.4156],[1.0614,44.4133],[1.0599,44.4124],[1.061,44.4095],[1.0596,44.4052],[1.0615,44.402],[1.0558,44.3986],[1.0546,44.3946],[1.0508,44.392],[1.0601,44.389],[1.0644,44.3803],[1.0642,44.3786],[1.0596,44.3765],[1.0605,44.3716],[1.0592,44.3709],[1.0591,44.3667],[1.0497,44.3627],[1.0471,44.3623],[1.0419,44.3628],[1.0382,44.3639],[1.0283,44.3643],[1.0266,44.3635],[1.0157,44.3638],[1.0124,44.3652],[1.0054,44.3653],[1.0005,44.3681],[0.9967,44.3691],[0.9949,44.3682],[0.9915,44.3639],[0.9859,44.3615],[0.9822,44.3587],[0.9798,44.3585],[0.9775,44.3568],[0.9756,44.3575],[0.9759,44.361],[0.9705,44.3609],[0.9685,44.3621],[0.9588,44.3591],[0.9569,44.3608],[0.9546,44.3594],[0.9515,44.3617],[0.9506,44.3585],[0.9462,44.3545],[0.9419,44.3532],[0.9455,44.3503],[0.9458,44.3483],[0.9422,44.3446],[0.9411,44.3445],[0.9398,44.3507],[0.9388,44.3609],[0.9367,44.3698],[0.9336,44.373],[0.9257,44.3759],[0.9218,44.3804],[0.9198,44.3844],[0.916,44.3843],[0.9109,44.383],[0.9044,44.3818],[0.9023,44.3808],[0.8964,44.3819],[0.8952,44.379],[0.8951,44.3737],[0.894,44.3731],[0.8872,44.3661],[0.8895,44.3615],[0.892,44.3605],[0.8936,44.3578],[0.8938,44.3535],[0.8908,44.3534],[0.8919,44.3499],[0.8956,44.3463],[0.8942,44.3421],[0.8918,44.3393],[0.8884,44.3387],[0.887,44.3358],[0.8878,44.3334],[0.8821,44.3318],[0.8814,44.3295],[0.8831,44.3287],[0.8789,44.3274],[0.876,44.3247],[0.8731,44.3238],[0.875,44.3202],[0.8737,44.3156],[0.8711,44.3147],[0.8717,44.3125],[0.8697,44.3114],[0.8693,44.3092],[0.8725,44.3087],[0.883,44.3083],[0.8867,44.3056],[0.8896,44.3],[0.895,44.2969],[0.8965,44.2992],[0.9005,44.3002],[0.9052,44.2994],[0.9163,44.3023],[0.9189,44.3003],[0.9199,44.2967],[0.9237,44.2919],[0.9242,44.2886],[0.9263,44.2864],[0.9331,44.2859],[0.9367,44.2817],[0.9405,44.2821],[0.943,44.278],[0.9452,44.2759],[0.9509,44.2751],[0.9492,44.272],[0.9467,44.2696],[0.9469,44.268],[0.9448,44.266],[0.9402,44.2634],[0.9371,44.2651],[0.9278,44.2673],[0.9274,44.2622],[0.9292,44.262],[0.9311,44.2588],[0.9334,44.257],[0.9318,44.2521],[0.9326,44.2486],[0.9266,44.2482],[0.9249,44.2471],[0.9188,44.2382],[0.9234,44.2363],[0.9265,44.2342],[0.9292,44.2304],[0.9266,44.2293],[0.9241,44.2253],[0.9207,44.2164],[0.9189,44.2157],[0.9154,44.2099],[0.9145,44.2067],[0.9095,44.2032],[0.9092,44.2011],[0.9059,44.1985],[0.9047,44.1964],[0.9074,44.1948],[0.9062,44.1904],[0.903,44.1902],[0.8972,44.1912],[0.8914,44.1912],[0.8883,44.1903],[0.882,44.1915],[0.8758,44.1933],[0.8747,44.1926],[0.8661,44.1935],[0.8612,44.1931],[0.8596,44.1929],[0.8604,44.1912],[0.8567,44.1897],[0.8543,44.1861],[0.8533,44.1833],[0.8529,44.175],[0.864,44.1736],[0.8665,44.1709],[0.8712,44.1677],[0.8746,44.1694],[0.883,44.1755],[0.8844,44.1733],[0.8891,44.172],[0.8904,44.1697],[0.8898,44.1668],[0.8878,44.1634],[0.8847,44.1606],[0.8901,44.1537],[0.8884,44.1508],[0.8885,44.1488],[0.8896,44.1469],[0.8942,44.1438],[0.8942,44.138],[0.8922,44.1373],[0.8866,44.1389],[0.8839,44.1404],[0.8831,44.1423],[0.878,44.1366],[0.8827,44.1334],[0.88,44.1322],[0.8775,44.1289],[0.8689,44.128],[0.8672,44.1263],[0.8602,44.1282],[0.8571,44.1275],[0.8569,44.1305],[0.8494,44.1317],[0.8472,44.133],[0.8401,44.1345],[0.8379,44.1359],[0.8324,44.1373],[0.8289,44.1394],[0.8193,44.1438],[0.809,44.1442],[0.8048,44.1451],[0.8006,44.143],[0.7975,44.1454],[0.7949,44.1456],[0.7883,44.1444],[0.7879,44.1428],[0.7916,44.1395],[0.7951,44.1335],[0.7974,44.1305],[0.7951,44.1286],[0.796,44.1256],[0.7954,44.1216],[0.7929,44.1186],[0.7966,44.1143],[0.7987,44.1132],[0.7986,44.1106],[0.7946,44.1125],[0.7887,44.114],[0.7867,44.1123],[0.7785,44.1132],[0.775,44.1169],[0.772,44.1129],[0.7664,44.1118],[0.7638,44.1085],[0.7593,44.1082],[0.756,44.1069],[0.7526,44.102],[0.7523,44.0987],[0.7479,44.0969],[0.748,44.0932],[0.7476,44.0887],[0.7487,44.087],[0.745,44.0851],[0.7439,44.0816],[0.7415,44.0802],[0.7383,44.0756],[0.739,44.0731],[0.7378,44.0707],[0.7419,44.0652],[0.74,44.0639],[0.7396,44.0615],[0.737,44.0613],[0.7329,44.0624],[0.7283,44.0617],[0.7259,44.0602],[0.7168,44.0574],[0.713,44.0582],[0.7077,44.0584],[0.7071,44.057],[0.7006,44.0536],[0.6986,44.05],[0.6979,44.0472],[0.6953,44.0443],[0.6937,44.0463],[0.6859,44.0462],[0.6824,44.0423],[0.6792,44.0359],[0.6796,44.0295],[0.676,44.0268],[0.6711,44.0268],[0.6634,44.0241],[0.6614,44.0244],[0.6545,44.0318],[0.6538,44.0336],[0.6555,44.0369],[0.6532,44.0372],[0.654,44.0426],[0.6498,44.0446],[0.644,44.0437],[0.6376,44.0485],[0.6364,44.0499],[0.6317,44.0495],[0.6308,44.0517],[0.6304,44.0562],[0.6285,44.0596],[0.6252,44.0626],[0.6203,44.0658],[0.6151,44.0674],[0.6108,44.0694],[0.6072,44.0693],[0.6076,44.0711],[0.6052,44.0729],[0.5991,44.0748],[0.6013,44.0781],[0.597,44.0783],[0.5919,44.08],[0.5909,44.0769],[0.5851,44.0767],[0.5798,44.0766],[0.5757,44.0759],[0.5783,44.0731],[0.5749,44.0713],[0.5725,44.0691],[0.5722,44.0662],[0.5663,44.06],[0.5647,44.0592],[0.5585,44.0582],[0.5554,44.0547],[0.551,44.0559],[0.5444,44.0565],[0.5412,44.0557],[0.5385,44.0529],[0.5325,44.0574],[0.5265,44.0567],[0.5202,44.0576],[0.5154,44.0616],[0.5116,44.0634],[0.506,44.0562],[0.5058,44.052],[0.5046,44.0507],[0.5036,44.0516],[0.5023,44.0573],[0.494,44.0573],[0.4886,44.0563],[0.4856,44.0592],[0.4856,44.0537],[0.4841,44.0527],[0.4758,44.0551],[0.4707,44.0552],[0.4657,44.0545],[0.4596,44.0555],[0.4534,44.0479],[0.4507,44.0457],[0.4504,44.0443],[0.4501,44.0433],[0.4449,44.0391],[0.4439,44.0349],[0.4424,44.0336],[0.4436,44.0308],[0.4426,44.0287],[0.4332,44.0293],[0.4247,44.0262],[0.4198,44.0287],[0.4168,44.0292],[0.4144,44.0272],[0.4133,44.0239],[0.4111,44.0207],[0.4024,44.0228],[0.397,44.0224],[0.3971,44.0199],[0.3944,44.02],[0.3911,44.0168],[0.3846,44.0089],[0.3814,44.0064],[0.3714,44.0081],[0.3675,44.0102],[0.365,44.0149],[0.3598,44.0159],[0.3532,44.0157],[0.3541,44.013],[0.3501,44.0138],[0.3444,44.0128],[0.3349,44.0105],[0.3271,44.0072],[0.3207,44.0081],[0.3162,44.01],[0.3146,44.0054],[0.3199,43.9985],[0.318,43.9948],[0.3132,43.9958],[0.3131,43.9936],[0.3075,43.9949],[0.3058,43.994],[0.3029,43.991],[0.2964,43.9935],[0.2917,43.994],[0.2801,43.9987],[0.2735,43.998],[0.2694,44.0042],[0.2675,44.0034],[0.2632,44.0043],[0.2558,44.008],[0.2535,44.0029],[0.2483,44.0042],[0.2434,44.0071],[0.2329,44.0091],[0.2298,44.0112],[0.2352,44.0176],[0.2334,44.0226],[0.2304,44.0226],[0.2252,44.019],[0.2188,44.0209],[0.2142,44.0231],[0.2117,44.0196],[0.2059,44.0211],[0.2041,44.0184],[0.2049,44.0154],[0.2034,44.0126],[0.1977,44.0159],[0.1936,44.0138],[0.1901,44.015],[0.1857,44.0096],[0.1836,44.0085],[0.1805,44.0004],[0.1758,44.0016],[0.1741,43.9989],[0.1667,43.997],[0.1646,43.9953],[0.1656,43.993],[0.1663,43.9846],[0.1661,43.981],[0.1643,43.9771],[0.1614,43.9743],[0.1568,43.9726],[0.1454,43.9742],[0.1433,43.9754],[0.1386,43.9747],[0.138,43.9768],[0.1419,43.9945],[0.1381,43.9981],[0.132,44.0011],[0.1283,44.0011],[0.1273,44.0023],[0.1266,44.0001],[0.1283,43.9988],[0.1267,43.9965],[0.1199,43.9957],[0.1191,43.9904],[0.1172,43.9879],[0.1142,43.9879],[0.1054,43.9844],[0.1021,43.9844],[0.0947,43.9859],[0.0918,43.9852],[0.0883,43.9856],[0.0852,43.9845],[0.0839,43.9828],[0.0802,43.9812],[0.0778,43.9811],[0.0759,43.9829],[0.0731,43.9808],[0.0732,43.9786],[0.0677,43.9745],[0.0665,43.9732],[0.0666,43.9688],[0.0691,43.9672],[0.0663,43.9648],[0.0612,43.9652],[0.0612,43.9626],[0.056,43.9614],[0.0552,43.9599],[0.0564,43.9567],[0.0552,43.9545],[0.0573,43.9521],[0.0568,43.9507],[0.0609,43.9491],[0.063,43.9459],[0.0626,43.9424],[0.0635,43.9406],[0.0688,43.9391],[0.0688,43.9361],[0.0704,43.9344],[0.0709,43.9314],[0.0724,43.9282],[0.0725,43.9218],[0.0731,43.919],[0.0762,43.9164],[0.0748,43.9147],[0.0724,43.9144],[0.072,43.9098],[0.07,43.9098],[0.0696,43.9042],[0.0639,43.9031],[0.0606,43.9012],[0.0586,43.8968],[0.0555,43.8975],[0.0479,43.9006],[0.0417,43.904],[0.0382,43.9032],[0.0345,43.9],[0.0332,43.9],[0.0309,43.9005],[0.0226,43.9085],[0.0172,43.9104],[0.0177,43.9117],[0.0124,43.9139],[0.01,43.9142],[0.0069,43.9161],[0.0041,43.9165],[-0.0008,43.92],[-0.0024,43.9218],[-0.006,43.9236],[-0.0113,43.9231],[-0.0153,43.9241],[-0.0179,43.9264],[-0.0202,43.93],[-0.0154,43.9341],[-0.0106,43.935],[-0.0098,43.9375],[-0.0076,43.9395],[-0.0029,43.94],[0.0005,43.9423],[0.0055,43.9435],[0.0068,43.948],[0.0067,43.9538],[0.0055,43.9569],[0.0011,43.9601],[-0.0011,43.9606],[-0.0054,43.9628],[-0.0189,43.971],[-0.0362,43.9837],[-0.0406,43.9695],[-0.0438,43.9659],[-0.0441,43.9628],[-0.0467,43.9609],[-0.0512,43.9616],[-0.0585,43.9613],[-0.0626,43.9582],[-0.0636,43.9557],[-0.0682,43.9524],[-0.0694,43.9506],[-0.0703,43.9464],[-0.0727,43.9454],[-0.08,43.9437],[-0.084,43.9441],[-0.0889,43.9492],[-0.0936,43.9484],[-0.0937,43.9462],[-0.0987,43.9424],[-0.0971,43.9416],[-0.0993,43.935],[-0.0939,43.9332],[-0.0937,43.9318],[-0.096,43.9291],[-0.1028,43.9271],[-0.1089,43.9294],[-0.1086,43.9313],[-0.1111,43.9341],[-0.1156,43.9363],[-0.1165,43.938],[-0.1205,43.9415],[-0.1249,43.9444],[-0.1287,43.94],[-0.1345,43.9378],[-0.1353,43.9361],[-0.1464,43.9394],[-0.153,43.9398],[-0.1527,43.9361],[-0.1537,43.9324],[-0.1607,43.9313],[-0.1593,43.9284],[-0.1642,43.9274],[-0.1677,43.9297],[-0.1707,43.9307],[-0.1761,43.9365],[-0.1802,43.9364],[-0.1807,43.9306],[-0.1835,43.9291],[-0.19,43.9278],[-0.1925,43.9264],[-0.1917,43.924],[-0.1962,43.9215],[-0.2004,43.9147],[-0.2041,43.9126],[-0.2087,43.9119],[-0.2109,43.9115],[-0.2163,43.9076],[-0.219,43.9076],[-0.2209,43.9098],[-0.2211,43.9127],[-0.2239,43.9144],[-0.2257,43.9123],[-0.229,43.9115],[-0.2287,43.9098],[-0.2311,43.9079],[-0.2335,43.9028],[-0.2334,43.8992],[-0.2403,43.8979],[-0.2366,43.897],[-0.2347,43.8955],[-0.2386,43.8939],[-0.234,43.891],[-0.2253,43.8901],[-0.224,43.8921],[-0.2212,43.8925],[-0.2189,43.8906],[-0.2153,43.8889],[-0.2145,43.8876],[-0.2088,43.8853],[-0.203,43.8847],[-0.2013,43.8855],[-0.1978,43.8839],[-0.1952,43.8812],[-0.1904,43.8806],[-0.1921,43.8767],[-0.1886,43.8723],[-0.1887,43.8696],[-0.1863,43.869],[-0.1857,43.8669],[-0.1868,43.862],[-0.1892,43.8627],[-0.192,43.8704],[-0.197,43.8711],[-0.1985,43.8675],[-0.1957,43.8653],[-0.1993,43.8621],[-0.2042,43.8604],[-0.2087,43.8576],[-0.2071,43.8547],[-0.2008,43.8511],[-0.1976,43.8459],[-0.1949,43.8444],[-0.1937,43.8406],[-0.1906,43.8343],[-0.1881,43.8325],[-0.1909,43.8304],[-0.1974,43.8309],[-0.1972,43.8229],[-0.1956,43.8193],[-0.1919,43.8178],[-0.1935,43.8162],[-0.1927,43.8124],[-0.1947,43.8083],[-0.2007,43.8067],[-0.2023,43.8088],[-0.2125,43.8092],[-0.2141,43.812],[-0.2159,43.8126],[-0.2173,43.81],[-0.2272,43.8086],[-0.2265,43.8049],[-0.2247,43.8037],[-0.2235,43.8006],[-0.2175,43.7984],[-0.2201,43.7949],[-0.2228,43.789],[-0.2221,43.7872],[-0.2178,43.7854],[-0.2147,43.7831],[-0.2146,43.7805],[-0.2126,43.7789],[-0.213,43.7763],[-0.2175,43.7716],[-0.2169,43.77],[-0.2129,43.7692],[-0.2117,43.7681],[-0.2103,43.7615],[-0.207,43.7604],[-0.2072,43.7562],[-0.2127,43.7563],[-0.214,43.7556],[-0.2181,43.7538],[-0.2181,43.7497],[-0.214,43.75],[-0.2056,43.7498],[-0.1973,43.7475],[-0.1952,43.7452],[-0.1958,43.7403],[-0.194,43.737],[-0.1975,43.7358],[-0.2022,43.733],[-0.2023,43.7301],[-0.2116,43.7238],[-0.2133,43.7236],[-0.2222,43.719],[-0.2268,43.7172],[-0.2299,43.7145],[-0.2344,43.7143],[-0.2396,43.712],[-0.243,43.7125],[-0.2505,43.708],[-0.2454,43.7049],[-0.2454,43.703],[-0.2433,43.7019],[-0.2453,43.6992],[-0.2408,43.6975],[-0.2386,43.6931],[-0.2428,43.691],[-0.2448,43.6875],[-0.247,43.6892],[-0.2482,43.686],[-0.2511,43.6841],[-0.2568,43.6832],[-0.2572,43.681],[-0.2557,43.678],[-0.2581,43.6737],[-0.2527,43.6722],[-0.2454,43.6713],[-0.2397,43.6712],[-0.2396,43.6699],[-0.2445,43.6652],[-0.2431,43.664],[-0.2444,43.6614],[-0.2429,43.6578],[-0.2433,43.6546],[-0.2473,43.6554],[-0.2525,43.6532],[-0.2564,43.6526],[-0.2606,43.6536],[-0.2643,43.6515],[-0.2612,43.6491],[-0.262,43.6479],[-0.2639,43.6445],[-0.264,43.6416],[-0.263,43.6371],[-0.2637,43.636],[-0.2732,43.639],[-0.2797,43.6425],[-0.2821,43.6429],[-0.2809,43.6401],[-0.2818,43.6387],[-0.2808,43.6362],[-0.2816,43.6318],[-0.2794,43.6289],[-0.2806,43.6279],[-0.2815,43.6239],[-0.2798,43.6183],[-0.2776,43.616],[-0.2636,43.6167],[-0.2546,43.6152],[-0.2472,43.6158],[-0.2472,43.6113],[-0.248,43.6056],[-0.2546,43.5993],[-0.2539,43.5969],[-0.2481,43.5968],[-0.2484,43.5947],[-0.247,43.593],[-0.2475,43.5902],[-0.2458,43.5887],[-0.243,43.5885],[-0.2425,43.5848],[-0.2421,43.5833],[-0.2364,43.5829],[-0.2336,43.5841],[-0.233,43.5885],[-0.2293,43.5902],[-0.218,43.5911],[-0.2108,43.5932],[-0.2094,43.5923],[-0.205,43.584],[-0.1986,43.5865],[-0.1906,43.5878],[-0.19,43.5898],[-0.1862,43.5901],[-0.182,43.5928],[-0.1787,43.5963],[-0.1766,43.5968],[-0.176,43.5947],[-0.1718,43.593],[-0.1697,43.5911],[-0.1691,43.588],[-0.1661,43.5859],[-0.1642,43.5824],[-0.1624,43.5818],[-0.1609,43.5806],[-0.1578,43.5814],[-0.1561,43.5845],[-0.1511,43.5857],[-0.1473,43.5856],[-0.1426,43.5843],[-0.1392,43.5826],[-0.1399,43.5797],[-0.1325,43.5817],[-0.1288,43.5812],[-0.1282,43.5831],[-0.1231,43.5848],[-0.1215,43.5869],[-0.117,43.5851],[-0.1112,43.5838],[-0.1084,43.5817],[-0.1058,43.5814],[-0.1019,43.5827],[-0.0971,43.5822],[-0.0949,43.5768],[-0.0962,43.5757],[-0.0945,43.5722],[-0.0916,43.5705],[-0.0933,43.5637],[-0.0896,43.56],[-0.0888,43.5572],[-0.0935,43.5508],[-0.0947,43.5476],[-0.0937,43.543],[-0.0871,43.5423],[-0.0818,43.5446],[-0.0806,43.5469],[-0.0701,43.5471],[-0.0656,43.5481],[-0.0646,43.5466],[-0.0638,43.5415],[-0.0607,43.5421],[-0.0598,43.5389],[-0.0562,43.533],[-0.0542,43.533],[-0.0517,43.5297],[-0.0487,43.5298],[-0.0483,43.5261],[-0.0447,43.5253],[-0.0439,43.5236],[-0.0435,43.5203],[-0.0442,43.5163],[-0.04,43.5126],[-0.0439,43.5067],[-0.0467,43.4983],[-0.0497,43.4919],[-0.0452,43.4907],[-0.0443,43.4895],[-0.0401,43.4896],[-0.0341,43.4884],[-0.035,43.4856],[-0.0332,43.48],[-0.034,43.4747],[-0.029,43.4733],[-0.0263,43.4747],[-0.0273,43.4735],[-0.0174,43.4721],[-0.0189,43.4701],[-0.0192,43.4652],[-0.0211,43.4649],[-0.0304,43.4667],[-0.0321,43.4661],[-0.041,43.4643],[-0.0453,43.4652],[-0.0509,43.4652],[-0.0539,43.4645],[-0.0584,43.4647],[-0.0613,43.4621],[-0.065,43.4636],[-0.0661,43.4602],[-0.0615,43.4532],[-0.0637,43.4477],[-0.0668,43.4437],[-0.0656,43.4412],[-0.0679,43.4378],[-0.0708,43.4354],[-0.0696,43.433],[-0.0649,43.4305],[-0.0581,43.4279],[-0.057,43.4239],[-0.0534,43.4229],[-0.0505,43.4192],[-0.058,43.4189],[-0.0623,43.4177],[-0.0641,43.4131],[-0.0671,43.4104],[-0.0649,43.4093],[-0.0571,43.4119],[-0.0529,43.4119],[-0.0469,43.4097],[-0.0442,43.4095],[-0.0428,43.4106],[-0.0427,43.4135],[-0.038,43.4188],[-0.0359,43.4222],[-0.0337,43.4276],[-0.034,43.4318],[-0.0324,43.4337],[-0.0284,43.4327],[-0.0248,43.43],[-0.0222,43.4333],[-0.022,43.4365],[-0.0207,43.437],[-0.0173,43.4411],[-0.0164,43.4439],[-0.0131,43.4431],[-0.0063,43.4438],[-0.0025,43.4452],[-0.0008,43.4421],[-0.0011,43.4394],[-0.0047,43.4315],[0.0077,43.4237],[0.0097,43.4222],[0.0066,43.4171],[0.0066,43.4135],[0.0038,43.4113],[-0.001,43.4057],[-0.0018,43.3993],[-0.0041,43.3982],[-0.0004,43.3962],[-0.0046,43.395],[-0.0043,43.3934],[0.0019,43.3956],[0.0052,43.3942],[-0.002,43.3871],[0.0007,43.3856],[0.001,43.3837],[-0.0047,43.378],[-0.0042,43.3727],[0.0015,43.3691],[0.0046,43.3715],[0.0085,43.3683],[0.0087,43.367],[0.0055,43.3633],[0.0082,43.3613],[0.0121,43.36],[0.0145,43.3564],[0.018,43.3525],[0.0214,43.3497],[0.0266,43.3484],[0.0298,43.3461],[0.0257,43.3404],[0.024,43.3386],[0.0217,43.3372],[0.0163,43.3322],[0.0127,43.3277],[0.01,43.3252],[0.0007,43.3312],[-0.0019,43.332],[-0.0185,43.3316],[-0.0212,43.329],[-0.0256,43.3298],[-0.0279,43.3236],[-0.0292,43.3193],[-0.029,43.3167],[-0.0344,43.3096],[-0.0374,43.3064],[-0.042,43.304],[-0.0441,43.3047],[-0.0463,43.3007],[-0.0459,43.2968],[-0.044,43.2898],[-0.0433,43.2865],[-0.0407,43.2835],[-0.036,43.2819],[-0.0245,43.2801],[-0.0277,43.276],[-0.0234,43.2749],[-0.0176,43.2746],[-0.0169,43.2717],[-0.0189,43.2684],[-0.0244,43.2634],[-0.0257,43.2614],[-0.0254,43.2586],[-0.0238,43.2557],[-0.0245,43.2541],[-0.0317,43.2475],[-0.0342,43.2467],[-0.0417,43.2371],[-0.0438,43.2358],[-0.0458,43.233],[-0.0451,43.2286],[-0.047,43.2239],[-0.0498,43.2173],[-0.0615,43.2211],[-0.0619,43.2226],[-0.0721,43.2247],[-0.0741,43.2225],[-0.0716,43.2195],[-0.0727,43.215],[-0.0722,43.2094],[-0.0704,43.2045],[-0.0697,43.198],[-0.0688,43.197],[-0.0714,43.1924],[-0.071,43.188],[-0.0678,43.1811],[-0.0683,43.1773],[-0.0886,43.1765],[-0.0917,43.1773],[-0.0953,43.177],[-0.0981,43.1667],[-0.1067,43.1673],[-0.1065,43.1718],[-0.1089,43.1742],[-0.11,43.1773],[-0.1124,43.1802],[-0.1177,43.1803],[-0.1184,43.1768],[-0.1205,43.1771],[-0.1209,43.173],[-0.1252,43.1673],[-0.1269,43.1651],[-0.1272,43.1628],[-0.1261,43.158],[-0.1293,43.1572],[-0.1327,43.1529],[-0.1348,43.1518],[-0.1385,43.1492],[-0.1394,43.1459],[-0.1388,43.1435],[-0.1422,43.1438],[-0.1427,43.1407],[-0.1411,43.1361],[-0.1461,43.1281],[-0.1466,43.1281],[-0.1477,43.1291],[-0.1515,43.1259],[-0.1546,43.1255],[-0.1569,43.1225],[-0.1662,43.1221],[-0.1706,43.1183],[-0.17,43.1144],[-0.1729,43.113],[-0.1753,43.1102],[-0.1834,43.1122],[-0.1849,43.1143],[-0.1926,43.1156],[-0.194,43.1151],[-0.1909,43.1111],[-0.1919,43.1048],[-0.1959,43.1041],[-0.1983,43.1017],[-0.1977,43.0985],[-0.1954,43.0951],[-0.1866,43.0921],[-0.1879,43.0879],[-0.1862,43.0842],[-0.1893,43.0822],[-0.1928,43.0755],[-0.1955,43.0746],[-0.1992,43.0689],[-0.1989,43.0644],[-0.1971,43.0606],[-0.1938,43.059],[-0.1919,43.0568],[-0.1857,43.0568],[-0.182,43.0525],[-0.1899,43.0522],[-0.196,43.0474],[-0.2,43.0428],[-0.2059,43.0414],[-0.2103,43.0415],[-0.2107,43.0397],[-0.2142,43.0362],[-0.2239,43.0337],[-0.2301,43.0375],[-0.2326,43.0378],[-0.2385,43.0398],[-0.2537,43.0394],[-0.2584,43.0382],[-0.2607,43.0386],[-0.2604,43.038],[-0.26,43.0351],[-0.261,43.0331],[-0.2563,43.0299],[-0.2559,43.023],[-0.2592,43.0194],[-0.2594,43.0137],[-0.2648,43.0101],[-0.2668,43.0084],[-0.2708,43.008],[-0.2758,43.006],[-0.2808,43.0061],[-0.2876,43.0055],[-0.2891,42.9976],[-0.2932,42.9925],[-0.2912,42.989],[-0.2924,42.9872],[-0.2899,42.9783],[-0.2913,42.9761],[-0.2898,42.9744],[-0.2872,42.967],[-0.2882,42.9634],[-0.2909,42.9608],[-0.2884,42.9594],[-0.2866,42.957],[-0.2836,42.9562],[-0.2824,42.9517],[-0.2816,42.9458],[-0.2793,42.9423],[-0.2791,42.9392],[-0.2816,42.9336],[-0.2846,42.9304],[-0.29,42.9291],[-0.2978,42.931],[-0.3034,42.9273],[-0.308,42.9265],[-0.3109,42.9204],[-0.3107,42.919],[-0.3151,42.9176],[-0.3207,42.918],[-0.3269,42.9169],[-0.3241,42.907],[-0.3253,42.9044],[-0.3203,42.9],[-0.3206,42.8988],[-0.3162,42.8966],[-0.3153,42.8926],[-0.3154,42.889],[-0.3172,42.8868],[-0.3151,42.8835],[-0.3159,42.8822],[-0.3131,42.88],[-0.313,42.8785],[-0.309,42.8745],[-0.3071,42.87],[-0.307,42.8682],[-0.3091,42.867],[-0.3111,42.8618],[-0.31,42.8551],[-0.3133,42.8494],[-0.3148,42.8465],[-0.3177,42.8436],[-0.3195,42.843],[-0.3219,42.8393],[-0.3218,42.8369],[-0.3244,42.8346],[-0.3313,42.8342],[-0.3337,42.8376],[-0.3432,42.8364],[-0.3469,42.8378],[-0.3483,42.8351],[-0.3512,42.8338],[-0.3556,42.8304],[-0.3554,42.8279],[-0.3584,42.8259],[-0.3603,42.8222],[-0.3639,42.8206],[-0.3645,42.8166],[-0.3683,42.8137],[-0.3713,42.8124],[-0.3751,42.8119],[-0.3789,42.8101],[-0.3833,42.8069],[-0.3835,42.801],[-0.3906,42.8003],[-0.3943,42.8009],[-0.3975,42.8029],[-0.402,42.8033],[-0.4071,42.8055],[-0.4078,42.8077],[-0.4109,42.8088],[-0.414,42.8068],[-0.4197,42.8056],[-0.4206,42.803],[-0.4253,42.8027],[-0.4288,42.7995],[-0.4346,42.7986],[-0.4387,42.7974],[-0.4402,42.7956],[-0.444,42.7961],[-0.4453,42.7981],[-0.4481,42.7994],[-0.4489,42.8018],[-0.4531,42.8041],[-0.4576,42.8036],[-0.461,42.8041],[-0.4662,42.8067],[-0.4694,42.8077],[-0.4782,42.8095],[-0.4792,42.8123],[-0.4834,42.8158],[-0.4883,42.817],[-0.4922,42.8168],[-0.4985,42.8208],[-0.4992,42.8254],[-0.5012,42.8278],[-0.5048,42.8275],[-0.5107,42.8249],[-0.5132,42.8223],[-0.5138,42.8188],[-0.5188,42.8172],[-0.522,42.8148],[-0.5219,42.8134],[-0.5251,42.8121],[-0.5261,42.8097],[-0.5245,42.8062],[-0.5249,42.8027],[-0.5232,42.8014],[-0.5229,42.799],[-0.5297,42.7917],[-0.5369,42.7924],[-0.5411,42.7935],[-0.5436,42.7932],[-0.5455,42.7891],[-0.5518,42.7779],[-0.5536,42.7793],[-0.5595,42.7796],[-0.5622,42.7806],[-0.5676,42.7808],[-0.5705,42.783],[-0.5697,42.7851],[-0.5707,42.7906],[-0.5678,42.7931],[-0.5648,42.7983],[-0.5661,42.8037],[-0.5692,42.8069],[-0.5767,42.8082],[-0.5805,42.8046],[-0.5874,42.8047],[-0.591,42.8025],[-0.5944,42.8047],[-0.5983,42.8049],[-0.6009,42.8063],[-0.5997,42.808],[-0.5996,42.8135],[-0.5983,42.8141],[-0.5997,42.8182],[-0.6015,42.821],[-0.6015,42.8247],[-0.604,42.8261],[-0.6041,42.8283],[-0.6018,42.8289],[-0.6032,42.8324],[-0.606,42.833],[-0.6091,42.8348],[-0.6149,42.8357],[-0.6197,42.838],[-0.6239,42.8413],[-0.6271,42.845],[-0.631,42.8481],[-0.6326,42.8514],[-0.6361,42.8533],[-0.6431,42.8538],[-0.6487,42.8552],[-0.6558,42.8585],[-0.6569,42.8601],[-0.6611,42.8634],[-0.6622,42.8659],[-0.6618,42.8686],[-0.6627,42.8707],[-0.6658,42.8735],[-0.6671,42.8765],[-0.6696,42.8767],[-0.6732,42.8796],[-0.6756,42.88],[-0.6762,42.8824],[-0.6787,42.8845],[-0.6812,42.8827],[-0.6828,42.8835],[-0.6863,42.883],[-0.6899,42.8811],[-0.693,42.8808],[-0.695,42.8791],[-0.6988,42.879],[-0.7007,42.8818],[-0.7047,42.8845],[-0.7089,42.8842],[-0.7153,42.8866],[-0.7181,42.8865],[-0.7211,42.8888],[-0.7236,42.8896],[-0.7258,42.8924],[-0.7279,42.8933],[-0.7291,42.8963],[-0.7317,42.896],[-0.733,42.8987],[-0.7318,42.8997],[-0.732,42.9035],[-0.7342,42.9053],[-0.7331,42.9086],[-0.7336,42.9108],[-0.736,42.9136],[-0.7326,42.9149],[-0.7301,42.9173],[-0.7269,42.9175],[-0.7254,42.9196],[-0.7255,42.9231],[-0.7276,42.926],[-0.7323,42.9281],[-0.7317,42.9315],[-0.7333,42.9325],[-0.7307,42.9362],[-0.7307,42.9387],[-0.7341,42.9398],[-0.7304,42.9453],[-0.7329,42.947],[-0.7372,42.9475],[-0.7406,42.9488],[-0.7448,42.9524],[-0.7452,42.9573],[-0.7468,42.9579],[-0.7482,42.9619],[-0.7495,42.9625],[-0.7518,42.9675],[-0.757,42.9685],[-0.7588,42.9676],[-0.7635,42.9681],[-0.7674,42.9692],[-0.7721,42.9657],[-0.7761,42.9649],[-0.7838,42.9645],[-0.7876,42.9643],[-0.7932,42.963],[-0.794,42.9614],[-0.8053,42.9565],[-0.8053,42.9553],[-0.8105,42.9513],[-0.8226,42.9512],[-0.8274,42.9526],[-0.832,42.9525],[-0.8373,42.9543],[-0.8393,42.9528],[-0.8447,42.9523],[-0.8458,42.9515],[-0.8548,42.9521],[-0.8603,42.9507],[-0.8639,42.9508],[-0.8681,42.952],[-0.8732,42.9543],[-0.8784,42.9543],[-0.8847,42.9559],[-0.8957,42.9555],[-0.8971,42.9562],[-0.8974,42.9595],[-0.8988,42.9612],[-0.9025,42.9632],[-0.9084,42.9645],[-0.9141,42.9639],[-0.9204,42.9579],[-0.9212,42.9553],[-0.9257,42.9539],[-0.9287,42.954],[-0.9341,42.9527],[-0.9394,42.9537],[-0.9452,42.9534],[-0.9519,42.9576],[-0.958,42.9603],[-0.9616,42.961],[-0.9681,42.9611],[-0.9749,42.9634],[-0.9768,42.9674],[-0.9814,42.9707],[-0.9894,42.9726],[-0.9971,42.9754],[-1.0002,42.9778],[-1.0023,42.9826],[-1.0052,42.9856],[-1.0062,42.9888],[-1.0102,42.9919],[-1.0162,42.9934],[-1.0167,42.995],[-1.0223,42.9928],[-1.0266,42.9919],[-1.0335,42.9947],[-1.0415,42.9957],[-1.0486,42.996],[-1.0533,42.997],[-1.059,42.996],[-1.0637,42.9974],[-1.0697,42.9981],[-1.0815,43.0008],[-1.0864,43.0028],[-1.0847,43.0043],[-1.0857,43.0068],[-1.0835,43.0113],[-1.0887,43.0111],[-1.0934,43.0118],[-1.1058,43.0166],[-1.1105,43.0199],[-1.115,43.024],[-1.1163,43.0219],[-1.1221,43.0172],[-1.1224,43.0152],[-1.1287,43.0139],[-1.1319,43.0117],[-1.1341,43.0083],[-1.1398,43.0095],[-1.141,43.008],[-1.1445,43.0135],[-1.1444,43.024],[-1.1528,43.029],[-1.1552,43.0294],[-1.1611,43.0333],[-1.174,43.0376],[-1.1743,43.0346],[-1.181,43.0326],[-1.1824,43.0336],[-1.1999,43.0434],[-1.2118,43.0497],[-1.2126,43.0515],[-1.2192,43.0532],[-1.2297,43.0555],[-1.2405,43.047],[-1.2476,43.0426],[-1.25,43.0423],[-1.2562,43.0437],[-1.2627,43.0438],[-1.264,43.0445],[-1.2654,43.0481],[-1.2686,43.0506],[-1.2709,43.0551],[-1.2734,43.0553],[-1.2794,43.0584],[-1.2833,43.0612],[-1.2885,43.0638],[-1.2948,43.0637],[-1.298,43.0671],[-1.3044,43.0677],[-1.3092,43.0689],[-1.3087,43.073],[-1.3062,43.0755],[-1.3051,43.0788],[-1.3058,43.0803],[-1.3017,43.0861],[-1.302,43.0876],[-1.2991,43.0914],[-1.2998,43.0921],[-1.2971,43.0954],[-1.2953,43.0956],[-1.2923,43.1006],[-1.2896,43.1017],[-1.289,43.1041],[-1.2864,43.1043],[-1.2827,43.1087],[-1.2765,43.1131],[-1.2744,43.1136],[-1.27,43.1183],[-1.2786,43.1187],[-1.2865,43.1165],[-1.2924,43.1155],[-1.2943,43.1161],[-1.3018,43.1151],[-1.3038,43.1155],[-1.3114,43.1134],[-1.3211,43.1127],[-1.3287,43.1085],[-1.3324,43.1078],[-1.3339,43.1028],[-1.3387,43.1004],[-1.3414,43.0967],[-1.3448,43.0944],[-1.3461,43.0905],[-1.3427,43.0836],[-1.3402,43.0811],[-1.3416,43.0797],[-1.342,43.0758],[-1.3442,43.0732],[-1.3437,43.0623],[-1.3452,43.0564],[-1.343,43.0544],[-1.3469,43.047],[-1.3485,43.0424],[-1.3488,43.0389],[-1.3517,43.0342],[-1.3518,43.0324],[-1.3539,43.0283],[-1.3655,43.0307],[-1.3769,43.0329],[-1.4039,43.0386],[-1.4303,43.0439],[-1.4412,43.0463],[-1.4466,43.053],[-1.4488,43.0547],[-1.4561,43.0632],[-1.4598,43.0671],[-1.4716,43.0808],[-1.472,43.0842],[-1.4732,43.0867],[-1.4713,43.0894],[-1.47,43.0933],[-1.4679,43.0942],[-1.4634,43.098],[-1.4579,43.0989],[-1.4517,43.1017],[-1.4501,43.1045],[-1.4408,43.1076],[-1.4434,43.1116],[-1.4372,43.1126],[-1.4348,43.1148],[-1.4272,43.1168],[-1.4266,43.1216],[-1.4244,43.125],[-1.4212,43.1249],[-1.4202,43.1264],[-1.4148,43.1275],[-1.415,43.1354],[-1.412,43.1382],[-1.4102,43.1424],[-1.4164,43.1492],[-1.4076,43.1555],[-1.4022,43.1557],[-1.4023,43.1582],[-1.4044,43.1622],[-1.4028,43.1674],[-1.4034,43.1723],[-1.4021,43.1752],[-1.4023,43.1775],[-1.3984,43.1816],[-1.3909,43.1863],[-1.3829,43.1875],[-1.3816,43.1896],[-1.3847,43.1912],[-1.3866,43.1942],[-1.3859,43.1971],[-1.3831,43.1997],[-1.3852,43.2087],[-1.384,43.2115],[-1.3806,43.2147],[-1.3823,43.2159],[-1.3844,43.2214],[-1.3819,43.2258],[-1.3799,43.2261],[-1.3777,43.2298],[-1.3783,43.2351],[-1.3816,43.2445],[-1.3825,43.2531],[-1.3856,43.2549],[-1.3884,43.2585],[-1.3911,43.26],[-1.3991,43.266],[-1.4024,43.2677],[-1.403,43.2692],[-1.4069,43.2718],[-1.4105,43.2719],[-1.4132,43.2735],[-1.4166,43.2726],[-1.4206,43.2692],[-1.4271,43.2671],[-1.4385,43.2666],[-1.446,43.269],[-1.451,43.2699],[-1.4543,43.2715],[-1.4621,43.2714],[-1.4685,43.2732],[-1.4738,43.2761],[-1.4772,43.2769],[-1.4822,43.2811],[-1.4825,43.2832],[-1.4873,43.2815],[-1.4916,43.2811],[-1.4984,43.2854],[-1.499,43.2874],[-1.5023,43.2883],[-1.504,43.2919],[-1.506,43.2935],[-1.5141,43.2942],[-1.5211,43.2933],[-1.529,43.2934],[-1.5353,43.2947],[-1.5398,43.2916],[-1.5442,43.2924],[-1.552,43.2919],[-1.5564,43.2911],[-1.565,43.288],[-1.5637,43.2847],[-1.5601,43.2842],[-1.5571,43.2795],[-1.5584,43.2763],[-1.5605,43.2754],[-1.5607,43.2726],[-1.5634,43.27],[-1.5644,43.2669],[-1.5686,43.2574],[-1.5752,43.2499],[-1.5777,43.2509],[-1.5812,43.2536],[-1.5856,43.2523],[-1.5868,43.2534],[-1.5901,43.2534],[-1.5931,43.2544],[-1.6,43.2545],[-1.6028,43.2533],[-1.6088,43.2519],[-1.6106,43.2548],[-1.6141,43.2553],[-1.6179,43.2581],[-1.6173,43.2588],[-1.6217,43.2636],[-1.6235,43.2706],[-1.6255,43.2705],[-1.6281,43.2807],[-1.6307,43.285],[-1.6286,43.2924],[-1.6271,43.2949],[-1.6223,43.2996],[-1.6239,43.3057],[-1.6265,43.3069],[-1.6326,43.3072],[-1.6354,43.309],[-1.6441,43.3066],[-1.652,43.3096],[-1.6547,43.3125],[-1.659,43.3136],[-1.6649,43.3138],[-1.6684,43.3148],[-1.6743,43.3119],[-1.6801,43.3102],[-1.6824,43.3107],[-1.6856,43.3094],[-1.69,43.3114],[-1.6954,43.3123],[-1.6998,43.3097],[-1.7035,43.3092],[-1.7087,43.3056],[-1.7099,43.3026],[-1.7138,43.2999],[-1.7203,43.3007],[-1.7237,43.2999],[-1.7252,43.2983],[-1.73,43.2958],[-1.7338,43.3033],[-1.7344,43.3074],[-1.7366,43.3108],[-1.7404,43.3118],[-1.7379,43.3139],[-1.7416,43.3164],[-1.7383,43.3207],[-1.7372,43.3234],[-1.7386,43.3258],[-1.7375,43.3303],[-1.7412,43.3316],[-1.7488,43.3309],[-1.7521,43.3328],[-1.7529,43.3348],[-1.7518,43.3375],[-1.7533,43.3413],[-1.7586,43.3441],[-1.7609,43.3441],[-1.762,43.3441],[-1.769,43.3422],[-1.7719,43.3423],[-1.7759,43.3439],[-1.7781,43.3481],[-1.7838,43.3486],[-1.7875,43.3518],[-1.7892,43.3546],[-1.7886,43.3568],[-1.7829,43.362],[-1.7877,43.3639],[-1.7906,43.3668],[-1.7924,43.3706],[-1.792,43.3728],[-1.7888,43.3784],[-1.7869,43.3779],[-1.7888,43.3741],[-1.7856,43.3732],[-1.7772,43.3729],[-1.7647,43.3753],[-1.7566,43.3787],[-1.7547,43.3824],[-1.752,43.3848],[-1.7495,43.3837],[-1.7493,43.3812],[-1.7456,43.3811],[-1.7433,43.3796],[-1.74,43.3795],[-1.737,43.3811],[-1.7332,43.3801],[-1.7314,43.3823],[-1.7295,43.3819],[-1.7248,43.385],[-1.719,43.3858],[-1.7102,43.3882],[-1.7091,43.3895],[-1.705,43.3903],[-1.7012,43.3919],[-1.6958,43.3928],[-1.6941,43.394],[-1.6891,43.3947],[-1.6853,43.3957],[-1.6823,43.3895],[-1.6772,43.3883],[-1.6729,43.3888],[-1.67,43.388],[-1.6672,43.3881],[-1.6624,43.3908],[-1.6601,43.3942],[-1.6608,43.3975],[-1.6648,43.3995],[-1.6574,43.4042],[-1.6502,43.4056],[-1.6458,43.4048],[-1.6391,43.4082],[-1.6373,43.4097],[-1.6369,43.4122],[-1.6316,43.4124],[-1.628,43.4145],[-1.6285,43.4175],[-1.6262,43.4175],[-1.6228,43.4212],[-1.6199,43.4204],[-1.6203,43.4218],[-1.6182,43.4244],[-1.6132,43.4261],[-1.6085,43.427],[-1.602,43.4308],[-1.5968,43.4361],[-1.5912,43.4451],[-1.5852,43.4514],[-1.5821,43.4562],[-1.5771,43.4627],[-1.5748,43.4669],[-1.5724,43.4688],[-1.5683,43.4744],[-1.5664,43.4801],[-1.5677,43.4827],[-1.5611,43.4837],[-1.5586,43.4853],[-1.5504,43.4929],[-1.5487,43.4931],[-1.5459,43.4954],[-1.5413,43.5028],[-1.5401,43.5035],[-1.5376,43.5086],[-1.5302,43.5169],[-1.5243,43.5261],[-1.5237,43.5287],[-1.5212,43.5288],[-1.5219,43.5311],[-1.5079,43.5504],[-1.5052,43.5537],[-1.4937,43.5705],[-1.4826,43.5864],[-1.4754,43.5967],[-1.4665,43.6102],[-1.4633,43.6144],[-1.4568,43.6243],[-1.4492,43.6379],[-1.4453,43.647],[-1.4468,43.6511],[-1.4455,43.655],[-1.4475,43.6554],[-1.4463,43.6584],[-1.443,43.6656],[-1.4415,43.6765],[-1.4414,43.6836],[-1.4416,43.6861],[-1.4397,43.6996],[-1.4364,43.7137],[-1.4338,43.7212],[-1.4323,43.7284],[-1.4301,43.7359],[-1.4281,43.7416],[-1.4253,43.7513],[-1.4218,43.7661],[-1.4154,43.7853],[-1.4103,43.7832],[-1.4119,43.785],[-1.4143,43.7853],[-1.4155,43.7871],[-1.4122,43.798],[-1.4081,43.8086],[-1.4047,43.8194],[-1.4048,43.8206],[-1.3996,43.8363],[-1.3973,43.8433],[-1.3973,43.845],[-1.3935,43.8546],[-1.3908,43.8551],[-1.3903,43.8569],[-1.3917,43.8613],[-1.3875,43.8735],[-1.3868,43.8773],[-1.3842,43.8844],[-1.3831,43.8888],[-1.3805,43.8959],[-1.3802,43.8982],[-1.377,43.9077],[-1.3734,43.9224],[-1.3716,43.9275],[-1.3694,43.9372],[-1.3667,43.9456],[-1.3658,43.9515],[-1.3629,43.9592],[-1.3597,43.9733],[-1.3557,43.9893],[-1.3527,43.9987],[-1.3513,44.0014],[-1.3512,44.0032],[-1.3486,44.011],[-1.348,44.0164],[-1.3464,44.0208],[-1.3415,44.0395],[-1.3387,44.0478],[-1.3384,44.05],[-1.3354,44.061],[-1.3302,44.0769],[-1.3294,44.0816],[-1.3259,44.0891],[-1.3183,44.086],[-1.3133,44.0847],[-1.3101,44.0861],[-1.3123,44.0856],[-1.3248,44.0899],[-1.3274,44.0903],[-1.3195,44.1182],[-1.317,44.1289],[-1.3131,44.1411],[-1.3096,44.159],[-1.3084,44.1618],[-1.3078,44.1689],[-1.305,44.1805],[-1.3026,44.1966],[-1.3015,44.2021],[-1.2987,44.2114],[-1.2996,44.2121],[-1.2986,44.2185],[-1.2926,44.246],[-1.2931,44.2475],[-1.2905,44.2577],[-1.2906,44.2597],[-1.2882,44.2684],[-1.2879,44.271],[-1.2877,44.2752],[-1.2859,44.282],[-1.2831,44.295],[-1.2833,44.2969],[-1.2812,44.3076],[-1.2801,44.3134],[-1.2775,44.3241],[-1.2757,44.3358],[-1.2743,44.3443],[-1.2731,44.3475],[-1.2734,44.3498],[-1.2718,44.3565],[-1.2684,44.3754],[-1.2689,44.3762],[-1.2654,44.3924],[-1.2657,44.3935],[-1.2634,44.404],[-1.2637,44.4053],[-1.2621,44.4132],[-1.2601,44.4252],[-1.2592,44.4291],[-1.259,44.4344],[-1.2573,44.4417],[-1.2567,44.4475],[-1.2554,44.454],[-1.2537,44.4675],[-1.2519,44.4801],[-1.2502,44.4896],[-1.2501,44.4992],[-1.2513,44.5056],[-1.2548,44.519],[-1.2577,44.5253],[-1.2573,44.5296],[-1.2554,44.5364],[-1.2519,44.5423],[-1.25,44.5465],[-1.2426,44.5584],[-1.2374,44.5647],[-1.2375,44.5662],[-1.2326,44.5697],[-1.2243,44.5784],[-1.2153,44.5941],[-1.2108,44.6],[-1.2118,44.6013],[-1.2074,44.6088],[-1.2046,44.6149],[-1.2033,44.6241],[-1.2045,44.6387],[-1.2032,44.6429],[-1.1977,44.649],[-1.1958,44.6542],[-1.1957,44.657],[-1.1942,44.6593],[-1.1895,44.6617],[-1.1807,44.6638],[-1.1714,44.6635],[-1.1658,44.6639],[-1.1561,44.6626],[-1.1522,44.6605],[-1.1512,44.659],[-1.1475,44.6585],[-1.1438,44.6569],[-1.1391,44.6537],[-1.142,44.6519],[-1.1457,44.6509],[-1.1479,44.6489],[-1.1459,44.6457],[-1.1399,44.6483],[-1.1381,44.6477],[-1.1181,44.6474],[-1.1181,44.6436],[-1.1196,44.6412],[-1.1188,44.6395],[-1.1173,44.6399],[-1.1168,44.6437],[-1.1155,44.6455],[-1.1037,44.644],[-1.1023,44.6464],[-1.0951,44.6447],[-1.0959,44.6422],[-1.0896,44.6412],[-1.0872,44.6418],[-1.0804,44.641],[-1.0768,44.6418],[-1.0744,44.6411],[-1.0715,44.6418],[-1.0733,44.6445],[-1.0685,44.6453],[-1.0599,44.6461],[-1.0562,44.645],[-1.0506,44.6446],[-1.0515,44.6462],[-1.0499,44.6481],[-1.0442,44.6479],[-1.042,44.6527],[-1.0392,44.6539],[-1.0373,44.6522],[-1.0356,44.6488],[-1.0288,44.648],[-1.0259,44.6507],[-1.021,44.6475],[-1.0183,44.6494],[-1.0141,44.6489],[-1.0085,44.6505],[-1.0058,44.6492],[-1.0025,44.6445],[-1.0005,44.6432],[-1.0005,44.6464],[-1.0037,44.6471],[-1.005,44.6492],[-1.011,44.6532],[-1.0139,44.6597],[-1.0187,44.6639],[-1.018,44.6682],[-1.0223,44.6737],[-1.0284,44.6768],[-1.0315,44.6795],[-1.036,44.6779],[-1.0382,44.679],[-1.039,44.685],[-1.0432,44.6836],[-1.0474,44.6836],[-1.0503,44.6823],[-1.0589,44.6877],[-1.0583,44.6892],[-1.0692,44.6962],[-1.0637,44.6974],[-1.058,44.694],[-1.0552,44.6941],[-1.0532,44.6954],[-1.0505,44.6953],[-1.0491,44.6927],[-1.0461,44.6922],[-1.043,44.6929],[-1.0378,44.6923],[-1.037,44.694],[-1.0395,44.6957],[-1.044,44.6964],[-1.0454,44.7002],[-1.051,44.7017],[-1.0535,44.7036],[-1.0525,44.7056],[-1.0569,44.7088],[-1.0612,44.7105],[-1.0668,44.7135],[-1.0693,44.7159],[-1.074,44.7191],[-1.0769,44.7223],[-1.0784,44.7226],[-1.0821,44.7251],[-1.0865,44.7263],[-1.0925,44.7337],[-1.0963,44.7372],[-1.0992,44.7383],[-1.1016,44.7404],[-1.1065,44.7429],[-1.1099,44.7427],[-1.113,44.7444],[-1.1178,44.7442],[-1.1192,44.7455],[-1.1207,44.7493],[-1.1228,44.7515],[-1.1251,44.7505],[-1.1299,44.7519],[-1.1371,44.7576],[-1.1423,44.7611],[-1.1483,44.7624],[-1.1505,44.7645],[-1.1502,44.7667],[-1.1554,44.7703],[-1.1589,44.7717],[-1.161,44.7755],[-1.1642,44.7748],[-1.1671,44.7753],[-1.1689,44.7741],[-1.1688,44.7711],[-1.1709,44.7699],[-1.1716,44.7674],[-1.1762,44.7637],[-1.1781,44.7596],[-1.1799,44.7579],[-1.1779,44.756],[-1.1749,44.7556],[-1.1726,44.7502],[-1.173,44.7456],[-1.1809,44.7439],[-1.1856,44.7383],[-1.1901,44.7372],[-1.1922,44.7339],[-1.1899,44.733],[-1.1911,44.7307],[-1.1953,44.728],[-1.1976,44.7246],[-1.2045,44.7213],[-1.2045,44.7177],[-1.2099,44.7158],[-1.2096,44.7149],[-1.2185,44.7109],[-1.2229,44.7098],[-1.224,44.708],[-1.2219,44.7063],[-1.2243,44.7038],[-1.2292,44.7005],[-1.2293,44.697],[-1.2324,44.694],[-1.2319,44.6917],[-1.2371,44.6823],[-1.2387,44.6755],[-1.2401,44.6669],[-1.2389,44.6583],[-1.2414,44.6527],[-1.2447,44.648],[-1.246,44.6416],[-1.2458,44.6375],[-1.2476,44.6359],[-1.2463,44.6326],[-1.2436,44.6303],[-1.2429,44.6284],[-1.2448,44.6264],[-1.2442,44.624],[-1.2455,44.6215],[-1.2519,44.622],[-1.2566,44.6246],[-1.2585,44.6279],[-1.2599,44.6322],[-1.261,44.6391],[-1.2608,44.6442],[-1.2589,44.6581],[-1.2579,44.6692],[-1.2562,44.6803],[-1.2559,44.684],[-1.2546,44.6911],[-1.2541,44.6971],[-1.2531,44.7011],[-1.252,44.7097],[-1.2486,44.7259],[-1.2457,44.7425],[-1.2438,44.7502],[-1.2415,44.7617],[-1.2389,44.7762],[-1.2368,44.7857],[-1.2338,44.8036],[-1.2327,44.809],[-1.229,44.8299],[-1.2258,44.8447],[-1.2226,44.8646],[-1.2202,44.8818],[-1.2142,44.9208],[-1.2117,44.9341],[-1.2105,44.9434],[-1.2091,44.9508],[-1.2068,44.9659],[-1.2029,44.995],[-1.2023,45.0029],[-1.2016,45.0067],[-1.1978,45.04],[-1.1942,45.0683],[-1.1923,45.084],[-1.1914,45.09],[-1.19,45.1026],[-1.1867,45.1285],[-1.1832,45.1516],[-1.1807,45.166],[-1.1788,45.1815],[-1.1769,45.1922],[-1.1736,45.2133],[-1.1702,45.2402],[-1.1688,45.25],[-1.1671,45.2625],[-1.1639,45.2827],[-1.1633,45.2851],[-1.1611,45.3023],[-1.161,45.3152],[-1.1602,45.3206],[-1.1584,45.3578],[-1.1593,45.3677],[-1.1592,45.3746],[-1.1599,45.3904],[-1.1597,45.398],[-1.1603,45.4057],[-1.1603,45.4097],[-1.1594,45.4161],[-1.1546,45.4287],[-1.153,45.4347],[-1.1506,45.4403],[-1.1506,45.4513],[-1.1523,45.46],[-1.1548,45.4675],[-1.1549,45.4699],[-1.1517,45.4765],[-1.1517,45.4836],[-1.1506,45.4867],[-1.1482,45.4885],[-1.1419,45.4958],[-1.1372,45.5041],[-1.1313,45.5137],[-1.1285,45.5168],[-1.1224,45.5206],[-1.1167,45.5252],[-1.1118,45.5313],[-1.1088,45.534],[-1.1042,45.5395],[-1.1009,45.5406],[-1.0985,45.5454],[-1.0979,45.5531],[-1.093,45.5638],[-1.0905,45.5664],[-1.0814,45.5686],[-1.0779,45.5675],[-1.0748,45.5691],[-1.0614,45.5725],[-1.0263,45.5752],[-0.9929,45.5777],[-0.9907,45.5794],[-0.9886,45.5831],[-0.9894,45.5879],[-0.9919,45.5935],[-0.9953,45.5983],[-0.9999,45.601],[-1.0022,45.5994],[-1.0076,45.5997],[-1.0101,45.5987],[-1.0131,45.6005],[-1.0139,45.6036],[-1.0092,45.6067],[-1.0103,45.612],[-1.013,45.6157],[-1.0192,45.6206],[-1.0252,45.6233],[-1.0306,45.6202],[-1.0308,45.6184],[-1.0346,45.6195],[-1.0357,45.6182],[-1.0429,45.6181],[-1.0434,45.62],[-1.0491,45.6203],[-1.0527,45.6226],[-1.0507,45.6261],[-1.0542,45.6274],[-1.0564,45.6251],[-1.0625,45.6276],[-1.064,45.63],[-1.0675,45.6306],[-1.0708,45.633],[-1.0775,45.6353],[-1.0763,45.6385],[-1.0778,45.6389],[-1.0819,45.6365],[-1.0877,45.6388],[-1.0881,45.6417],[-1.0921,45.6398],[-1.0973,45.6405],[-1.0997,45.644],[-1.1034,45.6455],[-1.105,45.6445],[-1.1116,45.6467],[-1.1156,45.6469],[-1.1166,45.6482],[-1.1245,45.6519],[-1.1242,45.6528],[-1.1316,45.6577],[-1.1364,45.6602],[-1.1472,45.6676],[-1.1573,45.6735],[-1.162,45.6757],[-1.1656,45.6749],[-1.174,45.6787],[-1.1823,45.6832],[-1.1839,45.6851],[-1.1867,45.6857],[-1.1965,45.6919],[-1.2014,45.6927],[-1.1998,45.6946],[-1.2047,45.6963],[-1.2145,45.6972],[-1.2216,45.6957],[-1.2303,45.6935],[-1.2309,45.6922],[-1.2297,45.6887],[-1.2282,45.6879],[-1.2241,45.6809],[-1.2204,45.6781],[-1.2158,45.6773],[-1.2167,45.6756],[-1.2156,45.6737],[-1.2125,45.6729],[-1.202,45.6739],[-1.1968,45.6748],[-1.1907,45.6776],[-1.1855,45.6766],[-1.1855,45.6754],[-1.193,45.6751],[-1.2006,45.6727],[-1.2084,45.671],[-1.2134,45.671],[-1.2166,45.6717],[-1.2261,45.6727],[-1.2286,45.6751],[-1.2307,45.6788],[-1.2331,45.6868],[-1.2347,45.6936],[-1.2378,45.7059],[-1.2385,45.7098],[-1.2388,45.7201],[-1.2396,45.7272],[-1.2399,45.7401],[-1.2409,45.7532],[-1.2422,45.7628],[-1.2433,45.765],[-1.2445,45.7723],[-1.2436,45.7791],[-1.2406,45.7835],[-1.2361,45.7859],[-1.2243,45.7897],[-1.2175,45.7902],[-1.2119,45.7942],[-1.2039,45.7926],[-1.196,45.7895],[-1.19,45.7895],[-1.1857,45.7903],[-1.1795,45.793],[-1.1727,45.7948],[-1.1661,45.7991],[-1.1604,45.8013],[-1.1554,45.8025],[-1.1547,45.801],[-1.1507,45.8],[-1.1491,45.7978],[-1.1424,45.7971],[-1.1392,45.7989],[-1.1347,45.8014],[-1.1367,45.8139],[-1.1387,45.8181],[-1.1376,45.8204],[-1.14,45.8225],[-1.143,45.8254],[-1.1475,45.8277],[-1.1526,45.8321],[-1.1508,45.8353],[-1.1547,45.8379],[-1.1569,45.8423],[-1.1595,45.8439],[-1.163,45.8424],[-1.1678,45.8455],[-1.1682,45.8484],[-1.167,45.8497],[-1.1629,45.8491],[-1.1618,45.8508],[-1.1639,45.8526],[-1.1696,45.8549],[-1.1577,45.8534],[-1.1538,45.8514],[-1.1511,45.8518],[-1.1482,45.8549],[-1.1485,45.8568],[-1.1529,45.8575],[-1.1558,45.8614],[-1.1535,45.8623],[-1.1508,45.8612],[-1.1451,45.8615],[-1.1378,45.8607],[-1.1368,45.8586],[-1.13,45.8589],[-1.1253,45.8568],[-1.1212,45.8577],[-1.1173,45.8594],[-1.1174,45.8622],[-1.1128,45.8654],[-1.1116,45.8682],[-1.108,45.8685],[-1.1044,45.8659],[-1.1062,45.8694],[-1.1025,45.8745],[-1.1008,45.8793],[-1.0986,45.8789],[-1.0993,45.8813],[-1.0955,45.8844],[-1.0812,45.8989],[-1.0766,45.9058],[-1.073,45.9157],[-1.0745,45.9216],[-1.0747,45.9266],[-1.0759,45.9292],[-1.0762,45.9341],[-1.0774,45.9373],[-1.0804,45.9384],[-1.0867,45.9394],[-1.0904,45.9411],[-1.0955,45.942],[-1.1007,45.9451],[-1.0983,45.9462],[-1.0968,45.949],[-1.0892,45.9498],[-1.0825,45.9491],[-1.0782,45.9496],[-1.0771,45.9541],[-1.0761,45.9583],[-1.0811,45.9639],[-1.0823,45.9662],[-1.0834,45.9776],[-1.0862,45.9815],[-1.0915,45.9821],[-1.0941,45.9844],[-1.0963,45.9839],[-1.0994,45.9909],[-1.1018,45.9909],[-1.1045,45.9942],[-1.1038,45.9959],[-1.0986,45.9963],[-1.0972,45.9927],[-1.092,45.9923],[-1.0864,45.9949],[-1.0808,45.9967],[-1.0785,45.9959],[-1.0729,45.9963],[-1.0658,45.9943],[-1.0607,45.9941],[-1.0555,45.999],[-1.053,46.0038],[-1.0526,46.009],[-1.0532,46.0126],[-1.0576,46.0168],[-1.0587,46.0187],[-1.0612,46.0264],[-1.0606,46.0289],[-1.0566,46.0301],[-1.0562,46.0326],[-1.0572,46.0369],[-1.0591,46.0425],[-1.0626,46.0485],[-1.0786,46.0535],[-1.083,46.0529],[-1.0892,46.0539],[-1.0894,46.0584],[-1.0908,46.0604],[-1.0941,46.0627],[-1.0936,46.0705],[-1.0948,46.0783],[-1.0972,46.0837],[-1.1008,46.094],[-1.1033,46.095]],[[-0.0753,43.3072],[-0.0752,43.3072],[-0.0706,43.3101],[-0.0689,43.3126],[-0.0704,43.3139],[-0.0707,43.3174],[-0.0695,43.3193],[-0.0683,43.3282],[-0.0647,43.3333],[-0.0654,43.3345],[-0.0652,43.341],[-0.0631,43.3475],[-0.0633,43.3514],[-0.0648,43.3522],[-0.065,43.355],[-0.0697,43.3549],[-0.0702,43.3581],[-0.072,43.3613],[-0.0762,43.3631],[-0.0784,43.3652],[-0.0787,43.3652],[-0.0827,43.3665],[-0.0816,43.3686],[-0.085,43.3713],[-0.093,43.3741],[-0.1003,43.3736],[-0.1073,43.371],[-0.1065,43.3689],[-0.1071,43.3651],[-0.1061,43.3617],[-0.1044,43.3614],[-0.1031,43.3587],[-0.0992,43.3586],[-0.0942,43.3576],[-0.0902,43.3592],[-0.0901,43.3551],[-0.091,43.3511],[-0.0875,43.3509],[-0.0889,43.3465],[-0.0873,43.3452],[-0.088,43.3405],[-0.0867,43.3352],[-0.0876,43.3337],[-0.0927,43.3331],[-0.1006,43.3368],[-0.1086,43.3379],[-0.1106,43.3354],[-0.1154,43.3322],[-0.1163,43.3273],[-0.1146,43.325],[-0.1151,43.3222],[-0.1114,43.3184],[-0.1121,43.3166],[-0.1105,43.3124],[-0.1045,43.3121],[-0.0979,43.3138],[-0.093,43.3101],[-0.0829,43.3079],[-0.0753,43.3072]],[[-0.0848,43.2772],[-0.0863,43.2799],[-0.0921,43.2812],[-0.096,43.2855],[-0.0935,43.2926],[-0.0891,43.3012],[-0.0922,43.3007],[-0.0998,43.3039],[-0.11,43.31],[-0.1177,43.3077],[-0.12,43.3061],[-0.1223,43.3017],[-0.1265,43.2992],[-0.1252,43.2946],[-0.1278,43.2928],[-0.1297,43.2896],[-0.1375,43.2856],[-0.1352,43.2841],[-0.1372,43.2819],[-0.1386,43.2804],[-0.1384,43.2745],[-0.1405,43.2718],[-0.1397,43.2687],[-0.1361,43.2615],[-0.134,43.2589],[-0.1298,43.2563],[-0.1263,43.253],[-0.1241,43.2464],[-0.1221,43.2437],[-0.1217,43.2411],[-0.1096,43.2429],[-0.105,43.2431],[-0.1032,43.243],[-0.1042,43.2447],[-0.1041,43.2498],[-0.0987,43.2526],[-0.0944,43.2553],[-0.0928,43.252],[-0.0879,43.255],[-0.0846,43.2577],[-0.0798,43.2631],[-0.0794,43.2717],[-0.0818,43.275],[-0.0848,43.2772]]],[[[-1.4744,46.203],[-1.4891,46.2],[-1.4954,46.196],[-1.5019,46.1938],[-1.5051,46.1934],[-1.5112,46.1971],[-1.5165,46.1993],[-1.5223,46.2009],[-1.5298,46.2022],[-1.5347,46.2024],[-1.5362,46.206],[-1.5408,46.2131],[-1.5424,46.2184],[-1.5435,46.2199],[-1.5513,46.2285],[-1.5575,46.2331],[-1.561,46.2372],[-1.5624,46.2446],[-1.56,46.2451],[-1.5478,46.243],[-1.5399,46.2436],[-1.5301,46.2475],[-1.5235,46.2512],[-1.5183,46.2553],[-1.5119,46.2579],[-1.5049,46.257],[-1.5004,46.258],[-1.4943,46.2561],[-1.493,46.2546],[-1.4891,46.2533],[-1.4884,46.2504],[-1.4856,46.2485],[-1.4821,46.2473],[-1.4817,46.2402],[-1.4748,46.2345],[-1.4743,46.2327],[-1.481,46.2288],[-1.4847,46.2283],[-1.4911,46.2291],[-1.4947,46.2324],[-1.495,46.235],[-1.5001,46.2352],[-1.5017,46.2341],[-1.5002,46.2317],[-1.5044,46.229],[-1.5062,46.2266],[-1.5085,46.2267],[-1.5148,46.2351],[-1.5148,46.231],[-1.5159,46.2306],[-1.5119,46.2208],[-1.5094,46.2188],[-1.5086,46.2142],[-1.5001,46.2166],[-1.4965,46.2155],[-1.4937,46.213],[-1.494,46.2107],[-1.4963,46.2092],[-1.4935,46.2071],[-1.4888,46.2077],[-1.4879,46.2038],[-1.4862,46.2022],[-1.4836,46.2023],[-1.4856,46.2061],[-1.4853,46.2079],[-1.4828,46.2098],[-1.4804,46.2096],[-1.4771,46.2074],[-1.4805,46.2099],[-1.4754,46.2099],[-1.4788,46.211],[-1.4811,46.2127],[-1.4792,46.2149],[-1.4737,46.214],[-1.4667,46.2173],[-1.4655,46.2232],[-1.4591,46.2236],[-1.4562,46.2255],[-1.459,46.227],[-1.458,46.2285],[-1.4498,46.2283],[-1.4448,46.229],[-1.4383,46.229],[-1.4269,46.2302],[-1.4158,46.2305],[-1.4109,46.2294],[-1.4115,46.2263],[-1.4151,46.2274],[-1.4184,46.2256],[-1.4171,46.2213],[-1.4193,46.219],[-1.4241,46.2179],[-1.4318,46.2169],[-1.4341,46.2161],[-1.4376,46.2172],[-1.4409,46.2142],[-1.4374,46.2129],[-1.4394,46.2101],[-1.4349,46.2105],[-1.4291,46.2055],[-1.4173,46.2044],[-1.4132,46.2045],[-1.409,46.2034],[-1.4005,46.2033],[-1.3926,46.2034],[-1.3742,46.2059],[-1.3692,46.2062],[-1.3682,46.2075],[-1.3636,46.2064],[-1.3548,46.206],[-1.3536,46.2044],[-1.3499,46.2035],[-1.3423,46.2002],[-1.3375,46.1977],[-1.332,46.1928],[-1.3215,46.1872],[-1.3185,46.1868],[-1.306,46.1905],[-1.294,46.1879],[-1.2908,46.1856],[-1.2906,46.1836],[-1.2871,46.1805],[-1.2893,46.1781],[-1.2845,46.1732],[-1.2819,46.1708],[-1.2831,46.168],[-1.2815,46.1648],[-1.2765,46.1611],[-1.274,46.16],[-1.2688,46.1599],[-1.2632,46.1612],[-1.2567,46.1647],[-1.2543,46.1648],[-1.2544,46.162],[-1.2584,46.1605],[-1.2671,46.156],[-1.2746,46.1506],[-1.2787,46.1444],[-1.2839,46.1455],[-1.2886,46.145],[-1.3014,46.1444],[-1.3048,46.1432],[-1.3144,46.1439],[-1.3184,46.1454],[-1.3243,46.1459],[-1.3305,46.1499],[-1.337,46.1514],[-1.3424,46.1518],[-1.3499,46.1549],[-1.3539,46.1558],[-1.3635,46.1622],[-1.3702,46.1672],[-1.376,46.1694],[-1.3863,46.1748],[-1.3927,46.1776],[-1.4009,46.18],[-1.4125,46.1845],[-1.4219,46.1883],[-1.4313,46.1903],[-1.4381,46.1937],[-1.4583,46.2013],[-1.4676,46.2035],[-1.4744,46.203]]],[[[-1.2193,45.905],[-1.2146,45.9069],[-1.2112,45.9037],[-1.202,45.9006],[-1.2016,45.8964],[-1.1945,45.8902],[-1.1884,45.8864],[-1.1885,45.8838],[-1.1953,45.8836],[-1.1937,45.8809],[-1.1937,45.8768],[-1.1927,45.8745],[-1.1983,45.8689],[-1.1963,45.8631],[-1.201,45.8613],[-1.2036,45.8586],[-1.2026,45.8553],[-1.2051,45.8521],[-1.208,45.8507],[-1.2079,45.8491],[-1.2035,45.8458],[-1.2033,45.8419],[-1.2022,45.8384],[-1.1972,45.8319],[-1.1963,45.8285],[-1.2015,45.8272],[-1.2049,45.8249],[-1.2154,45.8154],[-1.2162,45.8137],[-1.2237,45.8113],[-1.2277,45.8069],[-1.2302,45.8077],[-1.2328,45.8034],[-1.2369,45.8065],[-1.2411,45.8117],[-1.2447,45.8203],[-1.2462,45.8256],[-1.2502,45.846],[-1.2517,45.8524],[-1.254,45.8586],[-1.2589,45.8685],[-1.2641,45.8765],[-1.2687,45.8814],[-1.2723,45.8828],[-1.2771,45.8861],[-1.2806,45.8874],[-1.2844,45.8924],[-1.29,45.8966],[-1.2915,45.8987],[-1.2955,45.9007],[-1.3007,45.9],[-1.305,45.9015],[-1.3145,45.9077],[-1.3179,45.9108],[-1.3251,45.9136],[-1.3284,45.9155],[-1.3298,45.9133],[-1.3362,45.9175],[-1.3411,45.919],[-1.347,45.924],[-1.3509,45.9251],[-1.3562,45.9294],[-1.3592,45.9329],[-1.3614,45.9341],[-1.3674,45.9388],[-1.3744,45.9438],[-1.3758,45.9457],[-1.3801,45.9506],[-1.3851,45.9522],[-1.3873,45.955],[-1.3879,45.9585],[-1.3864,45.9606],[-1.3871,45.9655],[-1.3902,45.9696],[-1.3905,45.9731],[-1.3952,45.977],[-1.3953,45.9784],[-1.3932,45.9822],[-1.3909,45.9844],[-1.3887,45.9889],[-1.3873,45.9968],[-1.3884,46.0011],[-1.3942,46.0105],[-1.3996,46.0158],[-1.4028,46.0241],[-1.4068,46.0314],[-1.4095,46.0399],[-1.4107,46.041],[-1.4111,46.0451],[-1.413,46.0466],[-1.4107,46.048],[-1.4073,46.0482],[-1.3993,46.0448],[-1.3954,46.0442],[-1.3914,46.0423],[-1.3838,46.0416],[-1.3744,46.0397],[-1.3699,46.0393],[-1.3723,46.0368],[-1.371,46.0356],[-1.372,46.0331],[-1.3674,46.0282],[-1.3633,46.0261],[-1.358,46.0248],[-1.3566,46.0236],[-1.3547,46.021],[-1.3508,46.0182],[-1.3456,46.0165],[-1.3449,46.0153],[-1.3359,46.0136],[-1.3356,46.0111],[-1.3283,46.0072],[-1.3281,46.0053],[-1.3237,46.002],[-1.3212,45.9982],[-1.3146,45.994],[-1.3103,45.9919],[-1.301,45.9895],[-1.2901,45.9882],[-1.2881,45.9874],[-1.2762,45.988],[-1.2672,45.9893],[-1.255,45.9904],[-1.2486,45.9904],[-1.2374,45.9864],[-1.2339,45.9812],[-1.2363,45.9767],[-1.238,45.9757],[-1.2346,45.9701],[-1.2387,45.9679],[-1.2404,45.9681],[-1.2444,45.9643],[-1.2369,45.9684],[-1.2377,45.965],[-1.2396,45.9637],[-1.2421,45.9588],[-1.2411,45.954],[-1.2385,45.9509],[-1.234,45.9469],[-1.2294,45.9435],[-1.2288,45.9404],[-1.2299,45.9372],[-1.229,45.9327],[-1.2315,45.93],[-1.2327,45.9262],[-1.2312,45.924],[-1.2291,45.9235],[-1.2294,45.9205],[-1.2243,45.9137],[-1.2156,45.9069],[-1.2193,45.905]]],[[[-1.1206,45.9608],[-1.1182,45.9619],[-1.114,45.962],[-1.1101,45.96],[-1.1063,45.9547],[-1.1096,45.9547],[-1.1142,45.9521],[-1.1166,45.9522],[-1.1173,45.9551],[-1.1201,45.9583],[-1.1206,45.9608]]],[[[-1.0325,44.6519],[-1.0309,44.6525],[-1.0286,44.656],[-1.0291,44.658],[-1.0253,44.6618],[-1.0213,44.6584],[-1.0162,44.6552],[-1.0131,44.6517],[-1.0145,44.6507],[-1.0208,44.6495],[-1.0216,44.6512],[-1.0257,44.6523],[-1.0298,44.6488],[-1.0322,44.6501],[-1.0325,44.6519]]],[[[-1.1887,44.7003],[-1.1866,44.7031],[-1.1845,44.7043],[-1.1817,44.7037],[-1.1763,44.7046],[-1.1706,44.7026],[-1.1679,44.7004],[-1.1688,44.6989],[-1.1663,44.696],[-1.1678,44.6944],[-1.1732,44.6928],[-1.1779,44.6936],[-1.1816,44.6928],[-1.1848,44.6938],[-1.1847,44.6965],[-1.1899,44.699],[-1.1887,44.7003]]],[[[-1.2573,44.5679],[-1.2558,44.5702],[-1.2393,44.5874],[-1.2347,44.5933],[-1.226,44.5988],[-1.2277,44.5951],[-1.232,44.5942],[-1.2361,44.5904],[-1.2359,44.5887],[-1.2392,44.5863],[-1.2455,44.577],[-1.252,44.5723],[-1.2514,44.5711],[-1.2459,44.5701],[-1.2456,44.5687],[-1.2481,44.5668],[-1.2542,44.5653],[-1.2573,44.5679]]]]}},{"type":"Feature","properties":{"code":"76","nom":"Occitanie","analysis_region_code":"76"},"geometry":{"type":"MultiPolygon","coordinates":[[[[1.7362,42.6152],[1.7335,42.6156],[1.7322,42.6143],[1.7284,42.6156],[1.7227,42.6165],[1.7201,42.6152],[1.7136,42.6146],[1.7097,42.6164],[1.7061,42.6192],[1.7005,42.6211],[1.6997,42.6224],[1.6945,42.6225],[1.6921,42.622],[1.6905,42.6233],[1.6834,42.625],[1.6804,42.6247],[1.6782,42.6224],[1.6751,42.6221],[1.6735,42.6207],[1.6682,42.6216],[1.6647,42.6201],[1.6569,42.621],[1.6529,42.6265],[1.6394,42.6281],[1.6372,42.6303],[1.6276,42.6264],[1.6224,42.6273],[1.6197,42.6259],[1.6165,42.6269],[1.6116,42.6267],[1.6078,42.6284],[1.6031,42.6255],[1.6005,42.6257],[1.5944,42.6326],[1.5925,42.6333],[1.5857,42.6334],[1.5806,42.6368],[1.5792,42.6388],[1.5792,42.6418],[1.576,42.6432],[1.5747,42.6479],[1.5684,42.6485],[1.565,42.6523],[1.5623,42.6536],[1.5582,42.652],[1.5528,42.6539],[1.5492,42.6559],[1.5381,42.6523],[1.536,42.6504],[1.5332,42.6498],[1.5286,42.6517],[1.5242,42.6494],[1.5222,42.6493],[1.52,42.646],[1.513,42.6461],[1.5066,42.6453],[1.4996,42.6457],[1.4939,42.6532],[1.4865,42.6516],[1.4843,42.652],[1.4787,42.6514],[1.4789,42.6486],[1.4771,42.6445],[1.478,42.6436],[1.4771,42.6406],[1.4721,42.6366],[1.4699,42.6356],[1.4684,42.6311],[1.471,42.6295],[1.4709,42.6246],[1.4737,42.6217],[1.4744,42.6187],[1.4775,42.6145],[1.473,42.6099],[1.4703,42.6087],[1.4691,42.6065],[1.4648,42.6069],[1.4632,42.6055],[1.4593,42.6045],[1.457,42.6023],[1.4506,42.6025],[1.4476,42.6038],[1.442,42.6037],[1.438,42.6028],[1.433,42.6085],[1.4291,42.6144],[1.4307,42.6174],[1.4279,42.6204],[1.4238,42.6221],[1.4204,42.6249],[1.4189,42.6327],[1.4164,42.6357],[1.4158,42.6391],[1.4171,42.6419],[1.4146,42.6439],[1.4136,42.6478],[1.4146,42.65],[1.4136,42.6516],[1.4137,42.6556],[1.4084,42.6573],[1.4068,42.6566],[1.4032,42.6589],[1.4013,42.6632],[1.4013,42.6648],[1.395,42.6688],[1.39,42.6682],[1.3875,42.6686],[1.3875,42.6704],[1.3896,42.6733],[1.3868,42.678],[1.3887,42.6797],[1.3876,42.6816],[1.3899,42.6851],[1.3873,42.6892],[1.3847,42.6908],[1.3808,42.6919],[1.3772,42.6945],[1.3725,42.6948],[1.37,42.6956],[1.3649,42.6947],[1.3616,42.6978],[1.3539,42.6997],[1.3509,42.703],[1.3525,42.7063],[1.3524,42.7111],[1.3541,42.7131],[1.3578,42.7152],[1.3574,42.7197],[1.3491,42.72],[1.3434,42.7189],[1.3404,42.7194],[1.338,42.7185],[1.3353,42.7241],[1.333,42.7248],[1.3252,42.7242],[1.3194,42.7209],[1.3169,42.719],[1.3142,42.7189],[1.3092,42.7177],[1.3072,42.7187],[1.303,42.7182],[1.2967,42.7195],[1.2917,42.7189],[1.2873,42.7167],[1.2854,42.7167],[1.2817,42.7148],[1.2782,42.7141],[1.2766,42.7175],[1.2748,42.7188],[1.2672,42.7179],[1.267,42.716],[1.2615,42.7152],[1.2594,42.7157],[1.2529,42.7145],[1.2503,42.7201],[1.2473,42.7226],[1.2427,42.723],[1.2408,42.7249],[1.238,42.7245],[1.2341,42.7252],[1.2327,42.7274],[1.2293,42.7278],[1.2238,42.7239],[1.2209,42.7233],[1.2168,42.7201],[1.21,42.721],[1.2059,42.7205],[1.2052,42.7194],[1.1998,42.7175],[1.1973,42.7178],[1.1924,42.7169],[1.189,42.7174],[1.188,42.716],[1.1819,42.7137],[1.1787,42.7132],[1.1765,42.7113],[1.1759,42.709],[1.1705,42.7079],[1.166,42.7089],[1.1638,42.7107],[1.1594,42.7126],[1.1564,42.7151],[1.1521,42.7171],[1.1513,42.7196],[1.1466,42.7223],[1.1442,42.7223],[1.1331,42.7285],[1.1328,42.7311],[1.1351,42.7359],[1.1342,42.7376],[1.1306,42.7395],[1.1313,42.7427],[1.1298,42.7458],[1.1326,42.7506],[1.1299,42.7523],[1.1289,42.7546],[1.1262,42.7573],[1.1218,42.7596],[1.1193,42.7634],[1.1128,42.7655],[1.1098,42.7657],[1.1093,42.7709],[1.1084,42.7719],[1.102,42.7725],[1.0942,42.775],[1.0874,42.7784],[1.0868,42.7804],[1.0837,42.7822],[1.0834,42.7848],[1.0787,42.7883],[1.0771,42.7881],[1.0734,42.7826],[1.0668,42.7827],[1.0651,42.7833],[1.0593,42.783],[1.0572,42.7819],[1.0535,42.7826],[1.0479,42.781],[1.0438,42.7811],[1.0427,42.7825],[1.0434,42.7854],[1.0386,42.787],[1.0354,42.7864],[1.033,42.7871],[1.0311,42.7849],[1.0281,42.7864],[1.0231,42.7865],[1.0195,42.7874],[1.017,42.7871],[1.0145,42.7886],[1.0113,42.7879],[1.0056,42.7908],[1.0018,42.7899],[0.9947,42.7869],[0.9829,42.7869],[0.9782,42.7901],[0.9786,42.7939],[0.9744,42.7973],[0.9681,42.7996],[0.966,42.8037],[0.96,42.8059],[0.9578,42.8033],[0.9542,42.8031],[0.95,42.8017],[0.947,42.8015],[0.9461,42.799],[0.9434,42.7989],[0.9381,42.7957],[0.9333,42.7897],[0.9307,42.7888],[0.9261,42.7894],[0.9172,42.7937],[0.9167,42.7956],[0.912,42.7968],[0.9075,42.7969],[0.9064,42.8011],[0.8995,42.8038],[0.8981,42.8063],[0.8921,42.8082],[0.8903,42.8104],[0.8852,42.8132],[0.8816,42.8138],[0.8799,42.815],[0.8766,42.8145],[0.8737,42.816],[0.8709,42.8156],[0.8625,42.8205],[0.8583,42.8239],[0.8581,42.8257],[0.8555,42.8269],[0.852,42.8267],[0.8438,42.8293],[0.8356,42.8281],[0.8332,42.8284],[0.8256,42.8317],[0.8237,42.8318],[0.8206,42.8346],[0.8178,42.8346],[0.8164,42.8367],[0.8089,42.839],[0.8058,42.839],[0.8015,42.8406],[0.7954,42.84],[0.7935,42.8379],[0.7887,42.8362],[0.7827,42.8366],[0.7771,42.8362],[0.7713,42.8383],[0.7629,42.8403],[0.7616,42.8428],[0.7523,42.8453],[0.7495,42.8471],[0.7459,42.847],[0.7359,42.849],[0.7345,42.8544],[0.7314,42.8549],[0.7278,42.8571],[0.7211,42.8584],[0.7173,42.8584],[0.7142,42.86],[0.7084,42.8614],[0.6996,42.8573],[0.6915,42.8551],[0.688,42.8555],[0.6825,42.8546],[0.678,42.8552],[0.679,42.8507],[0.6786,42.8477],[0.6719,42.8448],[0.6685,42.8442],[0.6631,42.8416],[0.6593,42.8387],[0.6592,42.8353],[0.6624,42.8285],[0.6695,42.8247],[0.6704,42.8216],[0.6666,42.8184],[0.665,42.8152],[0.6656,42.8123],[0.6683,42.8098],[0.6708,42.8047],[0.6694,42.8018],[0.6624,42.7983],[0.66,42.7983],[0.6565,42.7938],[0.6539,42.7917],[0.6525,42.7876],[0.6505,42.7851],[0.6472,42.7849],[0.6448,42.783],[0.6475,42.7821],[0.6516,42.7777],[0.657,42.7773],[0.6592,42.7762],[0.6668,42.7754],[0.6644,42.7714],[0.6583,42.7681],[0.6557,42.7685],[0.6506,42.7652],[0.6509,42.7624],[0.649,42.7584],[0.6458,42.7556],[0.6411,42.7544],[0.6393,42.7549],[0.6473,42.7514],[0.6594,42.7522],[0.6641,42.7496],[0.6627,42.7456],[0.6642,42.7422],[0.6672,42.7415],[0.6665,42.7392],[0.6672,42.7365],[0.67,42.7342],[0.6708,42.7306],[0.6765,42.7285],[0.6787,42.726],[0.6796,42.7226],[0.6774,42.7213],[0.6737,42.717],[0.6773,42.7126],[0.6827,42.7089],[0.6807,42.705],[0.6762,42.703],[0.674,42.6989],[0.6742,42.696],[0.6762,42.6942],[0.6759,42.6908],[0.669,42.6892],[0.6647,42.691],[0.6586,42.6909],[0.6566,42.6919],[0.6516,42.6922],[0.6474,42.6942],[0.6393,42.6926],[0.6279,42.6956],[0.6234,42.695],[0.6169,42.6961],[0.6162,42.6973],[0.6056,42.6992],[0.6028,42.7024],[0.5969,42.7054],[0.5941,42.7041],[0.5934,42.701],[0.5908,42.6988],[0.5893,42.6949],[0.5859,42.6957],[0.5814,42.695],[0.5755,42.6955],[0.5718,42.698],[0.5699,42.6965],[0.5661,42.6983],[0.5578,42.6994],[0.5553,42.6992],[0.546,42.7012],[0.5416,42.7001],[0.5344,42.7001],[0.5296,42.7026],[0.5264,42.7025],[0.526,42.7003],[0.5208,42.6976],[0.5209,42.6945],[0.5189,42.692],[0.5158,42.6913],[0.5075,42.6927],[0.5039,42.6929],[0.4992,42.6919],[0.4947,42.6925],[0.4863,42.6978],[0.4812,42.6997],[0.4778,42.7],[0.4723,42.6999],[0.4672,42.6946],[0.4624,42.6933],[0.456,42.6927],[0.452,42.6945],[0.4494,42.6923],[0.4459,42.6914],[0.4402,42.6911],[0.4364,42.6898],[0.4344,42.6914],[0.427,42.6904],[0.4222,42.6905],[0.4209,42.6931],[0.4158,42.6949],[0.4061,42.6956],[0.4013,42.6965],[0.3996,42.6984],[0.3952,42.6994],[0.3959,42.7011],[0.3934,42.7065],[0.394,42.71],[0.3928,42.7132],[0.3852,42.7114],[0.3816,42.7136],[0.3753,42.7142],[0.3717,42.7166],[0.3694,42.7199],[0.3602,42.7242],[0.3583,42.7199],[0.3524,42.7178],[0.3469,42.7135],[0.3454,42.7106],[0.3404,42.7107],[0.3361,42.7084],[0.3284,42.7056],[0.3253,42.7052],[0.3247,42.7005],[0.3264,42.6977],[0.3219,42.6911],[0.3238,42.6871],[0.3213,42.6837],[0.3157,42.6845],[0.313,42.684],[0.3119,42.6817],[0.3011,42.6776],[0.2985,42.6747],[0.2955,42.6733],[0.2901,42.6773],[0.2839,42.6803],[0.2834,42.6818],[0.2772,42.6858],[0.2766,42.6877],[0.2708,42.6911],[0.2675,42.6915],[0.2638,42.6932],[0.2659,42.6953],[0.2688,42.7],[0.2679,42.7027],[0.2662,42.7038],[0.2631,42.7087],[0.2608,42.7115],[0.2602,42.716],[0.2571,42.7164],[0.2532,42.7184],[0.25,42.7187],[0.2477,42.7177],[0.2423,42.7182],[0.2366,42.7174],[0.2343,42.7188],[0.2284,42.7187],[0.2249,42.7179],[0.2144,42.7232],[0.2107,42.7269],[0.2086,42.7272],[0.2062,42.7294],[0.1976,42.7312],[0.195,42.7324],[0.1907,42.7323],[0.1885,42.7341],[0.1847,42.7355],[0.1793,42.7366],[0.1759,42.7362],[0.1746,42.7344],[0.1715,42.7335],[0.1665,42.7301],[0.1639,42.7295],[0.1621,42.7269],[0.1624,42.7232],[0.1591,42.7231],[0.1571,42.7242],[0.1512,42.7246],[0.149,42.7237],[0.1415,42.722],[0.1367,42.7225],[0.1341,42.7188],[0.1333,42.7159],[0.1316,42.7146],[0.1188,42.7128],[0.117,42.7111],[0.1116,42.7103],[0.107,42.7104],[0.1013,42.7119],[0.0996,42.7132],[0.0902,42.7171],[0.086,42.7157],[0.0764,42.7141],[0.0766,42.7128],[0.0711,42.7091],[0.0722,42.7064],[0.0705,42.7038],[0.0631,42.7008],[0.0617,42.6991],[0.0581,42.6977],[0.0518,42.698],[0.0479,42.6959],[0.0442,42.6974],[0.0407,42.6974],[0.0384,42.6988],[0.0305,42.7006],[0.0243,42.7025],[0.0191,42.7015],[0.0147,42.7018],[0.0153,42.6998],[0.015,42.695],[0.0115,42.6928],[0.0099,42.6904],[0.0046,42.6888],[0.0048,42.6871],[-0.0025,42.6849],[-0.0088,42.6847],[-0.0165,42.6852],[-0.0212,42.6873],[-0.0268,42.6878],[-0.0318,42.6907],[-0.0389,42.6918],[-0.0433,42.6917],[-0.0487,42.6945],[-0.054,42.6922],[-0.0563,42.6923],[-0.0619,42.695],[-0.0646,42.6998],[-0.0637,42.7025],[-0.0658,42.7077],[-0.0635,42.7096],[-0.0648,42.7134],[-0.0684,42.718],[-0.0756,42.7176],[-0.0795,42.7168],[-0.081,42.718],[-0.0848,42.7188],[-0.0876,42.7213],[-0.0946,42.721],[-0.0973,42.7223],[-0.1004,42.7223],[-0.1065,42.721],[-0.1097,42.725],[-0.1118,42.7264],[-0.1083,42.7295],[-0.1081,42.7325],[-0.1092,42.7346],[-0.1139,42.7361],[-0.1172,42.7394],[-0.1172,42.7424],[-0.121,42.7476],[-0.1228,42.749],[-0.1228,42.7516],[-0.1268,42.7532],[-0.1295,42.758],[-0.1327,42.7592],[-0.1384,42.7668],[-0.143,42.7686],[-0.1497,42.7692],[-0.1499,42.773],[-0.1473,42.774],[-0.1477,42.777],[-0.1545,42.7811],[-0.1561,42.7857],[-0.1544,42.793],[-0.1575,42.795],[-0.1608,42.7983],[-0.1651,42.7956],[-0.1656,42.7929],[-0.1673,42.791],[-0.1731,42.7886],[-0.1759,42.7862],[-0.1794,42.7854],[-0.1838,42.7875],[-0.1885,42.7868],[-0.189,42.7899],[-0.1954,42.7923],[-0.199,42.7959],[-0.204,42.7966],[-0.2088,42.798],[-0.212,42.7962],[-0.2152,42.7967],[-0.2176,42.7987],[-0.2179,42.8013],[-0.2195,42.8027],[-0.2242,42.8013],[-0.2265,42.8021],[-0.2282,42.8048],[-0.232,42.8058],[-0.2336,42.8074],[-0.2389,42.8087],[-0.2392,42.8134],[-0.2378,42.8141],[-0.2387,42.8178],[-0.2418,42.8188],[-0.2434,42.8234],[-0.2456,42.8226],[-0.2451,42.8206],[-0.2548,42.8193],[-0.2607,42.8225],[-0.2624,42.8249],[-0.2658,42.8253],[-0.2704,42.8266],[-0.2755,42.829],[-0.2756,42.8332],[-0.2769,42.8356],[-0.2836,42.8377],[-0.2883,42.8376],[-0.2903,42.8389],[-0.2936,42.838],[-0.2975,42.8387],[-0.3053,42.8411],[-0.3083,42.8425],[-0.3092,42.8451],[-0.3133,42.8494],[-0.31,42.8551],[-0.3111,42.8618],[-0.3091,42.867],[-0.307,42.8682],[-0.3071,42.87],[-0.309,42.8745],[-0.313,42.8785],[-0.3131,42.88],[-0.3159,42.8822],[-0.3151,42.8835],[-0.3172,42.8868],[-0.3154,42.889],[-0.3153,42.8926],[-0.3162,42.8966],[-0.3206,42.8988],[-0.3203,42.9],[-0.3253,42.9044],[-0.3241,42.907],[-0.3269,42.9169],[-0.3207,42.918],[-0.3151,42.9176],[-0.3107,42.919],[-0.3109,42.9204],[-0.308,42.9265],[-0.3034,42.9273],[-0.2978,42.931],[-0.29,42.9291],[-0.2846,42.9304],[-0.2816,42.9336],[-0.2791,42.9392],[-0.2793,42.9423],[-0.2816,42.9458],[-0.2824,42.9517],[-0.2836,42.9562],[-0.2866,42.957],[-0.2884,42.9594],[-0.2909,42.9608],[-0.2882,42.9634],[-0.2872,42.967],[-0.2898,42.9744],[-0.2913,42.9761],[-0.2899,42.9783],[-0.2924,42.9872],[-0.2912,42.989],[-0.2932,42.9925],[-0.2891,42.9976],[-0.2876,43.0055],[-0.2808,43.0061],[-0.2758,43.006],[-0.2708,43.008],[-0.2668,43.0084],[-0.2648,43.0101],[-0.2594,43.0137],[-0.2592,43.0194],[-0.2559,43.023],[-0.2563,43.0299],[-0.261,43.0331],[-0.26,43.0351],[-0.2604,43.038],[-0.2607,43.0386],[-0.2584,43.0382],[-0.2537,43.0394],[-0.2385,43.0398],[-0.2326,43.0378],[-0.2301,43.0375],[-0.2239,43.0337],[-0.2142,43.0362],[-0.2107,43.0397],[-0.2103,43.0415],[-0.2059,43.0414],[-0.2,43.0428],[-0.196,43.0474],[-0.1899,43.0522],[-0.182,43.0525],[-0.1857,43.0568],[-0.1919,43.0568],[-0.1938,43.059],[-0.1971,43.0606],[-0.1989,43.0644],[-0.1992,43.0689],[-0.1955,43.0746],[-0.1928,43.0755],[-0.1893,43.0822],[-0.1862,43.0842],[-0.1879,43.0879],[-0.1866,43.0921],[-0.1954,43.0951],[-0.1977,43.0985],[-0.1983,43.1017],[-0.1959,43.1041],[-0.1919,43.1048],[-0.1909,43.1111],[-0.194,43.1151],[-0.1926,43.1156],[-0.1849,43.1143],[-0.1834,43.1122],[-0.1753,43.1102],[-0.1729,43.113],[-0.17,43.1144],[-0.1706,43.1183],[-0.1662,43.1221],[-0.1569,43.1225],[-0.1546,43.1255],[-0.1515,43.1259],[-0.1477,43.1291],[-0.1466,43.1281],[-0.1461,43.1281],[-0.1411,43.1361],[-0.1427,43.1407],[-0.1422,43.1438],[-0.1388,43.1435],[-0.1394,43.1459],[-0.1385,43.1492],[-0.1348,43.1518],[-0.1327,43.1529],[-0.1293,43.1572],[-0.1261,43.158],[-0.1272,43.1628],[-0.1269,43.1651],[-0.1252,43.1673],[-0.1209,43.173],[-0.1205,43.1771],[-0.1184,43.1768],[-0.1177,43.1803],[-0.1124,43.1802],[-0.11,43.1773],[-0.1089,43.1742],[-0.1065,43.1718],[-0.1067,43.1673],[-0.0981,43.1667],[-0.0953,43.177],[-0.0917,43.1773],[-0.0886,43.1765],[-0.0683,43.1773],[-0.0678,43.1811],[-0.071,43.188],[-0.0714,43.1924],[-0.0688,43.197],[-0.0697,43.198],[-0.0704,43.2045],[-0.0722,43.2094],[-0.0727,43.215],[-0.0716,43.2195],[-0.0741,43.2225],[-0.0721,43.2247],[-0.0619,43.2226],[-0.0615,43.2211],[-0.0498,43.2173],[-0.047,43.2239],[-0.0451,43.2286],[-0.0458,43.233],[-0.0438,43.2358],[-0.0417,43.2371],[-0.0342,43.2467],[-0.0317,43.2475],[-0.0245,43.2541],[-0.0238,43.2557],[-0.0254,43.2586],[-0.0257,43.2614],[-0.0244,43.2634],[-0.0189,43.2684],[-0.0169,43.2717],[-0.0176,43.2746],[-0.0234,43.2749],[-0.0277,43.276],[-0.0245,43.2801],[-0.036,43.2819],[-0.0407,43.2835],[-0.0433,43.2865],[-0.044,43.2898],[-0.0459,43.2968],[-0.0463,43.3007],[-0.0441,43.3047],[-0.042,43.304],[-0.0374,43.3064],[-0.0344,43.3096],[-0.029,43.3167],[-0.0292,43.3193],[-0.0279,43.3236],[-0.0256,43.3298],[-0.0212,43.329],[-0.0185,43.3316],[-0.0019,43.332],[0.0007,43.3312],[0.01,43.3252],[0.0127,43.3277],[0.0163,43.3322],[0.0217,43.3372],[0.024,43.3386],[0.0257,43.3404],[0.0298,43.3461],[0.0266,43.3484],[0.0214,43.3497],[0.018,43.3525],[0.0145,43.3564],[0.0121,43.36],[0.0082,43.3613],[0.0055,43.3633],[0.0087,43.367],[0.0085,43.3683],[0.0046,43.3715],[0.0015,43.3691],[-0.0042,43.3727],[-0.0047,43.378],[0.001,43.3837],[0.0007,43.3856],[-0.002,43.3871],[0.0052,43.3942],[0.0019,43.3956],[-0.0043,43.3934],[-0.0046,43.395],[-0.0004,43.3962],[-0.0041,43.3982],[-0.0018,43.3993],[-0.001,43.4057],[0.0038,43.4113],[0.0066,43.4135],[0.0066,43.4171],[0.0097,43.4222],[0.0077,43.4237],[-0.0047,43.4315],[-0.0011,43.4394],[-0.0008,43.4421],[-0.0025,43.4452],[-0.0063,43.4438],[-0.0131,43.4431],[-0.0164,43.4439],[-0.0173,43.4411],[-0.0207,43.437],[-0.022,43.4365],[-0.0222,43.4333],[-0.0248,43.43],[-0.0284,43.4327],[-0.0324,43.4337],[-0.034,43.4318],[-0.0337,43.4276],[-0.0359,43.4222],[-0.038,43.4188],[-0.0427,43.4135],[-0.0428,43.4106],[-0.0442,43.4095],[-0.0469,43.4097],[-0.0529,43.4119],[-0.0571,43.4119],[-0.0649,43.4093],[-0.0671,43.4104],[-0.0641,43.4131],[-0.0623,43.4177],[-0.058,43.4189],[-0.0505,43.4192],[-0.0534,43.4229],[-0.057,43.4239],[-0.0581,43.4279],[-0.0649,43.4305],[-0.0696,43.433],[-0.0708,43.4354],[-0.0679,43.4378],[-0.0656,43.4412],[-0.0668,43.4437],[-0.0637,43.4477],[-0.0615,43.4532],[-0.0661,43.4602],[-0.065,43.4636],[-0.0613,43.4621],[-0.0584,43.4647],[-0.0539,43.4645],[-0.0509,43.4652],[-0.0453,43.4652],[-0.041,43.4643],[-0.0321,43.4661],[-0.0304,43.4667],[-0.0211,43.4649],[-0.0192,43.4652],[-0.0189,43.4701],[-0.0174,43.4721],[-0.0273,43.4735],[-0.0263,43.4747],[-0.029,43.4733],[-0.034,43.4747],[-0.0332,43.48],[-0.035,43.4856],[-0.0341,43.4884],[-0.0401,43.4896],[-0.0443,43.4895],[-0.0452,43.4907],[-0.0497,43.4919],[-0.0467,43.4983],[-0.0439,43.5067],[-0.04,43.5126],[-0.0442,43.5163],[-0.0435,43.5203],[-0.0439,43.5236],[-0.0447,43.5253],[-0.0483,43.5261],[-0.0487,43.5298],[-0.0517,43.5297],[-0.0542,43.533],[-0.0562,43.533],[-0.0598,43.5389],[-0.0607,43.5421],[-0.0638,43.5415],[-0.0646,43.5466],[-0.0656,43.5481],[-0.0701,43.5471],[-0.0806,43.5469],[-0.0818,43.5446],[-0.0871,43.5423],[-0.0937,43.543],[-0.0947,43.5476],[-0.0935,43.5508],[-0.0888,43.5572],[-0.0896,43.56],[-0.0933,43.5637],[-0.0916,43.5705],[-0.0945,43.5722],[-0.0962,43.5757],[-0.0949,43.5768],[-0.0971,43.5822],[-0.1019,43.5827],[-0.1058,43.5814],[-0.1084,43.5817],[-0.1112,43.5838],[-0.117,43.5851],[-0.1215,43.5869],[-0.1231,43.5848],[-0.1282,43.5831],[-0.1288,43.5812],[-0.1325,43.5817],[-0.1399,43.5797],[-0.1392,43.5826],[-0.1426,43.5843],[-0.1473,43.5856],[-0.1511,43.5857],[-0.1561,43.5845],[-0.1578,43.5814],[-0.1609,43.5806],[-0.1624,43.5818],[-0.1642,43.5824],[-0.1661,43.5859],[-0.1691,43.588],[-0.1697,43.5911],[-0.1718,43.593],[-0.176,43.5947],[-0.1766,43.5968],[-0.1787,43.5963],[-0.182,43.5928],[-0.1862,43.5901],[-0.19,43.5898],[-0.1906,43.5878],[-0.1986,43.5865],[-0.205,43.584],[-0.2094,43.5923],[-0.2108,43.5932],[-0.218,43.5911],[-0.2293,43.5902],[-0.233,43.5885],[-0.2336,43.5841],[-0.2364,43.5829],[-0.2421,43.5833],[-0.2425,43.5848],[-0.243,43.5885],[-0.2458,43.5887],[-0.2475,43.5902],[-0.247,43.593],[-0.2484,43.5947],[-0.2481,43.5968],[-0.2539,43.5969],[-0.2546,43.5993],[-0.248,43.6056],[-0.2472,43.6113],[-0.2472,43.6158],[-0.2546,43.6152],[-0.2636,43.6167],[-0.2776,43.616],[-0.2798,43.6183],[-0.2815,43.6239],[-0.2806,43.6279],[-0.2794,43.6289],[-0.2816,43.6318],[-0.2808,43.6362],[-0.2818,43.6387],[-0.2809,43.6401],[-0.2821,43.6429],[-0.2797,43.6425],[-0.2732,43.639],[-0.2637,43.636],[-0.263,43.6371],[-0.264,43.6416],[-0.2639,43.6445],[-0.262,43.6479],[-0.2612,43.6491],[-0.2643,43.6515],[-0.2606,43.6536],[-0.2564,43.6526],[-0.2525,43.6532],[-0.2473,43.6554],[-0.2433,43.6546],[-0.2429,43.6578],[-0.2444,43.6614],[-0.2431,43.664],[-0.2445,43.6652],[-0.2396,43.6699],[-0.2397,43.6712],[-0.2454,43.6713],[-0.2527,43.6722],[-0.2581,43.6737],[-0.2557,43.678],[-0.2572,43.681],[-0.2568,43.6832],[-0.2511,43.6841],[-0.2482,43.686],[-0.247,43.6892],[-0.2448,43.6875],[-0.2428,43.691],[-0.2386,43.6931],[-0.2408,43.6975],[-0.2453,43.6992],[-0.2433,43.7019],[-0.2454,43.703],[-0.2454,43.7049],[-0.2505,43.708],[-0.243,43.7125],[-0.2396,43.712],[-0.2344,43.7143],[-0.2299,43.7145],[-0.2268,43.7172],[-0.2222,43.719],[-0.2133,43.7236],[-0.2116,43.7238],[-0.2023,43.7301],[-0.2022,43.733],[-0.1975,43.7358],[-0.194,43.737],[-0.1958,43.7403],[-0.1952,43.7452],[-0.1973,43.7475],[-0.2056,43.7498],[-0.214,43.75],[-0.2181,43.7497],[-0.2181,43.7538],[-0.214,43.7556],[-0.2127,43.7563],[-0.2072,43.7562],[-0.207,43.7604],[-0.2103,43.7615],[-0.2117,43.7681],[-0.2129,43.7692],[-0.2169,43.77],[-0.2175,43.7716],[-0.213,43.7763],[-0.2126,43.7789],[-0.2146,43.7805],[-0.2147,43.7831],[-0.2178,43.7854],[-0.2221,43.7872],[-0.2228,43.789],[-0.2201,43.7949],[-0.2175,43.7984],[-0.2235,43.8006],[-0.2247,43.8037],[-0.2265,43.8049],[-0.2272,43.8086],[-0.2173,43.81],[-0.2159,43.8126],[-0.2141,43.812],[-0.2125,43.8092],[-0.2023,43.8088],[-0.2007,43.8067],[-0.1947,43.8083],[-0.1927,43.8124],[-0.1935,43.8162],[-0.1919,43.8178],[-0.1956,43.8193],[-0.1972,43.8229],[-0.1974,43.8309],[-0.1909,43.8304],[-0.1881,43.8325],[-0.1906,43.8343],[-0.1937,43.8406],[-0.1949,43.8444],[-0.1976,43.8459],[-0.2008,43.8511],[-0.2071,43.8547],[-0.2087,43.8576],[-0.2042,43.8604],[-0.1993,43.8621],[-0.1957,43.8653],[-0.1985,43.8675],[-0.197,43.8711],[-0.192,43.8704],[-0.1892,43.8627],[-0.1868,43.862],[-0.1857,43.8669],[-0.1863,43.869],[-0.1887,43.8696],[-0.1886,43.8723],[-0.1921,43.8767],[-0.1904,43.8806],[-0.1952,43.8812],[-0.1978,43.8839],[-0.2013,43.8855],[-0.203,43.8847],[-0.2088,43.8853],[-0.2145,43.8876],[-0.2153,43.8889],[-0.2189,43.8906],[-0.2212,43.8925],[-0.224,43.8921],[-0.2253,43.8901],[-0.234,43.891],[-0.2386,43.8939],[-0.2347,43.8955],[-0.2366,43.897],[-0.2403,43.8979],[-0.2334,43.8992],[-0.2335,43.9028],[-0.2311,43.9079],[-0.2287,43.9098],[-0.229,43.9115],[-0.2257,43.9123],[-0.2239,43.9144],[-0.2211,43.9127],[-0.2209,43.9098],[-0.219,43.9076],[-0.2163,43.9076],[-0.2109,43.9115],[-0.2087,43.9119],[-0.2041,43.9126],[-0.2004,43.9147],[-0.1962,43.9215],[-0.1917,43.924],[-0.1925,43.9264],[-0.19,43.9278],[-0.1835,43.9291],[-0.1807,43.9306],[-0.1802,43.9364],[-0.1761,43.9365],[-0.1707,43.9307],[-0.1677,43.9297],[-0.1642,43.9274],[-0.1593,43.9284],[-0.1607,43.9313],[-0.1537,43.9324],[-0.1527,43.9361],[-0.153,43.9398],[-0.1464,43.9394],[-0.1353,43.9361],[-0.1345,43.9378],[-0.1287,43.94],[-0.1249,43.9444],[-0.1205,43.9415],[-0.1165,43.938],[-0.1156,43.9363],[-0.1111,43.9341],[-0.1086,43.9313],[-0.1089,43.9294],[-0.1028,43.9271],[-0.096,43.9291],[-0.0937,43.9318],[-0.0939,43.9332],[-0.0993,43.935],[-0.0971,43.9416],[-0.0987,43.9424],[-0.0937,43.9462],[-0.0936,43.9484],[-0.0889,43.9492],[-0.084,43.9441],[-0.08,43.9437],[-0.0727,43.9454],[-0.0703,43.9464],[-0.0694,43.9506],[-0.0682,43.9524],[-0.0636,43.9557],[-0.0626,43.9582],[-0.0585,43.9613],[-0.0512,43.9616],[-0.0467,43.9609],[-0.0441,43.9628],[-0.0438,43.9659],[-0.0406,43.9695],[-0.0362,43.9837],[-0.0189,43.971],[-0.0054,43.9628],[-0.0011,43.9606],[0.0011,43.9601],[0.0055,43.9569],[0.0067,43.9538],[0.0068,43.948],[0.0055,43.9435],[0.0005,43.9423],[-0.0029,43.94],[-0.0076,43.9395],[-0.0098,43.9375],[-0.0106,43.935],[-0.0154,43.9341],[-0.0202,43.93],[-0.0179,43.9264],[-0.0153,43.9241],[-0.0113,43.9231],[-0.006,43.9236],[-0.0024,43.9218],[-0.0008,43.92],[0.0041,43.9165],[0.0069,43.9161],[0.01,43.9142],[0.0124,43.9139],[0.0177,43.9117],[0.0172,43.9104],[0.0226,43.9085],[0.0309,43.9005],[0.0332,43.9],[0.0345,43.9],[0.0382,43.9032],[0.0417,43.904],[0.0479,43.9006],[0.0555,43.8975],[0.0586,43.8968],[0.0606,43.9012],[0.0639,43.9031],[0.0696,43.9042],[0.07,43.9098],[0.072,43.9098],[0.0724,43.9144],[0.0748,43.9147],[0.0762,43.9164],[0.0731,43.919],[0.0725,43.9218],[0.0724,43.9282],[0.0709,43.9314],[0.0704,43.9344],[0.0688,43.9361],[0.0688,43.9391],[0.0635,43.9406],[0.0626,43.9424],[0.063,43.9459],[0.0609,43.9491],[0.0568,43.9507],[0.0573,43.9521],[0.0552,43.9545],[0.0564,43.9567],[0.0552,43.9599],[0.056,43.9614],[0.0612,43.9626],[0.0612,43.9652],[0.0663,43.9648],[0.0691,43.9672],[0.0666,43.9688],[0.0665,43.9732],[0.0677,43.9745],[0.0732,43.9786],[0.0731,43.9808],[0.0759,43.9829],[0.0778,43.9811],[0.0802,43.9812],[0.0839,43.9828],[0.0852,43.9845],[0.0883,43.9856],[0.0918,43.9852],[0.0947,43.9859],[0.1021,43.9844],[0.1054,43.9844],[0.1142,43.9879],[0.1172,43.9879],[0.1191,43.9904],[0.1199,43.9957],[0.1267,43.9965],[0.1283,43.9988],[0.1266,44.0001],[0.1273,44.0023],[0.1283,44.0011],[0.132,44.0011],[0.1381,43.9981],[0.1419,43.9945],[0.138,43.9768],[0.1386,43.9747],[0.1433,43.9754],[0.1454,43.9742],[0.1568,43.9726],[0.1614,43.9743],[0.1643,43.9771],[0.1661,43.981],[0.1663,43.9846],[0.1656,43.993],[0.1646,43.9953],[0.1667,43.997],[0.1741,43.9989],[0.1758,44.0016],[0.1805,44.0004],[0.1836,44.0085],[0.1857,44.0096],[0.1901,44.015],[0.1936,44.0138],[0.1977,44.0159],[0.2034,44.0126],[0.2049,44.0154],[0.2041,44.0184],[0.2059,44.0211],[0.2117,44.0196],[0.2142,44.0231],[0.2188,44.0209],[0.2252,44.019],[0.2304,44.0226],[0.2334,44.0226],[0.2352,44.0176],[0.2298,44.0112],[0.2329,44.0091],[0.2434,44.0071],[0.2483,44.0042],[0.2535,44.0029],[0.2558,44.008],[0.2632,44.0043],[0.2675,44.0034],[0.2694,44.0042],[0.2735,43.998],[0.2801,43.9987],[0.2917,43.994],[0.2964,43.9935],[0.3029,43.991],[0.3058,43.994],[0.3075,43.9949],[0.3131,43.9936],[0.3132,43.9958],[0.318,43.9948],[0.3199,43.9985],[0.3146,44.0054],[0.3162,44.01],[0.3207,44.0081],[0.3271,44.0072],[0.3349,44.0105],[0.3444,44.0128],[0.3501,44.0138],[0.3541,44.013],[0.3532,44.0157],[0.3598,44.0159],[0.365,44.0149],[0.3675,44.0102],[0.3714,44.0081],[0.3814,44.0064],[0.3846,44.0089],[0.3911,44.0168],[0.3944,44.02],[0.3971,44.0199],[0.397,44.0224],[0.4024,44.0228],[0.4111,44.0207],[0.4133,44.0239],[0.4144,44.0272],[0.4168,44.0292],[0.4198,44.0287],[0.4247,44.0262],[0.4332,44.0293],[0.4426,44.0287],[0.4436,44.0308],[0.4424,44.0336],[0.4439,44.0349],[0.4449,44.0391],[0.4501,44.0433],[0.4504,44.0443],[0.4507,44.0457],[0.4534,44.0479],[0.4596,44.0555],[0.4657,44.0545],[0.4707,44.0552],[0.4758,44.0551],[0.4841,44.0527],[0.4856,44.0537],[0.4856,44.0592],[0.4886,44.0563],[0.494,44.0573],[0.5023,44.0573],[0.5036,44.0516],[0.5046,44.0507],[0.5058,44.052],[0.506,44.0562],[0.5116,44.0634],[0.5154,44.0616],[0.5202,44.0576],[0.5265,44.0567],[0.5325,44.0574],[0.5385,44.0529],[0.5412,44.0557],[0.5444,44.0565],[0.551,44.0559],[0.5554,44.0547],[0.5585,44.0582],[0.5647,44.0592],[0.5663,44.06],[0.5722,44.0662],[0.5725,44.0691],[0.5749,44.0713],[0.5783,44.0731],[0.5757,44.0759],[0.5798,44.0766],[0.5851,44.0767],[0.5909,44.0769],[0.5919,44.08],[0.597,44.0783],[0.6013,44.0781],[0.5991,44.0748],[0.6052,44.0729],[0.6076,44.0711],[0.6072,44.0693],[0.6108,44.0694],[0.6151,44.0674],[0.6203,44.0658],[0.6252,44.0626],[0.6285,44.0596],[0.6304,44.0562],[0.6308,44.0517],[0.6317,44.0495],[0.6364,44.0499],[0.6376,44.0485],[0.644,44.0437],[0.6498,44.0446],[0.654,44.0426],[0.6532,44.0372],[0.6555,44.0369],[0.6538,44.0336],[0.6545,44.0318],[0.6614,44.0244],[0.6634,44.0241],[0.6711,44.0268],[0.676,44.0268],[0.6796,44.0295],[0.6792,44.0359],[0.6824,44.0423],[0.6859,44.0462],[0.6937,44.0463],[0.6953,44.0443],[0.6979,44.0472],[0.6986,44.05],[0.7006,44.0536],[0.7071,44.057],[0.7077,44.0584],[0.713,44.0582],[0.7168,44.0574],[0.7259,44.0602],[0.7283,44.0617],[0.7329,44.0624],[0.737,44.0613],[0.7396,44.0615],[0.74,44.0639],[0.7419,44.0652],[0.7378,44.0707],[0.739,44.0731],[0.7383,44.0756],[0.7415,44.0802],[0.7439,44.0816],[0.745,44.0851],[0.7487,44.087],[0.7476,44.0887],[0.748,44.0932],[0.7479,44.0969],[0.7523,44.0987],[0.7526,44.102],[0.756,44.1069],[0.7593,44.1082],[0.7638,44.1085],[0.7664,44.1118],[0.772,44.1129],[0.775,44.1169],[0.7785,44.1132],[0.7867,44.1123],[0.7887,44.114],[0.7946,44.1125],[0.7986,44.1106],[0.7987,44.1132],[0.7966,44.1143],[0.7929,44.1186],[0.7954,44.1216],[0.796,44.1256],[0.7951,44.1286],[0.7974,44.1305],[0.7951,44.1335],[0.7916,44.1395],[0.7879,44.1428],[0.7883,44.1444],[0.7949,44.1456],[0.7975,44.1454],[0.8006,44.143],[0.8048,44.1451],[0.809,44.1442],[0.8193,44.1438],[0.8289,44.1394],[0.8324,44.1373],[0.8379,44.1359],[0.8401,44.1345],[0.8472,44.133],[0.8494,44.1317],[0.8569,44.1305],[0.8571,44.1275],[0.8602,44.1282],[0.8672,44.1263],[0.8689,44.128],[0.8775,44.1289],[0.88,44.1322],[0.8827,44.1334],[0.878,44.1366],[0.8831,44.1423],[0.8839,44.1404],[0.8866,44.1389],[0.8922,44.1373],[0.8942,44.138],[0.8942,44.1438],[0.8896,44.1469],[0.8885,44.1488],[0.8884,44.1508],[0.8901,44.1537],[0.8847,44.1606],[0.8878,44.1634],[0.8898,44.1668],[0.8904,44.1697],[0.8891,44.172],[0.8844,44.1733],[0.883,44.1755],[0.8746,44.1694],[0.8712,44.1677],[0.8665,44.1709],[0.864,44.1736],[0.8529,44.175],[0.8533,44.1833],[0.8543,44.1861],[0.8567,44.1897],[0.8604,44.1912],[0.8596,44.1929],[0.8612,44.1931],[0.8661,44.1935],[0.8747,44.1926],[0.8758,44.1933],[0.882,44.1915],[0.8883,44.1903],[0.8914,44.1912],[0.8972,44.1912],[0.903,44.1902],[0.9062,44.1904],[0.9074,44.1948],[0.9047,44.1964],[0.9059,44.1985],[0.9092,44.2011],[0.9095,44.2032],[0.9145,44.2067],[0.9154,44.2099],[0.9189,44.2157],[0.9207,44.2164],[0.9241,44.2253],[0.9266,44.2293],[0.9292,44.2304],[0.9265,44.2342],[0.9234,44.2363],[0.9188,44.2382],[0.9249,44.2471],[0.9266,44.2482],[0.9326,44.2486],[0.9318,44.2521],[0.9334,44.257],[0.9311,44.2588],[0.9292,44.262],[0.9274,44.2622],[0.9278,44.2673],[0.9371,44.2651],[0.9402,44.2634],[0.9448,44.266],[0.9469,44.268],[0.9467,44.2696],[0.9492,44.272],[0.9509,44.2751],[0.9452,44.2759],[0.943,44.278],[0.9405,44.2821],[0.9367,44.2817],[0.9331,44.2859],[0.9263,44.2864],[0.9242,44.2886],[0.9237,44.2919],[0.9199,44.2967],[0.9189,44.3003],[0.9163,44.3023],[0.9052,44.2994],[0.9005,44.3002],[0.8965,44.2992],[0.895,44.2969],[0.8896,44.3],[0.8867,44.3056],[0.883,44.3083],[0.8725,44.3087],[0.8693,44.3092],[0.8697,44.3114],[0.8717,44.3125],[0.8711,44.3147],[0.8737,44.3156],[0.875,44.3202],[0.8731,44.3238],[0.876,44.3247],[0.8789,44.3274],[0.8831,44.3287],[0.8814,44.3295],[0.8821,44.3318],[0.8878,44.3334],[0.887,44.3358],[0.8884,44.3387],[0.8918,44.3393],[0.8942,44.3421],[0.8956,44.3463],[0.8919,44.3499],[0.8908,44.3534],[0.8938,44.3535],[0.8936,44.3578],[0.892,44.3605],[0.8895,44.3615],[0.8872,44.3661],[0.894,44.3731],[0.8951,44.3737],[0.8952,44.379],[0.8964,44.3819],[0.9023,44.3808],[0.9044,44.3818],[0.9109,44.383],[0.916,44.3843],[0.9198,44.3844],[0.9218,44.3804],[0.9257,44.3759],[0.9336,44.373],[0.9367,44.3698],[0.9388,44.3609],[0.9398,44.3507],[0.9411,44.3445],[0.9422,44.3446],[0.9458,44.3483],[0.9455,44.3503],[0.9419,44.3532],[0.9462,44.3545],[0.9506,44.3585],[0.9515,44.3617],[0.9546,44.3594],[0.9569,44.3608],[0.9588,44.3591],[0.9685,44.3621],[0.9705,44.3609],[0.9759,44.361],[0.9756,44.3575],[0.9775,44.3568],[0.9798,44.3585],[0.9822,44.3587],[0.9859,44.3615],[0.9915,44.3639],[0.9949,44.3682],[0.9967,44.3691],[1.0005,44.3681],[1.0054,44.3653],[1.0124,44.3652],[1.0157,44.3638],[1.0266,44.3635],[1.0283,44.3643],[1.0382,44.3639],[1.0419,44.3628],[1.0471,44.3623],[1.0497,44.3627],[1.0591,44.3667],[1.0592,44.3709],[1.0605,44.3716],[1.0596,44.3765],[1.0642,44.3786],[1.0644,44.3803],[1.0601,44.389],[1.0508,44.392],[1.0546,44.3946],[1.0558,44.3986],[1.0615,44.402],[1.0596,44.4052],[1.061,44.4095],[1.0599,44.4124],[1.0614,44.4133],[1.0605,44.4156],[1.0606,44.4193],[1.0575,44.4244],[1.0574,44.4279],[1.055,44.4274],[1.0538,44.432],[1.0489,44.4293],[1.0471,44.4309],[1.0453,44.4343],[1.042,44.435],[1.037,44.4327],[1.0333,44.4322],[1.0281,44.4342],[1.0325,44.4413],[1.0291,44.4413],[1.0251,44.4425],[1.0208,44.4452],[1.0215,44.4486],[1.024,44.4515],[1.0212,44.4563],[1.0248,44.4598],[1.023,44.4625],[1.0259,44.467],[1.0218,44.4706],[1.0217,44.4731],[1.023,44.4755],[1.0137,44.478],[1.009,44.48],[1.0116,44.4831],[1.0142,44.4874],[1.0171,44.4891],[1.0178,44.492],[1.0116,44.4956],[1.0169,44.4997],[1.016,44.5065],[1.0063,44.5146],[1.0057,44.5194],[1.0037,44.5201],[0.9988,44.5274],[0.9956,44.5268],[0.9926,44.528],[0.988,44.5328],[0.9893,44.5382],[0.9883,44.5403],[0.9856,44.5419],[0.9823,44.5427],[0.9815,44.5444],[0.9828,44.5458],[0.9899,44.5488],[0.9949,44.55],[0.9988,44.5482],[1.0046,44.5479],[1.0091,44.547],[1.0103,44.5457],[1.0107,44.5414],[1.0131,44.5362],[1.0178,44.5405],[1.0219,44.5454],[1.0279,44.5486],[1.0314,44.5493],[1.0297,44.552],[1.0346,44.5554],[1.0415,44.5575],[1.0424,44.558],[1.0452,44.5624],[1.0476,44.5619],[1.0565,44.5647],[1.0589,44.5641],[1.0638,44.5646],[1.0697,44.5661],[1.0717,44.5678],[1.0738,44.572],[1.0737,44.5748],[1.0751,44.5773],[1.0823,44.5726],[1.0879,44.5708],[1.0967,44.5722],[1.1032,44.5717],[1.1035,44.5743],[1.1003,44.5776],[1.0989,44.5799],[1.1035,44.581],[1.1021,44.5841],[1.1025,44.5864],[1.0979,44.5906],[1.0936,44.5906],[1.0946,44.5923],[1.1007,44.5976],[1.1075,44.6039],[1.1109,44.6071],[1.1198,44.6102],[1.1226,44.6142],[1.1273,44.6168],[1.1312,44.6183],[1.1386,44.6252],[1.1481,44.6325],[1.1508,44.6334],[1.1538,44.6396],[1.1518,44.6452],[1.1479,44.6505],[1.1465,44.6531],[1.1495,44.654],[1.1494,44.6609],[1.147,44.6655],[1.1471,44.6708],[1.1487,44.6704],[1.1584,44.6722],[1.1638,44.6748],[1.1639,44.676],[1.1692,44.6804],[1.1721,44.6802],[1.1783,44.6826],[1.1813,44.6833],[1.1871,44.6829],[1.1897,44.6821],[1.1968,44.6826],[1.198,44.6806],[1.2035,44.6833],[1.2069,44.6838],[1.2115,44.6829],[1.2173,44.6826],[1.2246,44.6843],[1.2249,44.6858],[1.226,44.6886],[1.2299,44.6917],[1.2331,44.6909],[1.2355,44.6923],[1.2387,44.6922],[1.2439,44.6959],[1.2445,44.6978],[1.2433,44.7039],[1.2478,44.7077],[1.2508,44.7082],[1.2548,44.7098],[1.2588,44.7088],[1.2602,44.7103],[1.264,44.7109],[1.2648,44.713],[1.2682,44.7162],[1.2685,44.7197],[1.2701,44.7224],[1.2724,44.723],[1.2754,44.7213],[1.2746,44.7192],[1.2801,44.7158],[1.2871,44.7147],[1.2886,44.7171],[1.2894,44.7209],[1.2934,44.7227],[1.2984,44.7262],[1.2989,44.7306],[1.3002,44.7339],[1.2953,44.736],[1.2968,44.7377],[1.2978,44.7414],[1.3006,44.743],[1.3002,44.7444],[1.3051,44.7435],[1.3158,44.7405],[1.3177,44.7442],[1.317,44.7494],[1.3202,44.7551],[1.3228,44.765],[1.316,44.7647],[1.3105,44.7698],[1.3081,44.7709],[1.2985,44.7742],[1.2964,44.7767],[1.298,44.7806],[1.3001,44.7827],[1.304,44.784],[1.304,44.7883],[1.3029,44.7892],[1.2975,44.7889],[1.2934,44.7898],[1.298,44.7947],[1.2983,44.7962],[1.3015,44.7979],[1.3133,44.8022],[1.3206,44.8034],[1.3253,44.806],[1.3305,44.807],[1.3391,44.8056],[1.3453,44.8077],[1.354,44.809],[1.3565,44.8103],[1.3641,44.8116],[1.3634,44.8145],[1.366,44.8152],[1.3623,44.8213],[1.3605,44.8269],[1.3608,44.8325],[1.36,44.8346],[1.361,44.8401],[1.3654,44.8452],[1.3728,44.8469],[1.3736,44.8434],[1.3771,44.8418],[1.3861,44.8474],[1.3849,44.8489],[1.3873,44.851],[1.3925,44.8492],[1.3955,44.8497],[1.3985,44.849],[1.4028,44.8493],[1.4029,44.8508],[1.4034,44.8546],[1.4055,44.8571],[1.4054,44.8636],[1.4091,44.8649],[1.4117,44.8663],[1.4126,44.8696],[1.4116,44.8728],[1.4191,44.8707],[1.4243,44.8724],[1.4316,44.8717],[1.4392,44.8746],[1.4421,44.8784],[1.4426,44.8808],[1.4399,44.8867],[1.4397,44.889],[1.4314,44.8908],[1.4252,44.8951],[1.4207,44.8972],[1.4179,44.9006],[1.4214,44.9063],[1.418,44.9073],[1.4163,44.9093],[1.4107,44.9089],[1.4133,44.9116],[1.4135,44.9134],[1.4183,44.9157],[1.4213,44.9156],[1.4248,44.9199],[1.4325,44.9191],[1.435,44.9176],[1.4415,44.9161],[1.442,44.9209],[1.4384,44.9252],[1.4389,44.9287],[1.4364,44.9286],[1.4353,44.9314],[1.4375,44.9326],[1.4371,44.9355],[1.4331,44.9372],[1.4355,44.9387],[1.4363,44.9409],[1.4331,44.9461],[1.4306,44.9457],[1.4275,44.9474],[1.4257,44.9514],[1.4223,44.9539],[1.4218,44.9559],[1.4188,44.9563],[1.4197,44.9594],[1.4169,44.9622],[1.4199,44.9638],[1.4216,44.9674],[1.4209,44.9686],[1.4159,44.9697],[1.4127,44.9724],[1.414,44.9741],[1.4145,44.9778],[1.4176,44.9806],[1.4175,44.9836],[1.4118,44.9866],[1.4114,44.9895],[1.4143,44.9933],[1.4134,44.9992],[1.4095,45.0052],[1.4091,45.0069],[1.4146,45.0073],[1.4187,45.0085],[1.4219,45.0082],[1.4313,45.0101],[1.434,45.0115],[1.4443,45.0141],[1.4413,45.0154],[1.4482,45.0194],[1.4527,45.0174],[1.4555,45.015],[1.4596,45.0137],[1.4642,45.0144],[1.4662,45.0165],[1.4754,45.0181],[1.4777,45.0206],[1.4783,45.023],[1.4763,45.0251],[1.4768,45.0267],[1.4799,45.0266],[1.4825,45.0302],[1.4881,45.0325],[1.4923,45.0304],[1.4938,45.0334],[1.4979,45.0356],[1.5004,45.036],[1.5029,45.0384],[1.5094,45.0407],[1.5168,45.041],[1.5206,45.04],[1.5229,45.0431],[1.5267,45.0442],[1.5281,45.0454],[1.5338,45.0451],[1.5353,45.0463],[1.5404,45.0464],[1.5415,45.0411],[1.5416,45.0362],[1.5432,45.0344],[1.5432,45.0312],[1.5445,45.029],[1.552,45.0284],[1.5638,45.0346],[1.57,45.0395],[1.5761,45.0407],[1.5803,45.0389],[1.5853,45.0382],[1.5932,45.0348],[1.5979,45.0344],[1.6012,45.0357],[1.6058,45.0355],[1.6081,45.0335],[1.6079,45.0294],[1.6091,45.0289],[1.6084,45.0307],[1.6097,45.0326],[1.6132,45.0333],[1.6171,45.032],[1.6216,45.0325],[1.6246,45.0312],[1.6254,45.0335],[1.6299,45.0335],[1.6325,45.0321],[1.6356,45.0293],[1.6391,45.0293],[1.6477,45.0274],[1.6484,45.0238],[1.6518,45.0252],[1.6509,45.0223],[1.6562,45.0151],[1.6593,45.0135],[1.665,45.0122],[1.6637,45.0087],[1.67,45.0087],[1.6714,45.0043],[1.6767,45.0041],[1.6806,45.0029],[1.6844,45.0026],[1.6872,44.9965],[1.6923,44.9926],[1.6986,44.9893],[1.7003,44.9892],[1.7034,44.9866],[1.7026,44.9846],[1.7063,44.982],[1.7075,44.9781],[1.7066,44.9756],[1.7071,44.9727],[1.7089,44.9696],[1.711,44.9673],[1.7134,44.9678],[1.7194,44.9678],[1.7237,44.9683],[1.7315,44.9646],[1.7338,44.9595],[1.7367,44.9607],[1.7406,44.9606],[1.7473,44.9571],[1.7507,44.9559],[1.7503,44.9532],[1.7511,44.9473],[1.7559,44.9463],[1.754,44.9408],[1.7485,44.9384],[1.7528,44.9368],[1.7588,44.9364],[1.7629,44.9346],[1.7672,44.9337],[1.7682,44.9312],[1.774,44.9245],[1.7746,44.9236],[1.7803,44.9287],[1.7856,44.9306],[1.7869,44.9321],[1.7857,44.9369],[1.7908,44.932],[1.7953,44.9306],[1.7983,44.9304],[1.8024,44.9256],[1.8005,44.924],[1.8002,44.9203],[1.8009,44.9204],[1.8013,44.9221],[1.8046,44.9261],[1.8116,44.9291],[1.8138,44.9274],[1.8233,44.9272],[1.8278,44.9306],[1.8296,44.9342],[1.8305,44.9422],[1.8313,44.9454],[1.8335,44.9462],[1.837,44.9455],[1.8377,44.9409],[1.8364,44.9375],[1.8415,44.9381],[1.8428,44.9371],[1.845,44.9396],[1.8448,44.943],[1.8484,44.9439],[1.8511,44.9462],[1.854,44.9462],[1.8575,44.9477],[1.8628,44.9476],[1.8632,44.9502],[1.8673,44.9527],[1.8796,44.9558],[1.8826,44.9556],[1.887,44.9563],[1.8854,44.959],[1.8884,44.9642],[1.8943,44.9655],[1.8964,44.9675],[1.8988,44.9677],[1.8984,44.9719],[1.9019,44.9731],[1.9021,44.9744],[1.9057,44.9752],[1.9076,44.9778],[1.9139,44.9789],[1.9199,44.9774],[1.9218,44.976],[1.9265,44.9778],[1.929,44.9784],[1.9334,44.9746],[1.9402,44.9718],[1.9415,44.9666],[1.9416,44.9627],[1.9425,44.957],[1.9402,44.9549],[1.9402,44.953],[1.9471,44.9536],[1.9508,44.9533],[1.9546,44.956],[1.9564,44.9599],[1.9664,44.9621],[1.9682,44.9639],[1.9739,44.9665],[1.977,44.9699],[1.981,44.9725],[1.9861,44.9748],[1.9913,44.9761],[1.9937,44.9746],[1.9968,44.9759],[1.9997,44.976],[2.006,44.9781],[2.0091,44.9774],[2.0173,44.9778],[2.0199,44.9797],[2.0238,44.9786],[2.0251,44.9802],[2.0289,44.9804],[2.0305,44.982],[2.0397,44.9818],[2.0453,44.9837],[2.0491,44.9791],[2.0534,44.9759],[2.0571,44.9764],[2.0601,44.975],[2.0629,44.9766],[2.0638,44.975],[2.0672,44.9734],[2.0677,44.9687],[2.0692,44.9674],[2.0706,44.9626],[2.0747,44.9601],[2.0757,44.9574],[2.0806,44.954],[2.0802,44.9498],[2.0784,44.9477],[2.0803,44.9438],[2.0762,44.9416],[2.077,44.9395],[2.0765,44.9341],[2.079,44.9325],[2.0821,44.9329],[2.0892,44.9288],[2.0911,44.9263],[2.0967,44.9227],[2.0986,44.9228],[2.102,44.9195],[2.1022,44.9163],[2.105,44.9143],[2.105,44.9128],[2.1081,44.9106],[2.105,44.9082],[2.1012,44.9073],[2.1009,44.9057],[2.0922,44.9043],[2.0887,44.9032],[2.0863,44.9012],[2.0858,44.8979],[2.0837,44.8955],[2.084,44.8914],[2.0849,44.889],[2.0836,44.8863],[2.0897,44.8821],[2.0908,44.8757],[2.0925,44.8754],[2.0935,44.8724],[2.0965,44.8714],[2.1021,44.8667],[2.1052,44.8618],[2.1125,44.8542],[2.1147,44.8529],[2.1171,44.8484],[2.1228,44.8476],[2.1228,44.8466],[2.127,44.8446],[2.1264,44.8428],[2.1277,44.8406],[2.1283,44.8363],[2.1315,44.8348],[2.1341,44.8306],[2.1351,44.8272],[2.1397,44.824],[2.145,44.8229],[2.1465,44.8212],[2.1536,44.8166],[2.1588,44.8165],[2.1631,44.8139],[2.1648,44.8139],[2.168,44.8107],[2.1657,44.8087],[2.1648,44.8038],[2.1666,44.8013],[2.1665,44.7992],[2.1694,44.7921],[2.1715,44.7904],[2.1716,44.7856],[2.1682,44.7829],[2.1686,44.782],[2.1698,44.7778],[2.1664,44.7771],[2.1654,44.7753],[2.167,44.7732],[2.1633,44.771],[2.1591,44.7728],[2.157,44.771],[2.1533,44.7717],[2.1509,44.77],[2.1491,44.7697],[2.1485,44.7673],[2.1495,44.7656],[2.1473,44.7631],[2.1497,44.7607],[2.15,44.7586],[2.1536,44.7528],[2.155,44.7513],[2.1515,44.7444],[2.1558,44.743],[2.153,44.7413],[2.1512,44.7375],[2.152,44.7351],[2.15,44.7293],[2.1511,44.7284],[2.1476,44.7263],[2.1476,44.7237],[2.1492,44.7222],[2.1456,44.7193],[2.1435,44.7168],[2.1384,44.7149],[2.1378,44.712],[2.1355,44.7104],[2.1316,44.7094],[2.1313,44.7024],[2.1301,44.6992],[2.13,44.6985],[2.1385,44.6931],[2.1435,44.6938],[2.1476,44.6953],[2.1531,44.6999],[2.1553,44.7002],[2.1596,44.6974],[2.1623,44.6914],[2.168,44.685],[2.1697,44.6825],[2.1729,44.6808],[2.1744,44.6775],[2.1793,44.6745],[2.1766,44.6731],[2.1727,44.667],[2.1689,44.6645],[2.1656,44.6648],[2.1617,44.6635],[2.1663,44.6613],[2.1678,44.6609],[2.1721,44.6553],[2.1746,44.6533],[2.1749,44.6516],[2.1708,44.6483],[2.1689,44.6477],[2.1696,44.6381],[2.1741,44.6344],[2.1767,44.6355],[2.1822,44.6329],[2.1832,44.6308],[2.1863,44.6286],[2.1904,44.6292],[2.1912,44.6275],[2.1946,44.627],[2.1932,44.625],[2.1976,44.6234],[2.2,44.6209],[2.203,44.6198],[2.2055,44.6164],[2.2078,44.6158],[2.2103,44.6186],[2.2141,44.6197],[2.2177,44.6221],[2.2207,44.6221],[2.2207,44.6234],[2.2158,44.6248],[2.2119,44.6314],[2.2111,44.6364],[2.2115,44.6403],[2.2084,44.6438],[2.2159,44.6507],[2.217,44.6505],[2.2251,44.6525],[2.2286,44.6551],[2.2343,44.6555],[2.2412,44.653],[2.2509,44.652],[2.2577,44.6553],[2.2609,44.6589],[2.264,44.6605],[2.2681,44.6611],[2.2704,44.6606],[2.275,44.6616],[2.2807,44.6639],[2.2852,44.6669],[2.2874,44.6657],[2.2936,44.6671],[2.3001,44.6638],[2.3054,44.6623],[2.3114,44.6653],[2.3162,44.6653],[2.3242,44.6692],[2.3279,44.6683],[2.3324,44.6645],[2.3337,44.6647],[2.3366,44.662],[2.3362,44.6597],[2.3377,44.6566],[2.3342,44.6545],[2.3345,44.6517],[2.3326,44.6506],[2.3332,44.6487],[2.3376,44.6479],[2.3406,44.646],[2.3466,44.644],[2.3491,44.6409],[2.3543,44.6401],[2.3575,44.6417],[2.3666,44.6415],[2.3714,44.645],[2.3762,44.6466],[2.3781,44.65],[2.3803,44.6515],[2.3893,44.6486],[2.3875,44.6453],[2.3905,44.6438],[2.3943,44.6462],[2.3975,44.6464],[2.4005,44.6455],[2.4054,44.6473],[2.4097,44.6459],[2.4141,44.6434],[2.4166,44.6428],[2.4236,44.6443],[2.4283,44.6431],[2.43,44.6404],[2.4336,44.639],[2.4357,44.6391],[2.4444,44.6439],[2.4446,44.6466],[2.4485,44.6487],[2.4515,44.6484],[2.4562,44.6461],[2.4622,44.6451],[2.4677,44.6429],[2.4687,44.6453],[2.4689,44.6496],[2.4722,44.6522],[2.4788,44.6491],[2.4839,44.6508],[2.4857,44.653],[2.4869,44.6563],[2.491,44.658],[2.4877,44.6628],[2.4875,44.666],[2.4886,44.6706],[2.4909,44.6719],[2.4948,44.6777],[2.5003,44.6905],[2.5025,44.6907],[2.5063,44.6932],[2.5092,44.6932],[2.511,44.6958],[2.5141,44.6931],[2.5189,44.6991],[2.5195,44.7022],[2.518,44.7042],[2.5238,44.705],[2.5266,44.7076],[2.532,44.711],[2.5364,44.712],[2.5409,44.7117],[2.5408,44.7135],[2.5487,44.7163],[2.5491,44.7189],[2.5551,44.7212],[2.559,44.7197],[2.5578,44.7253],[2.5608,44.7271],[2.5548,44.7286],[2.5536,44.7252],[2.5474,44.7248],[2.5443,44.7253],[2.5457,44.7279],[2.5495,44.7285],[2.5521,44.7314],[2.5557,44.7346],[2.5507,44.7363],[2.5544,44.7391],[2.5514,44.742],[2.5547,44.7431],[2.5547,44.7448],[2.5507,44.7471],[2.5533,44.7494],[2.5522,44.7528],[2.5499,44.755],[2.5534,44.7573],[2.5573,44.7571],[2.56,44.761],[2.5607,44.7637],[2.5631,44.7659],[2.5623,44.7672],[2.5633,44.7706],[2.5648,44.7723],[2.5626,44.7751],[2.5623,44.7777],[2.5643,44.7781],[2.5732,44.7847],[2.5778,44.786],[2.5831,44.7837],[2.5865,44.7839],[2.5928,44.7888],[2.5967,44.7904],[2.6004,44.7935],[2.5995,44.7955],[2.6006,44.7982],[2.6006,44.801],[2.5989,44.802],[2.6001,44.8066],[2.6018,44.8082],[2.6005,44.8097],[2.6006,44.8134],[2.5992,44.8149],[2.5981,44.8208],[2.6019,44.8219],[2.6035,44.8239],[2.6059,44.8232],[2.6077,44.8261],[2.61,44.8259],[2.6102,44.8292],[2.6115,44.8311],[2.6081,44.8373],[2.6036,44.839],[2.6027,44.8432],[2.6046,44.8447],[2.607,44.8445],[2.6102,44.8476],[2.6116,44.8477],[2.6154,44.8527],[2.6186,44.852],[2.6175,44.8565],[2.621,44.8593],[2.6216,44.863],[2.6239,44.867],[2.6267,44.8677],[2.6266,44.8693],[2.629,44.8725],[2.6341,44.873],[2.6404,44.8718],[2.6437,44.8699],[2.6478,44.8708],[2.651,44.8695],[2.6562,44.8724],[2.6587,44.8766],[2.6593,44.8833],[2.6578,44.8863],[2.6593,44.888],[2.6648,44.8897],[2.6668,44.8931],[2.6707,44.8956],[2.6726,44.899],[2.6744,44.9004],[2.6762,44.9039],[2.6802,44.9043],[2.6819,44.9073],[2.6834,44.905],[2.6874,44.9058],[2.6903,44.9021],[2.6925,44.904],[2.7002,44.904],[2.7064,44.9071],[2.7083,44.9083],[2.7075,44.911],[2.7098,44.9147],[2.7111,44.9192],[2.7156,44.9239],[2.7136,44.9271],[2.7167,44.9289],[2.7222,44.9246],[2.7238,44.9245],[2.7263,44.9295],[2.7264,44.9335],[2.7291,44.937],[2.7316,44.9369],[2.7377,44.9404],[2.7384,44.9414],[2.742,44.9385],[2.743,44.9348],[2.7412,44.9328],[2.7423,44.9289],[2.7516,44.934],[2.7561,44.9326],[2.7603,44.9301],[2.7607,44.9263],[2.762,44.9246],[2.7719,44.918],[2.7758,44.9096],[2.7717,44.9018],[2.772,44.8985],[2.7735,44.8971],[2.7758,44.8902],[2.7784,44.8875],[2.7755,44.884],[2.774,44.8802],[2.7707,44.8799],[2.7711,44.876],[2.7688,44.8744],[2.7709,44.8711],[2.7684,44.8702],[2.7672,44.8657],[2.7709,44.8604],[2.7706,44.8589],[2.7728,44.8553],[2.7758,44.8576],[2.7814,44.8578],[2.7829,44.8619],[2.7908,44.8677],[2.7945,44.8687],[2.7987,44.869],[2.8017,44.8735],[2.8073,44.8743],[2.8087,44.8737],[2.8136,44.8692],[2.8163,44.8694],[2.819,44.8716],[2.8269,44.8706],[2.8306,44.8724],[2.838,44.8713],[2.8426,44.8728],[2.8467,44.8717],[2.8507,44.8718],[2.8547,44.8741],[2.857,44.8753],[2.8598,44.8744],[2.8593,44.871],[2.8614,44.8679],[2.8564,44.8656],[2.8566,44.8599],[2.8548,44.8539],[2.8562,44.8521],[2.8546,44.8507],[2.8568,44.8488],[2.8596,44.8505],[2.8619,44.848],[2.8657,44.8471],[2.8641,44.8427],[2.8594,44.8423],[2.8596,44.8392],[2.8617,44.8359],[2.868,44.8334],[2.8704,44.8294],[2.8704,44.8239],[2.8721,44.8184],[2.8756,44.8156],[2.8776,44.8099],[2.8772,44.807],[2.8791,44.8038],[2.8844,44.7962],[2.8886,44.7923],[2.8894,44.7908],[2.8876,44.7892],[2.8899,44.7876],[2.8985,44.7846],[2.9051,44.7839],[2.9098,44.7874],[2.9116,44.7906],[2.916,44.7916],[2.9202,44.7943],[2.925,44.7914],[2.9263,44.7878],[2.9305,44.7853],[2.9333,44.7811],[2.9373,44.7751],[2.9356,44.7739],[2.9344,44.7707],[2.9357,44.767],[2.9333,44.7654],[2.9307,44.7618],[2.9277,44.7634],[2.925,44.7636],[2.922,44.7659],[2.9198,44.7656],[2.9165,44.7674],[2.9134,44.7645],[2.912,44.7605],[2.9157,44.7579],[2.916,44.7566],[2.92,44.7549],[2.927,44.7577],[2.9278,44.7562],[2.9336,44.75],[2.9333,44.7459],[2.9348,44.744],[2.9322,44.7382],[2.9284,44.7335],[2.9238,44.7289],[2.9256,44.7271],[2.9276,44.7203],[2.9309,44.713],[2.9351,44.705],[2.9338,44.697],[2.9349,44.6941],[2.9382,44.6934],[2.9387,44.6909],[2.9416,44.6865],[2.944,44.6851],[2.9385,44.6824],[2.9378,44.6799],[2.9394,44.6776],[2.9443,44.6771],[2.9483,44.6743],[2.9504,44.6702],[2.9545,44.6679],[2.956,44.6598],[2.9632,44.6587],[2.9619,44.6546],[2.9638,44.6542],[2.97,44.6486],[2.9733,44.6454],[2.9754,44.6447],[2.9817,44.6447],[2.9849,44.6504],[2.9817,44.652],[2.9834,44.6533],[2.9839,44.6569],[2.987,44.6613],[2.9955,44.67],[2.9995,44.6757],[3.0013,44.6813],[3.0004,44.6843],[3.0025,44.6862],[3.0009,44.6879],[3.0057,44.6912],[3.0085,44.6941],[3.0072,44.6954],[3.01,44.7012],[3.0132,44.7045],[3.0135,44.7095],[3.0166,44.7144],[3.02,44.7144],[3.0231,44.7133],[3.0249,44.7161],[3.0282,44.7171],[3.0322,44.7158],[3.0391,44.7151],[3.0381,44.721],[3.0343,44.7292],[3.0282,44.7282],[3.0269,44.7296],[3.0288,44.7334],[3.0306,44.736],[3.0305,44.7411],[3.0318,44.7426],[3.03,44.7461],[3.0309,44.7491],[3.035,44.7515],[3.0347,44.7543],[3.0373,44.7577],[3.0422,44.7595],[3.0436,44.7611],[3.0493,44.7631],[3.0482,44.7653],[3.0454,44.7675],[3.0447,44.7704],[3.0426,44.7723],[3.0462,44.7769],[3.0497,44.7786],[3.0499,44.7817],[3.0498,44.7847],[3.0517,44.7851],[3.0485,44.7883],[3.0481,44.7916],[3.0493,44.794],[3.0459,44.7978],[3.0465,44.8016],[3.0481,44.8042],[3.0521,44.8057],[3.0565,44.8095],[3.0581,44.8132],[3.0616,44.8153],[3.0615,44.8177],[3.0639,44.8201],[3.069,44.8228],[3.0721,44.8226],[3.0773,44.8246],[3.0742,44.8259],[3.0713,44.8343],[3.0723,44.8376],[3.083,44.8337],[3.0901,44.8327],[3.0938,44.8333],[3.099,44.833],[3.0995,44.8402],[3.0977,44.8431],[3.1003,44.8439],[3.0968,44.8466],[3.0991,44.8495],[3.0949,44.8507],[3.0953,44.8521],[3.0933,44.8549],[3.0967,44.8588],[3.1019,44.8612],[3.1049,44.8664],[3.1081,44.8664],[3.1025,44.871],[3.103,44.8749],[3.1069,44.8777],[3.1068,44.8797],[3.103,44.8846],[3.1036,44.8868],[3.1099,44.8871],[3.1133,44.8896],[3.1151,44.8943],[3.1171,44.8944],[3.1176,44.89],[3.1234,44.8894],[3.1243,44.8908],[3.1213,44.8943],[3.1217,44.8959],[3.1244,44.8968],[3.1256,44.901],[3.1281,44.9036],[3.1422,44.903],[3.1445,44.9017],[3.1445,44.8991],[3.1498,44.8942],[3.1528,44.8932],[3.1535,44.8895],[3.1599,44.8851],[3.1611,44.8815],[3.1641,44.8796],[3.165,44.8778],[3.1636,44.8741],[3.1675,44.8749],[3.17,44.8733],[3.1734,44.8727],[3.1801,44.8677],[3.1813,44.8647],[3.1871,44.8615],[3.1921,44.8628],[3.1937,44.866],[3.1923,44.8695],[3.1943,44.8716],[3.1994,44.8749],[3.2018,44.8753],[3.2108,44.8733],[3.2136,44.8749],[3.2156,44.8744],[3.2174,44.8772],[3.2201,44.8783],[3.2257,44.8822],[3.2278,44.8859],[3.2313,44.8856],[3.2364,44.8879],[3.2341,44.8898],[3.2272,44.8969],[3.2269,44.8988],[3.2291,44.9058],[3.2267,44.9098],[3.2363,44.9126],[3.2396,44.9145],[3.2425,44.9145],[3.2439,44.9161],[3.2499,44.9163],[3.2481,44.9217],[3.2442,44.9271],[3.2479,44.9283],[3.2474,44.9299],[3.2435,44.9316],[3.2417,44.9339],[3.2434,44.9357],[3.2462,44.9339],[3.251,44.9354],[3.2502,44.9382],[3.2486,44.9394],[3.253,44.9413],[3.2562,44.9416],[3.2632,44.9427],[3.2682,44.9415],[3.2624,44.9364],[3.2628,44.9318],[3.2693,44.9284],[3.2747,44.9266],[3.2812,44.9261],[3.2856,44.9263],[3.2896,44.9297],[3.2924,44.9314],[3.2986,44.9363],[3.2999,44.9395],[3.3076,44.941],[3.3086,44.9388],[3.3118,44.9378],[3.3165,44.9405],[3.3154,44.944],[3.3263,44.9498],[3.3294,44.952],[3.3379,44.9559],[3.3546,44.9549],[3.3554,44.9602],[3.3613,44.9714],[3.3623,44.9713],[3.3727,44.9758],[3.3703,44.9703],[3.3761,44.9647],[3.3725,44.9635],[3.3716,44.9604],[3.3741,44.9586],[3.3815,44.9546],[3.3853,44.9535],[3.3891,44.9513],[3.3912,44.952],[3.3947,44.9569],[3.397,44.9586],[3.3998,44.9574],[3.4044,44.9571],[3.4099,44.9494],[3.4125,44.945],[3.4153,44.9415],[3.4127,44.9388],[3.4139,44.9343],[3.4157,44.9306],[3.4161,44.9279],[3.4141,44.9252],[3.4139,44.9199],[3.4107,44.9177],[3.4141,44.9152],[3.4194,44.9084],[3.417,44.9063],[3.4195,44.9051],[3.418,44.9009],[3.4207,44.8949],[3.4272,44.8905],[3.436,44.8802],[3.4379,44.8725],[3.4387,44.8607],[3.4419,44.8542],[3.4448,44.8525],[3.4505,44.8471],[3.4515,44.8454],[3.4556,44.8443],[3.4587,44.8394],[3.4585,44.8358],[3.4555,44.8315],[3.4562,44.8291],[3.4617,44.8288],[3.4649,44.8273],[3.4679,44.8238],[3.47,44.8226],[3.474,44.8165],[3.4775,44.8137],[3.4785,44.8098],[3.4825,44.8078],[3.4871,44.8064],[3.4913,44.8082],[3.4928,44.8099],[3.4937,44.814],[3.4987,44.8188],[3.5061,44.8241],[3.5073,44.8242],[3.512,44.8249],[3.5194,44.8252],[3.5314,44.8276],[3.5371,44.8283],[3.546,44.8278],[3.5527,44.8257],[3.5617,44.8249],[3.5625,44.828],[3.5603,44.8328],[3.5643,44.8328],[3.5722,44.835],[3.5747,44.8348],[3.5773,44.8299],[3.5789,44.8256],[3.5826,44.8262],[3.5881,44.8262],[3.5902,44.8274],[3.5892,44.8332],[3.5869,44.8367],[3.5884,44.8386],[3.5909,44.8386],[3.5946,44.8412],[3.5926,44.8432],[3.5917,44.8471],[3.5958,44.8528],[3.5948,44.8547],[3.5979,44.8568],[3.5967,44.859],[3.5992,44.8598],[3.5984,44.8626],[3.5944,44.8676],[3.5953,44.8743],[3.5935,44.8766],[3.5985,44.8775],[3.6034,44.8793],[3.6082,44.8791],[3.6119,44.8752],[3.6146,44.8743],[3.6182,44.8758],[3.6226,44.8759],[3.6229,44.8782],[3.6263,44.88],[3.6302,44.8809],[3.6311,44.8784],[3.6364,44.8776],[3.6396,44.8785],[3.644,44.8771],[3.6502,44.874],[3.6527,44.8761],[3.6616,44.8669],[3.6633,44.8615],[3.6657,44.8597],[3.6668,44.8574],[3.6727,44.8566],[3.6739,44.8541],[3.6706,44.8511],[3.6721,44.8433],[3.6697,44.8408],[3.6663,44.8398],[3.6576,44.8361],[3.6594,44.8335],[3.6632,44.8298],[3.6663,44.8286],[3.6699,44.8289],[3.6746,44.8304],[3.6814,44.83],[3.6862,44.8302],[3.6871,44.8318],[3.6923,44.832],[3.6966,44.8308],[3.6993,44.8336],[3.6981,44.8355],[3.6997,44.8367],[3.7041,44.8359],[3.7107,44.8365],[3.7144,44.8332],[3.7175,44.8316],[3.7223,44.8309],[3.7283,44.8339],[3.7346,44.8329],[3.737,44.8361],[3.7349,44.8379],[3.7355,44.8401],[3.7386,44.8386],[3.743,44.8388],[3.7451,44.8369],[3.7464,44.8299],[3.7515,44.8285],[3.7517,44.8256],[3.7497,44.824],[3.7515,44.8216],[3.7549,44.8202],[3.7559,44.8169],[3.7595,44.8161],[3.7615,44.8135],[3.7629,44.8098],[3.7587,44.8069],[3.7608,44.8045],[3.7612,44.8016],[3.7642,44.8005],[3.7664,44.8032],[3.7713,44.8033],[3.7739,44.8006],[3.7711,44.7977],[3.7751,44.7966],[3.7776,44.7988],[3.7794,44.7959],[3.7829,44.7956],[3.7871,44.7938],[3.7879,44.7922],[3.7966,44.7868],[3.7985,44.7862],[3.8031,44.7816],[3.802,44.7802],[3.8049,44.773],[3.803,44.7708],[3.8097,44.7652],[3.8119,44.7659],[3.8123,44.769],[3.8161,44.7685],[3.8193,44.7727],[3.8287,44.7747],[3.8332,44.7767],[3.835,44.7735],[3.8418,44.7723],[3.8431,44.7697],[3.8424,44.7671],[3.8403,44.7651],[3.837,44.76],[3.8339,44.7575],[3.8311,44.7566],[3.8298,44.7548],[3.8347,44.7525],[3.8363,44.7511],[3.8352,44.7483],[3.8412,44.7467],[3.8434,44.7471],[3.8477,44.7453],[3.8502,44.7466],[3.8552,44.7464],[3.8626,44.744],[3.8666,44.7431],[3.8698,44.7412],[3.8755,44.7406],[3.8768,44.7391],[3.878,44.7325],[3.8748,44.7309],[3.8713,44.7302],[3.8708,44.7282],[3.8667,44.7284],[3.8643,44.7233],[3.8617,44.7191],[3.8643,44.7182],[3.8615,44.7109],[3.8645,44.7107],[3.8668,44.7089],[3.8706,44.7089],[3.8722,44.7059],[3.867,44.703],[3.8693,44.7008],[3.8695,44.6972],[3.8758,44.6962],[3.8823,44.6981],[3.8841,44.6975],[3.8844,44.6939],[3.8826,44.6911],[3.8779,44.69],[3.8764,44.6851],[3.8737,44.6831],[3.8693,44.6784],[3.8722,44.6751],[3.8781,44.6747],[3.8788,44.673],[3.8778,44.6687],[3.8794,44.6668],[3.8837,44.665],[3.8824,44.6589],[3.8853,44.656],[3.889,44.6573],[3.8909,44.6564],[3.8948,44.6501],[3.8945,44.6483],[3.8978,44.6441],[3.8954,44.6424],[3.8934,44.6411],[3.8958,44.638],[3.8938,44.6333],[3.8947,44.6314],[3.8926,44.6276],[3.8924,44.6226],[3.8941,44.6154],[3.8936,44.6135],[3.8957,44.6124],[3.8985,44.6135],[3.9047,44.6127],[3.9062,44.6115],[3.908,44.6076],[3.906,44.6046],[3.9071,44.6027],[3.9035,44.5973],[3.9062,44.5958],[3.9058,44.5924],[3.915,44.5905],[3.9182,44.5884],[3.9191,44.5852],[3.9155,44.5826],[3.9177,44.578],[3.9229,44.5736],[3.9234,44.5718],[3.9277,44.5705],[3.9296,44.5688],[3.9319,44.5719],[3.9363,44.5738],[3.9486,44.573],[3.9527,44.5682],[3.9551,44.5667],[3.9545,44.5652],[3.959,44.5586],[3.9582,44.5569],[3.9606,44.5534],[3.9598,44.551],[3.9616,44.5497],[3.963,44.5437],[3.966,44.5402],[3.9657,44.538],[3.9661,44.5358],[3.9692,44.5343],[3.9699,44.5317],[3.9722,44.528],[3.9712,44.5268],[3.9753,44.5239],[3.979,44.5229],[3.9798,44.52],[3.9788,44.5176],[3.9768,44.517],[3.9805,44.5163],[3.9843,44.511],[3.9836,44.5083],[3.9858,44.5058],[3.9887,44.504],[3.9862,44.5023],[3.9883,44.4987],[3.9862,44.4974],[3.9871,44.4952],[3.9845,44.4939],[3.9869,44.4909],[3.9851,44.4888],[3.9871,44.4873],[3.985,44.4836],[3.9875,44.4809],[3.9857,44.4777],[3.9885,44.4721],[3.9924,44.4702],[3.9922,44.4676],[3.9957,44.4667],[3.9975,44.4646],[3.997,44.462],[3.9984,44.4597],[4.0018,44.4591],[4.0042,44.4564],[4.01,44.4563],[4.0109,44.4548],[4.0153,44.4537],[4.0147,44.4509],[4.0194,44.4497],[4.0233,44.4457],[4.0291,44.4463],[4.0326,44.4459],[4.0343,44.4436],[4.0372,44.4461],[4.0395,44.4424],[4.0418,44.4409],[4.0426,44.4367],[4.0453,44.4354],[4.0463,44.4318],[4.0419,44.4277],[4.0427,44.4264],[4.0354,44.4201],[4.0397,44.418],[4.0466,44.4184],[4.0574,44.4135],[4.0613,44.4091],[4.0642,44.4082],[4.0684,44.405],[4.0667,44.4013],[4.0623,44.3987],[4.0645,44.3945],[4.0577,44.3944],[4.0561,44.3927],[4.0528,44.3955],[4.0478,44.3974],[4.0442,44.3944],[4.0422,44.3946],[4.0402,44.3916],[4.0438,44.3845],[4.0463,44.3834],[4.0482,44.3808],[4.0531,44.3789],[4.0516,44.3774],[4.0507,44.3738],[4.053,44.3702],[4.053,44.367],[4.0573,44.3637],[4.057,44.3614],[4.0533,44.359],[4.0547,44.3523],[4.0541,44.35],[4.0507,44.3472],[4.051,44.344],[4.053,44.3418],[4.0537,44.3381],[4.0499,44.3368],[4.0479,44.3341],[4.0426,44.3329],[4.0404,44.3313],[4.0357,44.3297],[4.0395,44.3274],[4.0433,44.324],[4.0463,44.324],[4.0462,44.3217],[4.0493,44.3215],[4.0469,44.319],[4.0517,44.317],[4.0544,44.3188],[4.0599,44.3203],[4.0613,44.3221],[4.0695,44.3252],[4.0737,44.3298],[4.0772,44.3288],[4.0856,44.3286],[4.0863,44.3304],[4.0933,44.3306],[4.0931,44.3343],[4.0966,44.3348],[4.1013,44.3335],[4.1041,44.3341],[4.1094,44.3309],[4.1131,44.3294],[4.1168,44.3294],[4.1193,44.3328],[4.1233,44.336],[4.1271,44.3376],[4.1321,44.3357],[4.1333,44.3319],[4.1353,44.331],[4.1368,44.3285],[4.1419,44.3275],[4.1406,44.3262],[4.1424,44.3227],[4.1411,44.318],[4.1429,44.3132],[4.1484,44.3136],[4.1575,44.3123],[4.1639,44.3121],[4.1687,44.3138],[4.171,44.3169],[4.1742,44.318],[4.1778,44.3176],[4.1786,44.3151],[4.1778,44.3129],[4.1827,44.306],[4.1834,44.3027],[4.1865,44.2998],[4.1888,44.2986],[4.1983,44.2962],[4.2102,44.2925],[4.2152,44.2907],[4.2162,44.289],[4.2252,44.2829],[4.2266,44.2801],[4.2285,44.2799],[4.2304,44.2769],[4.234,44.275],[4.2394,44.272],[4.2416,44.2697],[4.2444,44.2687],[4.2492,44.2658],[4.2585,44.2643],[4.2638,44.269],[4.2719,44.2712],[4.2768,44.2744],[4.279,44.2773],[4.2805,44.2836],[4.2837,44.2853],[4.2844,44.2875],[4.2885,44.2918],[4.2892,44.2925],[4.2907,44.3088],[4.2894,44.3098],[4.2882,44.3148],[4.2901,44.3166],[4.2951,44.3136],[4.3035,44.3148],[4.3086,44.3176],[4.3157,44.3202],[4.3218,44.324],[4.3256,44.3307],[4.3286,44.3317],[4.33,44.3339],[4.3277,44.3373],[4.3258,44.3383],[4.3303,44.3389],[4.3447,44.3398],[4.3512,44.3394],[4.3617,44.3402],[4.368,44.3394],[4.376,44.3421],[4.3798,44.3426],[4.3841,44.3443],[4.3877,44.3471],[4.3914,44.3468],[4.3955,44.344],[4.4033,44.3336],[4.4014,44.328],[4.3908,44.3031],[4.3895,44.301],[4.3927,44.3007],[4.3937,44.2971],[4.3932,44.2945],[4.3958,44.2905],[4.3993,44.2891],[4.4004,44.2874],[4.4033,44.2888],[4.4122,44.2876],[4.4175,44.288],[4.4207,44.2871],[4.4267,44.2876],[4.4293,44.2898],[4.4317,44.2904],[4.4317,44.2871],[4.4335,44.2868],[4.4344,44.2833],[4.4403,44.2836],[4.4406,44.285],[4.4438,44.2863],[4.4462,44.2888],[4.4465,44.2926],[4.4475,44.294],[4.4521,44.2965],[4.4533,44.2979],[4.4484,44.2966],[4.4497,44.3103],[4.4508,44.3342],[4.4531,44.3389],[4.4576,44.3416],[4.4649,44.3417],[4.4673,44.3403],[4.4713,44.3418],[4.4747,44.3421],[4.4794,44.3372],[4.4822,44.3368],[4.4875,44.3387],[4.4996,44.3383],[4.5034,44.3399],[4.5024,44.3431],[4.506,44.344],[4.5072,44.3417],[4.5067,44.338],[4.5084,44.3366],[4.5121,44.3354],[4.513,44.3338],[4.5116,44.3317],[4.5121,44.3287],[4.5148,44.3282],[4.5191,44.3302],[4.5227,44.3305],[4.5248,44.3297],[4.5282,44.3256],[4.5326,44.3226],[4.5407,44.3237],[4.5445,44.326],[4.5474,44.3266],[4.5493,44.3246],[4.5477,44.3229],[4.5452,44.322],[4.545,44.3203],[4.5483,44.3173],[4.5509,44.3138],[4.553,44.3092],[4.5597,44.3021],[4.5629,44.3009],[4.57,44.2993],[4.5742,44.3008],[4.578,44.3],[4.5801,44.2979],[4.588,44.2943],[4.5931,44.294],[4.5965,44.292],[4.5997,44.2918],[4.6056,44.291],[4.6093,44.2892],[4.6122,44.2861],[4.6145,44.2794],[4.6164,44.2782],[4.6177,44.2781],[4.6235,44.2816],[4.6291,44.2842],[4.6349,44.2848],[4.6381,44.283],[4.6398,44.28],[4.6412,44.2744],[4.6458,44.2707],[4.6495,44.2703],[4.6494,44.263],[4.6516,44.2591],[4.6542,44.2542],[4.6617,44.2472],[4.6734,44.2396],[4.6771,44.2358],[4.6784,44.2322],[4.6782,44.2295],[4.6731,44.2185],[4.674,44.2147],[4.6774,44.2124],[4.6836,44.2125],[4.6942,44.2154],[4.7032,44.2157],[4.708,44.2131],[4.7098,44.2086],[4.7092,44.2062],[4.7047,44.2007],[4.7042,44.1975],[4.7058,44.1927],[4.7085,44.1918],[4.713,44.1916],[4.7201,44.1893],[4.7225,44.1873],[4.7218,44.1833],[4.7201,44.1803],[4.7197,44.1771],[4.7164,44.1767],[4.718,44.1736],[4.7159,44.1659],[4.7167,44.1626],[4.7181,44.1523],[4.719,44.1486],[4.7189,44.1446],[4.7174,44.1416],[4.713,44.1367],[4.7115,44.1337],[4.7116,44.1264],[4.7103,44.1184],[4.7069,44.1136],[4.7061,44.1078],[4.7078,44.1033],[4.713,44.0976],[4.7175,44.0938],[4.7193,44.0911],[4.7197,44.0861],[4.7197,44.0834],[4.7219,44.0803],[4.7269,44.0783],[4.7313,44.0796],[4.7379,44.0838],[4.7522,44.0883],[4.7574,44.0881],[4.7602,44.0872],[4.7608,44.0855],[4.7597,44.0819],[4.7605,44.079],[4.758,44.0773],[4.7597,44.075],[4.7619,44.0752],[4.7717,44.0707],[4.7765,44.0698],[4.785,44.0674],[4.7879,44.065],[4.7884,44.0613],[4.7872,44.0554],[4.7895,44.0515],[4.7957,44.048],[4.8078,44.0404],[4.8148,44.0337],[4.8167,44.031],[4.8172,44.0254],[4.8189,44.018],[4.8231,44.016],[4.828,44.0162],[4.8337,44.0157],[4.8392,44.0141],[4.8419,44.012],[4.8436,44.0091],[4.8443,44.0028],[4.8443,43.9998],[4.8456,43.9966],[4.8447,43.994],[4.8444,43.9893],[4.8427,43.9869],[4.8369,43.9852],[4.8319,43.9852],[4.8189,43.9885],[4.8131,43.9881],[4.8108,43.9841],[4.8097,43.9789],[4.8105,43.9754],[4.8142,43.9703],[4.8151,43.9666],[4.8119,43.962],[4.8052,43.9591],[4.7982,43.9572],[4.7938,43.9545],[4.7919,43.9524],[4.7886,43.9469],[4.7859,43.944],[4.7808,43.94],[4.7789,43.9379],[4.7688,43.9338],[4.7615,43.9349],[4.751,43.9325],[4.7461,43.9303],[4.7432,43.9281],[4.7393,43.9241],[4.7402,43.9198],[4.7354,43.9167],[4.7299,43.9126],[4.7234,43.9061],[4.7144,43.9022],[4.7,43.8982],[4.6994,43.8966],[4.7093,43.898],[4.7075,43.8956],[4.7039,43.8943],[4.7005,43.891],[4.6993,43.8888],[4.6929,43.8845],[4.6885,43.883],[4.6843,43.8823],[4.6703,43.8775],[4.6654,43.875],[4.6655,43.872],[4.6624,43.8708],[4.6607,43.8759],[4.6567,43.8748],[4.656,43.8737],[4.6485,43.869],[4.6421,43.8675],[4.6432,43.8632],[4.6471,43.8609],[4.6484,43.859],[4.6474,43.8569],[4.643,43.8546],[4.6413,43.8511],[4.645,43.8499],[4.6516,43.8524],[4.6575,43.8532],[4.663,43.8524],[4.6657,43.8504],[4.6667,43.8472],[4.6661,43.8445],[4.6625,43.8426],[4.6532,43.8404],[4.651,43.8383],[4.6455,43.8353],[4.643,43.8323],[4.6424,43.8303],[4.6445,43.8254],[4.6468,43.8255],[4.6481,43.8219],[4.6515,43.8182],[4.6537,43.8124],[4.6546,43.8085],[4.655,43.8028],[4.6546,43.7984],[4.6536,43.7963],[4.6531,43.7891],[4.6515,43.7827],[4.6475,43.7782],[4.6342,43.7668],[4.6325,43.7641],[4.6303,43.7626],[4.6283,43.7579],[4.6255,43.7486],[4.6238,43.7451],[4.6203,43.7396],[4.6142,43.7312],[4.6123,43.7247],[4.6122,43.7206],[4.6132,43.714],[4.6145,43.7099],[4.6169,43.7058],[4.6218,43.7009],[4.6254,43.6957],[4.6279,43.6887],[4.6273,43.6854],[4.6251,43.6854],[4.6222,43.6872],[4.6174,43.6888],[4.6137,43.6888],[4.6094,43.6869],[4.6025,43.6858],[4.5949,43.687],[4.5894,43.6895],[4.5821,43.6964],[4.5753,43.6981],[4.5642,43.6986],[4.5594,43.6991],[4.5536,43.7008],[4.5491,43.703],[4.5446,43.706],[4.5405,43.7075],[4.5362,43.7075],[4.5334,43.7068],[4.5276,43.7033],[4.5238,43.7022],[4.5083,43.7025],[4.4955,43.7015],[4.486,43.6989],[4.4844,43.6977],[4.4791,43.6914],[4.4762,43.6862],[4.4758,43.6824],[4.4785,43.6766],[4.4779,43.6732],[4.4758,43.6713],[4.4692,43.6695],[4.4591,43.6684],[4.4549,43.6669],[4.4508,43.6639],[4.447,43.6587],[4.4439,43.6531],[4.4406,43.6489],[4.4372,43.642],[4.4347,43.6341],[4.4312,43.6295],[4.4278,43.6271],[4.4262,43.6228],[4.4276,43.6203],[4.4325,43.6158],[4.4382,43.6116],[4.4429,43.61],[4.4468,43.6101],[4.4539,43.6113],[4.4645,43.6154],[4.469,43.6145],[4.4741,43.6102],[4.4753,43.6072],[4.4732,43.6032],[4.4677,43.5997],[4.4656,43.5972],[4.4619,43.5906],[4.4576,43.587],[4.4525,43.5843],[4.4489,43.5834],[4.4425,43.5833],[4.4316,43.5857],[4.4261,43.5854],[4.4202,43.5828],[4.413,43.5786],[4.4071,43.5759],[4.403,43.5732],[4.4059,43.572],[4.4119,43.5729],[4.4151,43.5726],[4.4167,43.5711],[4.416,43.5669],[4.4139,43.5647],[4.4088,43.5608],[4.406,43.5596],[4.4008,43.5595],[4.398,43.5605],[4.3888,43.5625],[4.3874,43.5623],[4.3864,43.558],[4.3824,43.5534],[4.3709,43.5489],[4.365,43.5472],[4.36,43.5469],[4.3536,43.5473],[4.3507,43.5469],[4.3489,43.5426],[4.3424,43.539],[4.3343,43.5354],[4.3314,43.5358],[4.318,43.543],[4.3158,43.5457],[4.3162,43.5479],[4.3226,43.5522],[4.3229,43.5541],[4.3185,43.5573],[4.3139,43.5556],[4.317,43.5536],[4.3159,43.5512],[4.3111,43.5512],[4.3079,43.5478],[4.308,43.5451],[4.3131,43.5391],[4.3163,43.5346],[4.3188,43.5323],[4.3227,43.5304],[4.3247,43.5282],[4.3204,43.5255],[4.3143,43.5246],[4.3099,43.5251],[4.3059,43.5213],[4.2975,43.5152],[4.2945,43.5142],[4.2876,43.5132],[4.2756,43.5089],[4.2702,43.5079],[4.2607,43.5081],[4.2544,43.5051],[4.2442,43.5014],[4.2397,43.4992],[4.238,43.4971],[4.2394,43.4935],[4.2307,43.4795],[4.2319,43.4751],[4.2303,43.4637],[4.2302,43.4605],[4.2278,43.4614],[4.2235,43.4617],[4.2115,43.4636],[4.2035,43.4646],[4.1901,43.4667],[4.1693,43.4718],[4.1625,43.4749],[4.1569,43.4768],[4.1439,43.4805],[4.1346,43.4838],[4.1302,43.4858],[4.1246,43.4891],[4.1206,43.4923],[4.1165,43.4976],[4.1143,43.5013],[4.111,43.5091],[4.1221,43.5108],[4.1228,43.5126],[4.1227,43.5195],[4.1259,43.5196],[4.1277,43.5177],[4.1262,43.5156],[4.127,43.5134],[4.1297,43.5121],[4.1337,43.5124],[4.1339,43.516],[4.1408,43.518],[4.1392,43.5205],[4.1371,43.521],[4.1326,43.5189],[4.1305,43.5187],[4.1288,43.5205],[4.1248,43.5219],[4.129,43.5234],[4.1343,43.5231],[4.1375,43.5253],[4.1391,43.5281],[4.1385,43.5323],[4.1367,43.533],[4.1312,43.5402],[4.1277,43.5435],[4.1216,43.547],[4.1114,43.5513],[4.1013,43.5547],[4.0995,43.5541],[4.0894,43.5561],[4.0828,43.5562],[4.0837,43.5579],[4.0818,43.5603],[4.0782,43.5586],[4.0806,43.5564],[4.0794,43.5555],[4.0747,43.5565],[4.0658,43.5573],[4.0554,43.5575],[4.0445,43.5571],[4.0375,43.5564],[4.0312,43.5558],[4.009,43.5525],[4.0053,43.5511],[3.9924,43.5475],[3.987,43.5464],[3.982,43.5442],[3.9693,43.5402],[3.963,43.5383],[3.9475,43.5319],[3.9383,43.5291],[3.9348,43.5275],[3.9357,43.5241],[3.9312,43.5263],[3.9204,43.5221],[3.9168,43.5201],[3.9133,43.5196],[3.9074,43.5171],[3.8923,43.51],[3.8698,43.4977],[3.8521,43.487],[3.8438,43.4815],[3.8347,43.4747],[3.8304,43.4708],[3.8299,43.4702],[3.826,43.4666],[3.8234,43.4641],[3.8179,43.4575],[3.8089,43.4503],[3.8013,43.4439],[3.7971,43.4412],[3.7907,43.438],[3.78,43.4333],[3.7767,43.4313],[3.7736,43.4312],[3.7528,43.4256],[3.7488,43.424],[3.7466,43.4209],[3.7404,43.422],[3.7304,43.4186],[3.7323,43.4156],[3.7251,43.4132],[3.7255,43.4076],[3.723,43.4072],[3.7217,43.409],[3.7187,43.4083],[3.7136,43.4054],[3.7162,43.4008],[3.7147,43.3993],[3.7111,43.3986],[3.7092,43.4024],[3.707,43.4019],[3.7084,43.3991],[3.7066,43.3985],[3.7042,43.4011],[3.7058,43.4041],[3.7001,43.4026],[3.6999,43.3983],[3.6963,43.3971],[3.6957,43.3952],[3.6917,43.3921],[3.6802,43.393],[3.6769,43.391],[3.6734,43.3908],[3.6726,43.393],[3.6699,43.3941],[3.6683,43.3929],[3.6652,43.3933],[3.6611,43.3924],[3.6588,43.3908],[3.6545,43.3899],[3.6472,43.3864],[3.6378,43.3806],[3.6254,43.3722],[3.6163,43.3654],[3.6027,43.3559],[3.5938,43.3488],[3.577,43.335],[3.5746,43.3333],[3.5662,43.3263],[3.5587,43.3192],[3.5558,43.3175],[3.5542,43.3153],[3.5443,43.307],[3.5394,43.3024],[3.5283,43.2919],[3.5287,43.2911],[3.5249,43.2874],[3.5236,43.2846],[3.5216,43.2832],[3.5208,43.281],[3.5154,43.2767],[3.5151,43.2745],[3.509,43.2746],[3.512,43.279],[3.5146,43.2804],[3.5133,43.2834],[3.5099,43.2835],[3.5056,43.2811],[3.5032,43.281],[3.5017,43.2827],[3.4999,43.2818],[3.501,43.2805],[3.4972,43.2786],[3.499,43.2771],[3.5045,43.2759],[3.507,43.2732],[3.5013,43.2742],[3.4951,43.2748],[3.4858,43.2738],[3.4785,43.2744],[3.4771,43.276],[3.473,43.2764],[3.4684,43.2754],[3.4592,43.2791],[3.4565,43.2809],[3.4507,43.2825],[3.4444,43.2823],[3.4361,43.2886],[3.4318,43.2899],[3.4291,43.2899],[3.4225,43.2898],[3.4127,43.2891],[3.4116,43.2882],[3.407,43.2887],[3.3947,43.2862],[3.3937,43.2863],[3.3795,43.2823],[3.3649,43.2773],[3.3507,43.2719],[3.3451,43.2692],[3.3357,43.2654],[3.3269,43.2614],[3.3126,43.2542],[3.3006,43.2478],[3.299,43.2463],[3.2932,43.2442],[3.2923,43.2427],[3.2884,43.2426],[3.2839,43.241],[3.2712,43.2341],[3.2567,43.2249],[3.2469,43.2172],[3.2401,43.2128],[3.2322,43.209],[3.2243,43.2035],[3.2223,43.2016],[3.2073,43.1901],[3.1944,43.1795],[3.1916,43.176],[3.1895,43.1752],[3.1835,43.1696],[3.1812,43.1712],[3.1814,43.1688],[3.1754,43.1642],[3.1643,43.1539],[3.1534,43.143],[3.1507,43.1398],[3.1517,43.1384],[3.1497,43.1386],[3.1412,43.1297],[3.133,43.1197],[3.1308,43.118],[3.1287,43.1144],[3.1325,43.1105],[3.13,43.1099],[3.123,43.1095],[3.123,43.1087],[3.1177,43.103],[3.1117,43.0946],[3.1038,43.0854],[3.1031,43.084],[3.0958,43.074],[3.0925,43.0684],[3.0884,43.063],[3.0849,43.0576],[3.0835,43.0547],[3.0729,43.0365],[3.0708,43.0353],[3.0712,43.0334],[3.0677,43.0264],[3.0641,43.0204],[3.0674,43.0146],[3.0635,43.0123],[3.0572,43.0015],[3.0496,42.9808],[3.0443,42.9638],[3.0434,42.9602],[3.0394,42.9433],[3.0385,42.9372],[3.0395,42.9311],[3.0408,42.9296],[3.0467,42.9283],[3.0546,42.9257],[3.0545,42.9235],[3.0588,42.9207],[3.0606,42.9175],[3.0577,42.9085],[3.0565,42.9034],[3.054,42.8962],[3.0513,42.886],[3.0519,42.8834],[3.05,42.8775],[3.0504,42.8742],[3.0477,42.8744],[3.0448,42.8713],[3.0427,42.8733],[3.0401,42.8717],[3.0313,42.8609],[3.033,42.8569],[3.0371,42.8594],[3.0362,42.8617],[3.0423,42.8658],[3.0433,42.869],[3.0504,42.8706],[3.0461,42.8542],[3.0443,42.8452],[3.0435,42.8381],[3.0421,42.8311],[3.041,42.8196],[3.04,42.8147],[3.04,42.8105],[3.039,42.8029],[3.0369,42.7966],[3.0412,42.7972],[3.0394,42.7889],[3.0389,42.7829],[3.0391,42.7795],[3.0377,42.7545],[3.0392,42.7506],[3.0385,42.7434],[3.0377,42.7307],[3.0391,42.7289],[3.0396,42.7232],[3.0351,42.7218],[3.0405,42.7231],[3.0398,42.7185],[3.0403,42.7163],[3.0391,42.7134],[3.0392,42.7101],[3.038,42.705],[3.0367,42.7046],[3.0324,42.7061],[3.0323,42.7037],[3.0391,42.7015],[3.0378,42.6992],[3.0364,42.69],[3.036,42.6837],[3.0346,42.669],[3.0342,42.6604],[3.0358,42.6554],[3.0354,42.652],[3.0355,42.6407],[3.0357,42.6337],[3.0362,42.632],[3.0366,42.6253],[3.0355,42.6218],[3.0385,42.6197],[3.0352,42.6179],[3.0375,42.6132],[3.0386,42.6176],[3.0401,42.6184],[3.0416,42.6054],[3.0433,42.5996],[3.0442,42.5937],[3.0452,42.5896],[3.0459,42.573],[3.0494,42.5505],[3.0519,42.5433],[3.0482,42.5419],[3.0485,42.5399],[3.0539,42.5415],[3.0574,42.5366],[3.0609,42.5353],[3.0646,42.5352],[3.0683,42.5359],[3.0762,42.5337],[3.081,42.5324],[3.0858,42.5275],[3.0851,42.5245],[3.0894,42.5247],[3.0916,42.5259],[3.0956,42.5237],[3.0991,42.5237],[3.1015,42.525],[3.1065,42.5258],[3.1096,42.5252],[3.1137,42.5207],[3.1079,42.5191],[3.1118,42.5177],[3.1143,42.5192],[3.1171,42.5194],[3.1203,42.5216],[3.1228,42.5217],[3.1302,42.5182],[3.1359,42.5169],[3.1384,42.5153],[3.1323,42.5121],[3.1334,42.511],[3.13,42.5094],[3.1291,42.5079],[3.1244,42.5044],[3.1252,42.5018],[3.1273,42.502],[3.1293,42.4995],[3.1333,42.5008],[3.1355,42.5004],[3.1348,42.4981],[3.133,42.4974],[3.1327,42.4951],[3.1324,42.4908],[3.1293,42.4898],[3.1278,42.4871],[3.1319,42.4852],[3.1297,42.483],[3.1308,42.4816],[3.1366,42.4808],[3.1425,42.4806],[3.1441,42.4794],[3.1495,42.4774],[3.1548,42.4778],[3.1539,42.4721],[3.1547,42.4706],[3.1623,42.4653],[3.1594,42.4633],[3.1606,42.4621],[3.1569,42.4602],[3.1578,42.4592],[3.1627,42.4578],[3.1663,42.4575],[3.1652,42.4546],[3.1599,42.453],[3.1637,42.4498],[3.1689,42.4484],[3.1691,42.4447],[3.1666,42.4403],[3.1729,42.4411],[3.1745,42.4423],[3.1775,42.4392],[3.1745,42.4389],[3.1737,42.4358],[3.1663,42.4352],[3.1635,42.4361],[3.1574,42.4342],[3.1534,42.4358],[3.1448,42.4332],[3.1401,42.4339],[3.1384,42.4355],[3.1333,42.4359],[3.1302,42.435],[3.1257,42.4349],[3.1219,42.4363],[3.1209,42.4382],[3.1176,42.4364],[3.1126,42.4351],[3.1102,42.4355],[3.1076,42.4338],[3.1062,42.4306],[3.1038,42.4297],[3.1027,42.4266],[3.0989,42.4252],[3.0872,42.4254],[3.0805,42.4284],[3.0775,42.4315],[3.0765,42.4354],[3.0699,42.436],[3.0672,42.4424],[3.0641,42.444],[3.0584,42.4457],[3.055,42.4492],[3.0513,42.4545],[3.0473,42.457],[3.0467,42.4612],[3.0455,42.4616],[3.0417,42.4695],[3.0404,42.4742],[3.0373,42.4736],[3.0318,42.4749],[3.0275,42.4726],[3.0235,42.4722],[3.0167,42.4694],[3.0133,42.4666],[3.0074,42.4694],[3.0035,42.4705],[3,42.4733],[2.9919,42.4735],[2.9891,42.474],[2.9824,42.4718],[2.9825,42.4696],[2.9798,42.4674],[2.9761,42.4676],[2.9708,42.4659],[2.9673,42.4655],[2.9617,42.4711],[2.9601,42.474],[2.9501,42.4785],[2.9471,42.4821],[2.9451,42.4797],[2.938,42.4776],[2.9348,42.4744],[2.9328,42.4744],[2.9301,42.4723],[2.9272,42.4664],[2.9247,42.464],[2.9247,42.4588],[2.9212,42.4579],[2.9183,42.4561],[2.9105,42.4575],[2.9046,42.4569],[2.9005,42.4586],[2.8985,42.4602],[2.8915,42.462],[2.8868,42.4599],[2.8822,42.4605],[2.8788,42.4639],[2.8749,42.4662],[2.8705,42.4674],[2.8681,42.4666],[2.8635,42.4635],[2.8642,42.4596],[2.8616,42.455],[2.8568,42.4541],[2.8497,42.456],[2.8441,42.4581],[2.8391,42.4594],[2.8356,42.4545],[2.8322,42.4518],[2.8337,42.45],[2.8318,42.4449],[2.8275,42.4393],[2.8247,42.4388],[2.8186,42.4405],[2.8146,42.4382],[2.8135,42.4362],[2.8103,42.4339],[2.8101,42.4318],[2.8058,42.4317],[2.8024,42.4273],[2.8008,42.4222],[2.8019,42.4198],[2.8007,42.4184],[2.7932,42.4183],[2.7907,42.4188],[2.7882,42.4173],[2.7834,42.4173],[2.7786,42.4125],[2.773,42.4129],[2.7705,42.4116],[2.7664,42.4146],[2.7643,42.417],[2.7598,42.4186],[2.758,42.4231],[2.756,42.4257],[2.7532,42.4264],[2.7518,42.4254],[2.7431,42.4251],[2.7394,42.4236],[2.7335,42.4248],[2.7303,42.4226],[2.7274,42.4228],[2.7242,42.4227],[2.7166,42.4214],[2.7106,42.416],[2.7073,42.4147],[2.7039,42.412],[2.697,42.4103],[2.6934,42.4067],[2.6892,42.406],[2.6867,42.4071],[2.6792,42.4065],[2.674,42.4048],[2.6713,42.4021],[2.6734,42.3996],[2.6723,42.3903],[2.6714,42.3878],[2.6657,42.3856],[2.6531,42.3886],[2.6516,42.3874],[2.6527,42.3843],[2.6568,42.3821],[2.659,42.3799],[2.6612,42.3773],[2.6617,42.3732],[2.6628,42.3723],[2.6611,42.3691],[2.6609,42.366],[2.6636,42.3649],[2.665,42.3627],[2.6698,42.362],[2.6715,42.3599],[2.674,42.3588],[2.6746,42.3557],[2.6761,42.3543],[2.6757,42.3499],[2.6766,42.3464],[2.6755,42.3424],[2.6697,42.3405],[2.6667,42.3413],[2.6619,42.3405],[2.6547,42.3414],[2.6507,42.3441],[2.6478,42.3435],[2.6397,42.3444],[2.6385,42.3436],[2.6344,42.3439],[2.6329,42.3463],[2.6287,42.3466],[2.6231,42.3452],[2.618,42.3456],[2.6102,42.3468],[2.6084,42.3485],[2.601,42.3492],[2.6001,42.3516],[2.5922,42.3529],[2.5877,42.3549],[2.5874,42.357],[2.5814,42.3572],[2.5781,42.358],[2.5721,42.3575],[2.5689,42.3566],[2.5619,42.3572],[2.5622,42.3553],[2.556,42.3537],[2.5541,42.3541],[2.5536,42.3501],[2.5547,42.3484],[2.554,42.3463],[2.5517,42.3444],[2.5526,42.3431],[2.5484,42.3395],[2.5444,42.3401],[2.5441,42.3375],[2.5417,42.3336],[2.5345,42.3339],[2.5328,42.3329],[2.5262,42.3335],[2.5201,42.3356],[2.5164,42.3359],[2.5112,42.3375],[2.5102,42.3395],[2.5002,42.3432],[2.4921,42.3428],[2.487,42.3404],[2.4835,42.34],[2.4767,42.345],[2.476,42.3478],[2.4731,42.3492],[2.4719,42.3538],[2.4682,42.357],[2.4663,42.3606],[2.4627,42.3622],[2.4568,42.3634],[2.4563,42.3672],[2.4549,42.3696],[2.4475,42.3689],[2.4365,42.3745],[2.4328,42.378],[2.4332,42.3811],[2.4353,42.3851],[2.4358,42.3882],[2.4342,42.3919],[2.4326,42.3935],[2.4288,42.3942],[2.418,42.393],[2.4141,42.3913],[2.408,42.3929],[2.4055,42.3926],[2.4019,42.3945],[2.3952,42.3953],[2.3915,42.3967],[2.3875,42.4002],[2.3827,42.4004],[2.3784,42.4014],[2.3723,42.4004],[2.3666,42.4022],[2.3612,42.4027],[2.3491,42.4069],[2.3452,42.4102],[2.3459,42.4154],[2.344,42.4169],[2.3381,42.4166],[2.3315,42.4155],[2.3288,42.4169],[2.3254,42.4173],[2.3183,42.4224],[2.3186,42.4251],[2.3164,42.4268],[2.3116,42.4285],[2.3059,42.4284],[2.3035,42.4255],[2.2986,42.4233],[2.2909,42.423],[2.2858,42.426],[2.2852,42.4278],[2.2787,42.4301],[2.2723,42.434],[2.2675,42.4336],[2.2636,42.4354],[2.2614,42.4375],[2.257,42.4387],[2.2522,42.4366],[2.2504,42.4331],[2.2478,42.4314],[2.2465,42.429],[2.2392,42.4282],[2.234,42.4261],[2.2307,42.4269],[2.2238,42.4257],[2.2197,42.4231],[2.215,42.423],[2.2105,42.4201],[2.2072,42.4196],[2.2065,42.4174],[2.2015,42.4164],[2.1944,42.4184],[2.1904,42.4173],[2.1868,42.4177],[2.1843,42.4195],[2.1803,42.4182],[2.179,42.4195],[2.1738,42.4223],[2.1682,42.4242],[2.166,42.4228],[2.1597,42.4221],[2.157,42.4234],[2.1542,42.4216],[2.1489,42.4209],[2.1469,42.4186],[2.1423,42.4162],[2.1384,42.4162],[2.1328,42.4144],[2.1289,42.4127],[2.1252,42.4094],[2.1227,42.4047],[2.1214,42.3971],[2.1148,42.3945],[2.1146,42.389],[2.1162,42.3832],[2.1126,42.3811],[2.1098,42.3811],[2.1069,42.3791],[2.1054,42.3802],[2.0993,42.3768],[2.0946,42.3757],[2.0895,42.3738],[2.0867,42.3683],[2.0869,42.3638],[2.0847,42.3618],[2.0808,42.3645],[2.0728,42.3655],[2.0715,42.3635],[2.0666,42.3617],[2.0588,42.3577],[2.0568,42.3584],[2.0497,42.3584],[2.0406,42.3572],[2.0332,42.3581],[2.0285,42.3555],[2.0234,42.3556],[2.0183,42.3506],[2.0161,42.3471],[2.0123,42.3504],[2.0126,42.3527],[2.0086,42.3528],[2.0057,42.3539],[2.0033,42.3559],[1.9982,42.3561],[1.9973,42.3583],[1.9944,42.3601],[1.9914,42.3591],[1.9864,42.3619],[1.9792,42.3716],[1.9759,42.3718],[1.9715,42.374],[1.9645,42.3822],[1.9649,42.3876],[1.9608,42.3911],[1.96,42.3957],[1.9614,42.4012],[1.9607,42.4041],[1.9555,42.4103],[1.9564,42.4168],[1.9586,42.4241],[1.9536,42.4267],[1.9446,42.4281],[1.9414,42.4301],[1.9407,42.4337],[1.943,42.4408],[1.9429,42.4445],[1.937,42.4537],[1.9339,42.4543],[1.9327,42.4546],[1.9207,42.4469],[1.9163,42.4462],[1.9113,42.4476],[1.9093,42.4471],[1.9067,42.4486],[1.9035,42.4487],[1.9003,42.4499],[1.8966,42.4496],[1.8957,42.4476],[1.8912,42.4477],[1.8898,42.4499],[1.8871,42.4493],[1.8841,42.4505],[1.883,42.4579],[1.8808,42.46],[1.872,42.4631],[1.868,42.4652],[1.8644,42.4663],[1.8622,42.466],[1.8595,42.4625],[1.8535,42.4648],[1.8528,42.4661],[1.8475,42.4683],[1.8461,42.4725],[1.8437,42.4749],[1.8431,42.4769],[1.8351,42.4815],[1.8345,42.4824],[1.8272,42.4838],[1.8234,42.4866],[1.8167,42.4832],[1.808,42.4869],[1.8043,42.4904],[1.7919,42.4855],[1.7779,42.4862],[1.7619,42.4876],[1.7586,42.4906],[1.753,42.4913],[1.7484,42.4951],[1.7386,42.4945],[1.7304,42.4924],[1.7278,42.5004],[1.7259,42.5027],[1.7255,42.5087],[1.726,42.5118],[1.725,42.5158],[1.7215,42.5173],[1.7254,42.5188],[1.7275,42.5187],[1.7297,42.5204],[1.7289,42.5247],[1.7306,42.5265],[1.7347,42.5339],[1.7336,42.539],[1.7342,42.5419],[1.7356,42.5429],[1.7356,42.5464],[1.7345,42.549],[1.7369,42.5509],[1.7397,42.5566],[1.7409,42.557],[1.7482,42.5631],[1.7557,42.5651],[1.7639,42.5656],[1.7697,42.5648],[1.7849,42.5723],[1.7861,42.5737],[1.7846,42.5755],[1.7831,42.5801],[1.7812,42.5825],[1.772,42.5806],[1.7678,42.5803],[1.7605,42.5808],[1.7556,42.5827],[1.753,42.5824],[1.7422,42.5877],[1.7382,42.5876],[1.7337,42.5886],[1.7312,42.5879],[1.7276,42.5883],[1.7261,42.5896],[1.7263,42.6006],[1.7308,42.6028],[1.7322,42.6076],[1.7361,42.6097],[1.7376,42.6116],[1.7362,42.6152]],[[1.9807,42.495],[1.9785,42.4946],[1.9784,42.4919],[1.9771,42.4907],[1.9781,42.486],[1.9721,42.4845],[1.9705,42.4805],[1.9631,42.4787],[1.9615,42.4727],[1.9602,42.4704],[1.958,42.4643],[1.9566,42.4579],[1.9599,42.4533],[1.9692,42.4519],[1.9711,42.4509],[1.9809,42.4478],[1.9839,42.4467],[2.003,42.447],[2.0094,42.4485],[2.0128,42.4484],[2.0144,42.4518],[2.012,42.453],[2.0105,42.4559],[2.0065,42.4566],[2.0029,42.4583],[1.9972,42.4608],[1.9918,42.4626],[1.9921,42.4656],[1.9892,42.469],[1.9874,42.4696],[1.9863,42.4755],[1.9894,42.4774],[1.9927,42.4843],[1.9984,42.4853],[1.9896,42.4937],[1.9807,42.495]]],[[[4.1277,43.5163],[4.1328,43.5155],[4.1323,43.5128],[4.1292,43.513],[4.1268,43.5145],[4.1277,43.5163]]],[[[3.4995,43.2789],[3.5016,43.2805],[3.5057,43.2802],[3.5071,43.2781],[3.5049,43.2762],[3.5,43.2777],[3.4995,43.2789]]],[[[-0.0631,43.3475],[-0.0652,43.341],[-0.0654,43.3345],[-0.0647,43.3333],[-0.0683,43.3282],[-0.0695,43.3193],[-0.0707,43.3174],[-0.0704,43.3139],[-0.0689,43.3126],[-0.0706,43.3101],[-0.0752,43.3072],[-0.0753,43.3072],[-0.0829,43.3079],[-0.093,43.3101],[-0.0979,43.3138],[-0.1045,43.3121],[-0.1105,43.3124],[-0.1121,43.3166],[-0.1114,43.3184],[-0.1151,43.3222],[-0.1146,43.325],[-0.1163,43.3273],[-0.1154,43.3322],[-0.1106,43.3354],[-0.1086,43.3379],[-0.1006,43.3368],[-0.0927,43.3331],[-0.0876,43.3337],[-0.0867,43.3352],[-0.088,43.3405],[-0.0873,43.3452],[-0.0889,43.3465],[-0.0875,43.3509],[-0.091,43.3511],[-0.0901,43.3551],[-0.0902,43.3592],[-0.0942,43.3576],[-0.0992,43.3586],[-0.1031,43.3587],[-0.1044,43.3614],[-0.1061,43.3617],[-0.1071,43.3651],[-0.1065,43.3689],[-0.1073,43.371],[-0.1003,43.3736],[-0.093,43.3741],[-0.085,43.3713],[-0.0816,43.3686],[-0.0827,43.3665],[-0.0787,43.3652],[-0.0784,43.3652],[-0.0762,43.3631],[-0.072,43.3613],[-0.0702,43.3581],[-0.0697,43.3549],[-0.065,43.355],[-0.0648,43.3522],[-0.0633,43.3514],[-0.0631,43.3475]]],[[[-0.1223,43.3017],[-0.12,43.3061],[-0.1177,43.3077],[-0.11,43.31],[-0.0998,43.3039],[-0.0922,43.3007],[-0.0891,43.3012],[-0.0935,43.2926],[-0.096,43.2855],[-0.0921,43.2812],[-0.0863,43.2799],[-0.0848,43.2772],[-0.0818,43.275],[-0.0794,43.2717],[-0.0798,43.2631],[-0.0846,43.2577],[-0.0879,43.255],[-0.0928,43.252],[-0.0944,43.2553],[-0.0987,43.2526],[-0.1041,43.2498],[-0.1042,43.2447],[-0.1032,43.243],[-0.105,43.2431],[-0.1096,43.2429],[-0.1217,43.2411],[-0.1221,43.2437],[-0.1241,43.2464],[-0.1263,43.253],[-0.1298,43.2563],[-0.134,43.2589],[-0.1361,43.2615],[-0.1397,43.2687],[-0.1405,43.2718],[-0.1384,43.2745],[-0.1386,43.2804],[-0.1372,43.2819],[-0.1352,43.2841],[-0.1375,43.2856],[-0.1297,43.2896],[-0.1278,43.2928],[-0.1252,43.2946],[-0.1265,43.2992],[-0.1223,43.3017]]]]}},{"type":"Feature","properties":{"code":"84","nom":"Auvergne-Rhône-Alpes","analysis_region_code":"84"},"geometry":{"type":"Polygon","coordinates":[[[5.6845,46.311],[5.6922,46.3095],[5.6946,46.3102],[5.708,46.3102],[5.7146,46.309],[5.7167,46.3019],[5.7182,46.3005],[5.7193,46.2935],[5.7157,46.2829],[5.716,46.2799],[5.7186,46.2729],[5.7206,46.2692],[5.7195,46.2644],[5.7252,46.2607],[5.7284,46.2612],[5.7334,46.2638],[5.7443,46.2668],[5.7513,46.2659],[5.7601,46.2668],[5.7656,46.2681],[5.7778,46.2662],[5.7865,46.2663],[5.8048,46.2647],[5.8182,46.263],[5.8262,46.2618],[5.8417,46.2624],[5.8529,46.2614],[5.8635,46.2713],[5.8658,46.2701],[5.8692,46.2653],[5.8757,46.2676],[5.8803,46.2714],[5.8888,46.2792],[5.8927,46.285],[5.8946,46.2866],[5.8999,46.285],[5.901,46.2862],[5.9091,46.2838],[5.9162,46.2929],[5.9155,46.295],[5.9171,46.3011],[5.9202,46.3069],[5.9172,46.3076],[5.9205,46.3106],[5.9235,46.3117],[5.926,46.3138],[5.9354,46.3106],[5.9357,46.3097],[5.9414,46.3094],[5.9435,46.3127],[5.9454,46.3129],[5.9482,46.3171],[5.9477,46.3181],[5.9503,46.3213],[5.9557,46.3291],[5.9576,46.3295],[5.9589,46.333],[5.9616,46.3351],[5.9626,46.3372],[5.9649,46.3377],[5.9673,46.3432],[5.973,46.3478],[5.9752,46.3503],[5.9798,46.3542],[5.9841,46.3639],[5.9885,46.3647],[5.9939,46.3667],[6.0019,46.3708],[6.0061,46.3722],[6.008,46.3742],[6.0147,46.3764],[6.0173,46.3806],[6.0218,46.3836],[6.026,46.3844],[6.0287,46.3871],[6.0359,46.3917],[6.0376,46.3956],[6.042,46.3987],[6.0445,46.4027],[6.0475,46.405],[6.0519,46.4097],[6.0528,46.4117],[6.0557,46.4158],[6.0601,46.4179],[6.0639,46.4164],[6.0676,46.4149],[6.0824,46.4122],[6.0976,46.409],[6.1001,46.4047],[6.1057,46.3994],[6.1088,46.3996],[6.1138,46.3968],[6.113,46.3999],[6.1317,46.39],[6.1347,46.3887],[6.1488,46.3785],[6.1497,46.3775],[6.157,46.3777],[6.1602,46.3787],[6.1611,46.3749],[6.1659,46.3719],[6.1697,46.3679],[6.1699,46.3661],[6.1615,46.3599],[6.1593,46.3573],[6.1575,46.3528],[6.1578,46.35],[6.1537,46.3472],[6.1494,46.3427],[6.1406,46.3403],[6.1379,46.3387],[6.1372,46.3357],[6.1379,46.3333],[6.1315,46.3241],[6.1269,46.3212],[6.1244,46.3173],[6.1243,46.3157],[6.1203,46.312],[6.1192,46.3078],[6.1206,46.3061],[6.1188,46.3028],[6.1218,46.2991],[6.1209,46.2971],[6.1166,46.294],[6.1133,46.2941],[6.1116,46.2915],[6.1045,46.287],[6.1024,46.2849],[6.1051,46.283],[6.1033,46.2787],[6.1079,46.2753],[6.1135,46.2726],[6.1099,46.2706],[6.1154,46.2659],[6.12,46.2648],[6.1181,46.2634],[6.1193,46.2613],[6.1225,46.2582],[6.1228,46.2565],[6.1208,46.2546],[6.1245,46.2526],[6.1245,46.2513],[6.1208,46.248],[6.1088,46.2399],[6.1069,46.2412],[6.1015,46.2376],[6.0991,46.2391],[6.0881,46.2471],[6.0844,46.247],[6.0795,46.2454],[6.0738,46.2423],[6.0696,46.2412],[6.0673,46.2418],[6.0633,46.2458],[6.0604,46.245],[6.0521,46.2382],[6.0495,46.2343],[6.0461,46.2314],[6.0417,46.2335],[6.0337,46.2386],[6.0255,46.2332],[6.0174,46.2316],[6.0164,46.232],[6.0123,46.2285],[6.0081,46.2264],[6.0072,46.2239],[6.0029,46.2223],[6.0015,46.2205],[5.9976,46.2223],[5.9929,46.223],[5.9902,46.2217],[5.9937,46.2173],[5.9928,46.2152],[5.9841,46.2172],[5.9792,46.2173],[5.9746,46.215],[5.9716,46.2113],[5.9693,46.2067],[5.9734,46.2027],[5.9645,46.198],[5.964,46.1969],[5.9828,46.1908],[5.9837,46.1889],[5.9922,46.1865],[5.9947,46.1814],[5.9913,46.1789],[5.9882,46.1709],[5.9838,46.1738],[5.981,46.1714],[5.9804,46.167],[5.9767,46.1623],[5.9731,46.156],[5.9692,46.1522],[5.9641,46.1442],[5.9662,46.1378],[5.9637,46.1359],[5.9589,46.1342],[5.9559,46.1324],[5.9574,46.1286],[5.9611,46.1308],[5.9665,46.1302],[5.9695,46.132],[5.9741,46.1324],[5.9775,46.1336],[5.9797,46.1359],[5.9819,46.1374],[5.9829,46.1413],[5.9855,46.1434],[5.9871,46.1426],[5.9938,46.1444],[5.9999,46.1431],[6.0032,46.1418],[6.0085,46.1428],[6.0131,46.1421],[6.0148,46.143],[6.0224,46.1417],[6.0239,46.1404],[6.0317,46.1387],[6.0355,46.1348],[6.0372,46.1381],[6.0425,46.1414],[6.0451,46.14],[6.0469,46.1418],[6.0485,46.1471],[6.0523,46.1513],[6.0607,46.1512],[6.0723,46.1499],[6.0749,46.1488],[6.0918,46.1519],[6.0958,46.1483],[6.0985,46.1438],[6.1063,46.144],[6.1077,46.1429],[6.1202,46.1428],[6.1266,46.1405],[6.1305,46.1404],[6.1364,46.1416],[6.1368,46.1429],[6.1427,46.1459],[6.1449,46.1449],[6.1473,46.1467],[6.1486,46.1501],[6.1686,46.1572],[6.1754,46.1584],[6.1856,46.1641],[6.1888,46.1664],[6.187,46.174],[6.1867,46.1777],[6.1871,46.1804],[6.1915,46.1815],[6.195,46.1834],[6.1978,46.1834],[6.2027,46.1891],[6.2063,46.192],[6.2111,46.1927],[6.2139,46.1939],[6.216,46.195],[6.2173,46.1979],[6.221,46.1989],[6.2219,46.2006],[6.2278,46.2033],[6.2301,46.2035],[6.2326,46.206],[6.2366,46.2064],[6.2413,46.2047],[6.2478,46.2052],[6.2541,46.2092],[6.2674,46.2137],[6.2764,46.2153],[6.2878,46.2218],[6.2896,46.2231],[6.2946,46.2251],[6.2986,46.2294],[6.3027,46.2352],[6.3049,46.2372],[6.3103,46.244],[6.3087,46.2475],[6.3094,46.2499],[6.3057,46.2514],[6.3085,46.2552],[6.3065,46.2565],[6.3029,46.2549],[6.2964,46.2556],[6.294,46.2579],[6.2963,46.2618],[6.2949,46.2646],[6.2926,46.2635],[6.2898,46.26],[6.2866,46.2574],[6.2835,46.256],[6.2842,46.2542],[6.2808,46.2535],[6.2779,46.2513],[6.2668,46.2477],[6.263,46.2509],[6.2604,46.2516],[6.2617,46.2546],[6.2498,46.2622],[6.2429,46.2729],[6.2383,46.2758],[6.2377,46.2778],[6.239,46.2794],[6.2384,46.2816],[6.2435,46.2855],[6.2462,46.2853],[6.2487,46.2874],[6.2515,46.2881],[6.2523,46.2917],[6.2503,46.2921],[6.2485,46.2949],[6.2493,46.2988],[6.247,46.3],[6.249,46.3017],[6.2432,46.3034],[6.2441,46.3048],[6.248,46.3061],[6.2531,46.3112],[6.2582,46.32],[6.2563,46.3242],[6.2622,46.3279],[6.2694,46.3367],[6.2723,46.3386],[6.277,46.3455],[6.2769,46.349],[6.2807,46.3514],[6.2867,46.3564],[6.2914,46.3593],[6.3015,46.3638],[6.3051,46.3667],[6.3086,46.3665],[6.3155,46.3688],[6.3214,46.369],[6.3263,46.3717],[6.329,46.3701],[6.3357,46.3703],[6.3394,46.3696],[6.3427,46.3703],[6.3489,46.3675],[6.3503,46.3662],[6.3504,46.3629],[6.3527,46.3581],[6.3571,46.3539],[6.357,46.3521],[6.3594,46.3496],[6.3626,46.348],[6.3675,46.3457],[6.3741,46.3439],[6.3817,46.3413],[6.3871,46.3403],[6.3903,46.3404],[6.3931,46.3427],[6.3951,46.346],[6.399,46.3498],[6.4044,46.3513],[6.414,46.36],[6.4176,46.3595],[6.4245,46.3602],[6.4281,46.3597],[6.4315,46.3602],[6.4412,46.363],[6.4431,46.364],[6.4503,46.3664],[6.4556,46.3688],[6.463,46.3711],[6.4689,46.3725],[6.4723,46.3743],[6.4773,46.3752],[6.4806,46.3786],[6.4828,46.3836],[6.4828,46.3918],[6.486,46.3947],[6.4916,46.398],[6.5029,46.4012],[6.5057,46.4032],[6.5132,46.4049],[6.521,46.4041],[6.535,46.3977],[6.5408,46.3956],[6.5449,46.3947],[6.5485,46.3949],[6.5657,46.3985],[6.568,46.3983],[6.5761,46.4],[6.5835,46.401],[6.5895,46.4023],[6.5941,46.4015],[6.6059,46.4022],[6.6111,46.4033],[6.6141,46.4032],[6.6191,46.4038],[6.6285,46.4044],[6.6368,46.4059],[6.6383,46.4054],[6.6494,46.406],[6.6586,46.4047],[6.6666,46.4047],[6.6704,46.4051],[6.6757,46.4069],[6.6797,46.4076],[6.6848,46.407],[6.6884,46.4079],[6.6977,46.4082],[6.7121,46.4076],[6.7241,46.4077],[6.7263,46.4069],[6.7356,46.405],[6.7492,46.404],[6.7538,46.4028],[6.7575,46.4027],[6.7596,46.4007],[6.7678,46.3989],[6.7717,46.3975],[6.7768,46.397],[6.7835,46.3947],[6.7899,46.3931],[6.795,46.3928],[6.8031,46.3943],[6.8019,46.386],[6.8039,46.3838],[6.8064,46.383],[6.8062,46.3799],[6.8037,46.3765],[6.801,46.3753],[6.7988,46.3743],[6.7971,46.3715],[6.7908,46.3668],[6.7807,46.3665],[6.7764,46.3644],[6.7714,46.361],[6.7706,46.3554],[6.7721,46.3503],[6.7751,46.3471],[6.7775,46.3461],[6.7827,46.338],[6.7845,46.3368],[6.7842,46.3331],[6.7863,46.3321],[6.7964,46.333],[6.7964,46.3314],[6.799,46.3291],[6.7974,46.3267],[6.799,46.3221],[6.8012,46.3196],[6.807,46.3207],[6.813,46.3181],[6.8157,46.3159],[6.8189,46.3158],[6.8215,46.313],[6.8253,46.312],[6.8291,46.3066],[6.8303,46.3061],[6.8281,46.3025],[6.831,46.2998],[6.8347,46.2995],[6.8364,46.2973],[6.8396,46.2951],[6.8439,46.2943],[6.8445,46.2923],[6.8474,46.2899],[6.8512,46.2905],[6.8521,46.2922],[6.8549,46.2925],[6.8592,46.2903],[6.8591,46.2885],[6.8644,46.2831],[6.8649,46.28],[6.8589,46.2739],[6.8602,46.2662],[6.8573,46.262],[6.8545,46.2593],[6.8554,46.2552],[6.852,46.2521],[6.8429,46.2486],[6.8398,46.2482],[6.8378,46.2449],[6.8372,46.2408],[6.8307,46.2344],[6.8268,46.2341],[6.8212,46.2323],[6.8206,46.2304],[6.8217,46.228],[6.8217,46.2234],[6.8202,46.2216],[6.8165,46.2201],[6.8135,46.2154],[6.8099,46.2138],[6.8073,46.2079],[6.8035,46.2046],[6.8033,46.2033],[6.8071,46.196],[6.8126,46.1815],[6.8068,46.178],[6.8053,46.1726],[6.8031,46.1718],[6.7998,46.1684],[6.7978,46.1681],[6.7917,46.1629],[6.7926,46.1597],[6.7905,46.1545],[6.7908,46.1528],[6.7945,46.1478],[6.7949,46.1441],[6.7963,46.1422],[6.7965,46.1387],[6.7984,46.136],[6.8014,46.1353],[6.8079,46.1362],[6.8115,46.1323],[6.8134,46.1319],[6.8151,46.1293],[6.8187,46.1311],[6.8309,46.1326],[6.8349,46.1321],[6.8382,46.1329],[6.842,46.132],[6.8424,46.1295],[6.8444,46.1284],[6.8517,46.1266],[6.8547,46.1268],[6.8597,46.1259],[6.8676,46.1257],[6.8695,46.1251],[6.8736,46.126],[6.8778,46.1251],[6.8787,46.1238],[6.8824,46.1229],[6.8919,46.1253],[6.8981,46.1223],[6.897,46.119],[6.893,46.1127],[6.8935,46.1101],[6.8955,46.1087],[6.893,46.1048],[6.8901,46.1019],[6.8877,46.1006],[6.886,46.0973],[6.8825,46.0952],[6.8878,46.0891],[6.8888,46.0869],[6.8918,46.085],[6.8904,46.0806],[6.8882,46.0785],[6.891,46.0745],[6.8874,46.0731],[6.8837,46.0705],[6.8803,46.0693],[6.879,46.0653],[6.8771,46.064],[6.8751,46.0581],[6.8729,46.0549],[6.8717,46.0512],[6.8754,46.0497],[6.8757,46.0475],[6.8834,46.0444],[6.8867,46.0442],[6.8882,46.0427],[6.8913,46.0427],[6.8917,46.0455],[6.8942,46.0478],[6.9035,46.049],[6.9086,46.0502],[6.9111,46.0521],[6.9108,46.0538],[6.9133,46.0548],[6.9159,46.0582],[6.9246,46.0652],[6.9286,46.0647],[6.9341,46.066],[6.938,46.063],[6.9368,46.0618],[6.9348,46.0567],[6.9394,46.053],[6.9432,46.0509],[6.9501,46.0516],[6.9514,46.0499],[6.9545,46.0417],[6.9629,46.0304],[6.9665,46.0312],[6.971,46.0255],[6.9751,46.0236],[6.9771,46.0216],[6.9813,46.0196],[6.9808,46.0176],[6.9836,46.0127],[6.9833,46.0099],[6.9851,46.0076],[6.9855,46.0042],[6.9887,46.0038],[6.993,46.0019],[6.9954,46.0001],[7.0006,45.9989],[7.0057,46.0011],[7.0107,45.9972],[7.0103,45.9944],[7.0125,45.9921],[7.0116,45.9899],[7.0122,45.9873],[7.0157,45.9868],[7.0199,45.9838],[7.0236,45.9792],[7.0215,45.9764],[7.0153,45.9752],[7.0101,45.9732],[7.0086,45.9692],[7.0105,45.9684],[7.0127,45.9651],[7.0154,45.9625],[7.0235,45.9582],[7.0361,45.9557],[7.0385,45.9476],[7.0385,45.9451],[7.0357,45.9383],[7.0385,45.9338],[7.0427,45.9296],[7.0437,45.9232],[7.0348,45.9212],[7.0286,45.9195],[7.0246,45.9166],[7.0218,45.9167],[7.0184,45.9144],[7.0185,45.9126],[7.0146,45.9097],[7.0144,45.9067],[7.0116,45.9062],[7.0079,45.9039],[7.0064,45.9013],[7.0041,45.9],[7.0027,45.8968],[7.004,45.8951],[7.004,45.8903],[7.0068,45.8872],[7.005,45.8838],[6.9984,45.8786],[7.0003,45.8753],[6.9973,45.8724],[6.9932,45.8714],[6.9928,45.8697],[6.9901,45.8677],[6.9878,45.8689],[6.9822,45.8692],[6.9769,45.8688],[6.9739,45.8672],[6.9696,45.8665],[6.9689,45.8652],[6.9632,45.8637],[6.9574,45.861],[6.9549,45.8615],[6.9514,45.8601],[6.9497,45.8571],[6.9475,45.8561],[6.9454,45.8531],[6.9413,45.8512],[6.9423,45.8478],[6.9392,45.8471],[6.9337,45.8475],[6.9315,45.8461],[6.9276,45.8476],[6.9221,45.8479],[6.9207,45.8461],[6.9168,45.8447],[6.9144,45.841],[6.9105,45.8414],[6.9076,45.8436],[6.9031,45.8422],[6.8956,45.8424],[6.8932,45.8429],[6.8819,45.8498],[6.8775,45.8485],[6.8734,45.8455],[6.8745,45.8421],[6.8722,45.8395],[6.8696,45.8381],[6.8721,45.836],[6.8695,45.8321],[6.8723,45.831],[6.8701,45.828],[6.8702,45.8257],[6.8666,45.8258],[6.8633,45.8284],[6.8615,45.8325],[6.8599,45.8327],[6.8547,45.8357],[6.8538,45.8371],[6.8507,45.8375],[6.8445,45.8404],[6.8405,45.8407],[6.8358,45.8382],[6.831,45.8372],[6.8265,45.8381],[6.8227,45.8377],[6.8181,45.8359],[6.8181,45.8322],[6.8135,45.826],[6.8115,45.8254],[6.8108,45.822],[6.8065,45.817],[6.8044,45.8157],[6.8082,45.8134],[6.8109,45.8112],[6.8133,45.8069],[6.8112,45.8046],[6.8109,45.8026],[6.813,45.7957],[6.8056,45.7931],[6.8042,45.7914],[6.8035,45.787],[6.8021,45.7845],[6.8024,45.7823],[6.8008,45.7805],[6.8024,45.7786],[6.8017,45.7756],[6.8041,45.7713],[6.8065,45.7699],[6.805,45.768],[6.806,45.7641],[6.805,45.7606],[6.8048,45.7555],[6.8072,45.7505],[6.8056,45.7477],[6.8099,45.7439],[6.8133,45.7433],[6.817,45.7401],[6.8142,45.7336],[6.8087,45.7285],[6.8086,45.7251],[6.8111,45.7242],[6.8145,45.7211],[6.8189,45.7191],[6.8199,45.7146],[6.8262,45.7075],[6.8272,45.7041],[6.8305,45.702],[6.8358,45.7022],[6.8416,45.7002],[6.8417,45.6989],[6.8465,45.6932],[6.8462,45.6905],[6.8535,45.6876],[6.8577,45.6851],[6.8653,45.6847],[6.8671,45.684],[6.8687,45.681],[6.8752,45.6795],[6.8766,45.6786],[6.882,45.6792],[6.883,45.6808],[6.888,45.679],[6.8934,45.6757],[6.898,45.6785],[6.9003,45.6809],[6.9034,45.6805],[6.907,45.6756],[6.9051,45.6722],[6.9068,45.6704],[6.9062,45.668],[6.9022,45.6638],[6.9071,45.662],[6.9108,45.6622],[6.9149,45.6612],[6.9174,45.6576],[6.9147,45.6519],[6.9171,45.6509],[6.9209,45.6507],[6.9252,45.649],[6.9266,45.6472],[6.9306,45.6458],[6.9381,45.6484],[6.9398,45.6481],[6.9485,45.6509],[6.9581,45.653],[6.9607,45.6549],[6.9703,45.6541],[6.9713,45.6514],[6.9744,45.6468],[6.9804,45.645],[6.9833,45.6452],[6.9888,45.644],[6.9913,45.6421],[6.993,45.6394],[6.9965,45.6402],[7.0012,45.6399],[7.0023,45.6367],[6.9986,45.6332],[6.9965,45.6298],[6.9887,45.6266],[6.9849,45.6207],[6.9833,45.617],[6.9839,45.6149],[6.9863,45.6135],[6.984,45.6051],[6.9827,45.6042],[6.9816,45.5993],[6.9796,45.5971],[6.9806,45.5941],[6.9791,45.592],[6.9781,45.5876],[6.9806,45.5834],[6.986,45.5814],[6.9912,45.5787],[6.9954,45.5758],[6.9938,45.5719],[6.9968,45.5691],[6.9944,45.5659],[6.9906,45.5645],[6.9899,45.5629],[6.9906,45.5597],[6.9898,45.5566],[6.9925,45.5498],[6.9961,45.5445],[6.9945,45.5399],[6.9918,45.5382],[6.9921,45.5357],[6.9913,45.5304],[6.9953,45.5283],[6.9987,45.5254],[7.0006,45.5229],[7.0034,45.5211],[7.0053,45.5172],[7.0017,45.5125],[7.0009,45.5071],[6.9999,45.5049],[7.0026,45.5032],[7.0052,45.5031],[7.0093,45.5001],[7.018,45.4979],[7.022,45.4964],[7.0357,45.4969],[7.0385,45.4958],[7.0447,45.4974],[7.054,45.4952],[7.0617,45.4893],[7.06,45.487],[7.0549,45.4876],[7.0494,45.4851],[7.0471,45.4803],[7.0459,45.4795],[7.0471,45.4747],[7.0486,45.4725],[7.06,45.4713],[7.0631,45.4734],[7.0693,45.4743],[7.0739,45.4731],[7.0774,45.4737],[7.0813,45.472],[7.084,45.4716],[7.0868,45.4726],[7.0897,45.4706],[7.0944,45.4705],[7.0962,45.4693],[7.1,45.4694],[7.1052,45.4683],[7.1002,45.4645],[7.0982,45.4609],[7.1001,45.4546],[7.1032,45.4526],[7.1068,45.4482],[7.1105,45.447],[7.1118,45.4436],[7.1147,45.4414],[7.1145,45.4362],[7.1131,45.4343],[7.1146,45.433],[7.1195,45.4326],[7.1215,45.4313],[7.1277,45.4293],[7.1291,45.428],[7.1351,45.4261],[7.1411,45.4259],[7.1472,45.4239],[7.1521,45.4232],[7.1546,45.4186],[7.1566,45.417],[7.1658,45.4122],[7.1749,45.4093],[7.1832,45.4077],[7.1851,45.4068],[7.1856,45.4033],[7.1833,45.4019],[7.1783,45.3967],[7.1778,45.3931],[7.1795,45.3907],[7.1747,45.3861],[7.1704,45.3859],[7.1676,45.3843],[7.1645,45.3838],[7.163,45.3819],[7.1625,45.3769],[7.1609,45.3755],[7.1578,45.3692],[7.1597,45.368],[7.1591,45.3649],[7.1612,45.3622],[7.164,45.3607],[7.1581,45.3588],[7.1576,45.3573],[7.1473,45.3522],[7.1387,45.3513],[7.1332,45.3461],[7.1336,45.343],[7.1315,45.3406],[7.1321,45.3379],[7.1337,45.3359],[7.1346,45.3313],[7.1317,45.3293],[7.1262,45.3269],[7.1207,45.3274],[7.1166,45.3288],[7.11,45.3268],[7.1121,45.3239],[7.1092,45.319],[7.1123,45.3147],[7.1179,45.3116],[7.1172,45.3072],[7.1203,45.3026],[7.1221,45.295],[7.1273,45.2913],[7.1292,45.2885],[7.1336,45.285],[7.1363,45.2808],[7.1358,45.2782],[7.1338,45.275],[7.1287,45.272],[7.1305,45.2708],[7.1329,45.2652],[7.1317,45.2612],[7.136,45.26],[7.1376,45.2568],[7.1354,45.2538],[7.1335,45.2536],[7.131,45.2514],[7.13,45.2481],[7.1264,45.2457],[7.1252,45.244],[7.1208,45.2443],[7.1159,45.2467],[7.1103,45.2466],[7.1074,45.2432],[7.1069,45.2392],[7.1044,45.2366],[7.098,45.2345],[7.0954,45.2307],[7.0918,45.23],[7.0891,45.2265],[7.0835,45.2262],[7.0812,45.2246],[7.0829,45.2216],[7.0829,45.2173],[7.0791,45.2162],[7.0791,45.2144],[7.0766,45.2106],[7.0692,45.2096],[7.0666,45.2104],[7.0652,45.2125],[7.0614,45.2154],[7.0578,45.2193],[7.0578,45.2209],[7.0548,45.2222],[7.0511,45.2256],[7.0472,45.2258],[7.0447,45.2247],[7.0428,45.2256],[7.0368,45.2218],[7.033,45.2203],[7.0275,45.2157],[7.0236,45.2188],[7.0211,45.218],[7.0199,45.2146],[7.0134,45.2163],[7.007,45.2168],[7.0042,45.22],[6.9975,45.215],[6.9948,45.2144],[6.9938,45.211],[6.9905,45.21],[6.9857,45.2115],[6.9821,45.2099],[6.9754,45.208],[6.9659,45.2082],[6.9605,45.2029],[6.9629,45.2019],[6.9646,45.1985],[6.9677,45.1967],[6.9657,45.1952],[6.96,45.194],[6.9584,45.1921],[6.9544,45.1919],[6.9527,45.1892],[6.9528,45.1859],[6.9545,45.1827],[6.9545,45.1797],[6.9495,45.1793],[6.9453,45.1767],[6.9428,45.1761],[6.9472,45.1704],[6.9389,45.1713],[6.9317,45.1714],[6.923,45.1687],[6.9232,45.1662],[6.9186,45.1686],[6.9141,45.1687],[6.9102,45.1653],[6.9035,45.1679],[6.9018,45.1673],[6.8937,45.1686],[6.8914,45.1662],[6.8918,45.1621],[6.8855,45.1587],[6.8842,45.1571],[6.8852,45.1545],[6.8889,45.1518],[6.8901,45.15],[6.8899,45.1466],[6.8923,45.1448],[6.8976,45.143],[6.8971,45.1397],[6.8927,45.1367],[6.8869,45.1367],[6.8782,45.1351],[6.8734,45.1359],[6.8715,45.1354],[6.8672,45.1318],[6.8613,45.1303],[6.8583,45.1303],[6.8558,45.1287],[6.848,45.1273],[6.8457,45.1296],[6.8465,45.1356],[6.8386,45.1359],[6.8359,45.1352],[6.8337,45.1365],[6.8303,45.1404],[6.8246,45.1423],[6.8224,45.1439],[6.8191,45.1442],[6.8122,45.149],[6.8103,45.1483],[6.8004,45.1505],[6.7968,45.1531],[6.7873,45.1534],[6.7816,45.1573],[6.768,45.1598],[6.7651,45.1575],[6.7612,45.153],[6.7544,45.15],[6.7527,45.1449],[6.7477,45.1417],[6.7459,45.1394],[6.7405,45.1368],[6.736,45.1385],[6.7269,45.1385],[6.7235,45.1396],[6.7155,45.1437],[6.7114,45.1449],[6.7074,45.1447],[6.6978,45.1408],[6.6912,45.1392],[6.6888,45.14],[6.6831,45.1396],[6.6804,45.1403],[6.6738,45.1316],[6.674,45.1281],[6.6725,45.1244],[6.6662,45.1236],[6.6636,45.1209],[6.659,45.1212],[6.653,45.1166],[6.6488,45.1148],[6.6433,45.1161],[6.6408,45.1155],[6.6329,45.1159],[6.633,45.1104],[6.6299,45.1094],[6.6272,45.1108],[6.6248,45.1153],[6.6203,45.1167],[6.618,45.1198],[6.6155,45.1215],[6.6127,45.1205],[6.6083,45.1207],[6.6065,45.1196],[6.6029,45.1198],[6.6006,45.1221],[6.5967,45.1198],[6.5927,45.119],[6.5845,45.1201],[6.5768,45.123],[6.5722,45.1196],[6.5708,45.1169],[6.5639,45.1138],[6.5613,45.1112],[6.5613,45.1053],[6.5587,45.104],[6.5548,45.1042],[6.551,45.1033],[6.5454,45.1006],[6.5392,45.0991],[6.5297,45.0986],[6.5255,45.1004],[6.5217,45.1041],[6.5167,45.1055],[6.5104,45.109],[6.5074,45.1052],[6.5031,45.103],[6.4938,45.0999],[6.4909,45.0977],[6.4878,45.097],[6.4843,45.0943],[6.4805,45.0942],[6.4805,45.0908],[6.4828,45.0878],[6.4849,45.0869],[6.487,45.0799],[6.4841,45.0789],[6.4831,45.0772],[6.4879,45.074],[6.4896,45.0677],[6.4892,45.0657],[6.4866,45.0651],[6.486,45.0627],[6.4872,45.06],[6.4871,45.0564],[6.4811,45.0563],[6.479,45.0557],[6.4741,45.0562],[6.4689,45.0556],[6.4629,45.0541],[6.4578,45.054],[6.4535,45.0518],[6.4477,45.0527],[6.4434,45.0551],[6.4441,45.0568],[6.4416,45.058],[6.4386,45.0626],[6.4317,45.0637],[6.4228,45.0601],[6.4108,45.064],[6.4038,45.0648],[6.3979,45.0625],[6.3963,45.0611],[6.3885,45.064],[6.384,45.064],[6.3794,45.0675],[6.3749,45.0675],[6.3649,45.0702],[6.3747,45.0832],[6.3724,45.0854],[6.3713,45.0908],[6.367,45.0962],[6.3657,45.101],[6.3628,45.1051],[6.3555,45.1082],[6.346,45.1153],[6.3399,45.1161],[6.3379,45.1207],[6.3342,45.1229],[6.3323,45.1187],[6.3288,45.1174],[6.327,45.1157],[6.3225,45.1146],[6.3173,45.112],[6.3104,45.1116],[6.3019,45.109],[6.2936,45.1085],[6.2863,45.1102],[6.2826,45.1141],[6.2767,45.1149],[6.2737,45.1175],[6.2696,45.1197],[6.2667,45.1245],[6.2642,45.1264],[6.2606,45.1268],[6.2571,45.1222],[6.2545,45.1208],[6.2458,45.1204],[6.2402,45.1128],[6.2324,45.1113],[6.2288,45.1084],[6.2297,45.1054],[6.2293,45.0998],[6.2304,45.0971],[6.2348,45.0921],[6.2358,45.0872],[6.2372,45.0858],[6.238,45.0787],[6.2396,45.0746],[6.2438,45.0727],[6.2436,45.0696],[6.2403,45.0679],[6.2328,45.0668],[6.23,45.0676],[6.2247,45.0669],[6.2198,45.0653],[6.2152,45.0533],[6.2154,45.0482],[6.2106,45.0452],[6.2104,45.0432],[6.2085,45.0409],[6.2099,45.0364],[6.2086,45.033],[6.2099,45.0295],[6.2073,45.0271],[6.205,45.0268],[6.2026,45.0226],[6.2028,45.0162],[6.2039,45.0125],[6.2049,45.0125],[6.226,45.0047],[6.2518,44.9967],[6.2534,44.9952],[6.26,44.9978],[6.2637,44.9971],[6.2661,44.9983],[6.2718,44.9988],[6.2756,45.0004],[6.2789,45.0008],[6.2852,45.0001],[6.2965,45.0035],[6.3013,45.0041],[6.3038,45.003],[6.3064,45.0048],[6.3133,45.0038],[6.3182,45.0039],[6.3234,44.9982],[6.3212,44.9973],[6.3189,44.9926],[6.3159,44.99],[6.3171,44.9888],[6.3168,44.9842],[6.3153,44.9822],[6.3154,44.979],[6.3185,44.9771],[6.3182,44.9759],[6.3223,44.9743],[6.3227,44.972],[6.3259,44.97],[6.3295,44.9692],[6.3279,44.9647],[6.3236,44.9613],[6.3229,44.953],[6.329,44.9473],[6.334,44.9465],[6.3391,44.947],[6.3434,44.9442],[6.3505,44.944],[6.3528,44.9426],[6.3582,44.9416],[6.359,44.9366],[6.3564,44.9331],[6.356,44.9281],[6.3532,44.9261],[6.353,44.9245],[6.3575,44.9221],[6.3561,44.921],[6.3561,44.9159],[6.3577,44.9132],[6.3566,44.9109],[6.3589,44.9072],[6.3576,44.9049],[6.3564,44.9003],[6.3536,44.8975],[6.3576,44.895],[6.3584,44.8921],[6.358,44.8893],[6.3593,44.8881],[6.3554,44.8844],[6.353,44.8837],[6.3508,44.8812],[6.3504,44.8737],[6.3523,44.8713],[6.3539,44.865],[6.3513,44.8624],[6.3538,44.8568],[6.3554,44.8548],[6.354,44.8535],[6.3481,44.8517],[6.3446,44.8493],[6.3363,44.8484],[6.3304,44.8513],[6.3241,44.8522],[6.3191,44.8549],[6.3201,44.857],[6.3172,44.8602],[6.3174,44.8619],[6.3124,44.863],[6.3087,44.8658],[6.3073,44.8695],[6.3039,44.873],[6.2987,44.8731],[6.295,44.8742],[6.2886,44.8741],[6.2815,44.8699],[6.2782,44.8714],[6.2708,44.871],[6.2632,44.8668],[6.2584,44.8637],[6.2577,44.8616],[6.255,44.8588],[6.2535,44.8552],[6.25,44.8519],[6.2375,44.852],[6.2354,44.8516],[6.2254,44.8522],[6.2221,44.8537],[6.2157,44.8541],[6.207,44.8561],[6.2062,44.8577],[6.2015,44.8588],[6.1964,44.859],[6.1947,44.8571],[6.1919,44.8569],[6.1895,44.8543],[6.1877,44.8538],[6.1815,44.8547],[6.1767,44.8541],[6.1704,44.8543],[6.1697,44.8524],[6.1623,44.8542],[6.1585,44.8586],[6.1536,44.8593],[6.1512,44.8581],[6.1438,44.8584],[6.1422,44.8606],[6.1386,44.8633],[6.1329,44.8645],[6.1284,44.8619],[6.1211,44.8535],[6.1183,44.8528],[6.1147,44.8466],[6.1107,44.8432],[6.1064,44.8439],[6.1007,44.8426],[6.0973,44.8382],[6.093,44.8363],[6.0899,44.8357],[6.0879,44.8329],[6.0855,44.8324],[6.079,44.8286],[6.0733,44.8278],[6.0696,44.8251],[6.0669,44.8214],[6.0613,44.8205],[6.0586,44.819],[6.0565,44.8158],[6.0527,44.8169],[6.048,44.8206],[6.0473,44.8237],[6.0405,44.8275],[6.0358,44.8316],[6.0341,44.8352],[6.0309,44.8366],[6.0302,44.8381],[6.0251,44.8367],[6.0218,44.8375],[6.0158,44.8354],[6.0114,44.831],[6.0094,44.8304],[6.0077,44.8239],[6.0055,44.8208],[5.9982,44.8189],[5.9962,44.8179],[5.989,44.8182],[5.9849,44.8189],[5.9792,44.8186],[5.9725,44.8146],[5.9693,44.814],[5.9652,44.8119],[5.9606,44.8123],[5.9585,44.8089],[5.9495,44.8044],[5.9517,44.8009],[5.9545,44.7995],[5.9602,44.7994],[5.9615,44.7962],[5.9649,44.796],[5.9689,44.7946],[5.9777,44.7909],[5.9803,44.7813],[5.9719,44.7781],[5.9574,44.7733],[5.9532,44.7713],[5.9518,44.7695],[5.9525,44.7676],[5.9525,44.7621],[5.9511,44.7596],[5.9454,44.7619],[5.9402,44.763],[5.9382,44.7627],[5.9362,44.7599],[5.9311,44.7596],[5.927,44.7573],[5.9254,44.7573],[5.9207,44.7517],[5.919,44.7514],[5.9109,44.7577],[5.9064,44.7586],[5.8994,44.7582],[5.8946,44.7548],[5.8923,44.7557],[5.8894,44.7524],[5.8888,44.7488],[5.8855,44.7474],[5.8819,44.7467],[5.8755,44.7493],[5.8683,44.7503],[5.867,44.7517],[5.8508,44.7508],[5.8446,44.7529],[5.8416,44.7562],[5.8391,44.7577],[5.8357,44.7575],[5.8271,44.7597],[5.8265,44.7565],[5.8275,44.7518],[5.8284,44.7505],[5.8275,44.7476],[5.8278,44.745],[5.8296,44.7437],[5.8293,44.7416],[5.8254,44.7367],[5.8227,44.7356],[5.8214,44.7332],[5.8175,44.7307],[5.8147,44.7206],[5.8117,44.7184],[5.8112,44.7127],[5.8032,44.7103],[5.8015,44.7068],[5.8039,44.7059],[5.8122,44.7056],[5.8135,44.704],[5.8198,44.7037],[5.8271,44.7005],[5.8272,44.6963],[5.8304,44.6906],[5.8271,44.6865],[5.8207,44.6843],[5.8177,44.682],[5.8122,44.6792],[5.8097,44.6786],[5.8012,44.6752],[5.7993,44.674],[5.8006,44.6719],[5.8006,44.6686],[5.7978,44.6633],[5.7925,44.6608],[5.7914,44.6586],[5.7925,44.6561],[5.7902,44.6536],[5.7829,44.6534],[5.7804,44.6529],[5.7758,44.6541],[5.7726,44.6537],[5.7697,44.6553],[5.7641,44.6558],[5.7611,44.6591],[5.755,44.6631],[5.7536,44.6608],[5.7499,44.6608],[5.7504,44.6576],[5.7486,44.655],[5.7495,44.6522],[5.7534,44.6497],[5.7436,44.6476],[5.7409,44.6494],[5.7363,44.6488],[5.7346,44.646],[5.7387,44.6408],[5.7299,44.6398],[5.7288,44.6393],[5.7202,44.6399],[5.7146,44.6437],[5.7069,44.6422],[5.704,44.645],[5.6956,44.646],[5.6867,44.6485],[5.6831,44.6512],[5.6799,44.6524],[5.6715,44.6499],[5.6685,44.6485],[5.6608,44.651],[5.6555,44.6516],[5.6563,44.6541],[5.6543,44.6555],[5.6515,44.6552],[5.6482,44.6524],[5.6417,44.6514],[5.6401,44.648],[5.6403,44.6444],[5.6417,44.6383],[5.6392,44.6355],[5.6416,44.6312],[5.6411,44.6279],[5.6422,44.6272],[5.6431,44.6222],[5.6457,44.6216],[5.6495,44.6194],[5.6462,44.6094],[5.642,44.6101],[5.6351,44.609],[5.6366,44.6045],[5.6347,44.6013],[5.632,44.5997],[5.6308,44.5965],[5.6275,44.595],[5.6275,44.591],[5.6257,44.5896],[5.6263,44.5866],[5.6224,44.5859],[5.6179,44.584],[5.616,44.5794],[5.616,44.5747],[5.6136,44.5715],[5.609,44.571],[5.6071,44.5683],[5.6066,44.5668],[5.6049,44.5642],[5.6021,44.557],[5.6003,44.5556],[5.598,44.549],[5.5983,44.5465],[5.5971,44.5434],[5.6035,44.5412],[5.6049,44.5399],[5.6119,44.5361],[5.6148,44.5328],[5.6206,44.5343],[5.6228,44.5356],[5.6272,44.5347],[5.6367,44.5265],[5.6448,44.5206],[5.647,44.5196],[5.6537,44.5143],[5.6626,44.5056],[5.6647,44.5019],[5.6568,44.5023],[5.6523,44.4997],[5.6496,44.4993],[5.6438,44.5021],[5.6395,44.5018],[5.6352,44.5025],[5.6302,44.5014],[5.6263,44.4981],[5.6249,44.493],[5.6233,44.4896],[5.6251,44.4852],[5.6206,44.4815],[5.6174,44.4737],[5.6118,44.4703],[5.6102,44.4687],[5.6068,44.4683],[5.6036,44.4655],[5.5931,44.4673],[5.5899,44.4688],[5.5794,44.4718],[5.5749,44.4738],[5.5703,44.4769],[5.5644,44.4755],[5.5586,44.4733],[5.5561,44.4763],[5.5454,44.4826],[5.5366,44.4849],[5.5305,44.4859],[5.5258,44.4886],[5.5233,44.4883],[5.5201,44.4903],[5.5111,44.4916],[5.5063,44.4922],[5.4965,44.4918],[5.4954,44.4914],[5.4799,44.4913],[5.4739,44.4953],[5.4743,44.4972],[5.4709,44.5002],[5.4636,44.5005],[5.462,44.4994],[5.4582,44.4992],[5.457,44.4962],[5.459,44.4885],[5.4622,44.4817],[5.4654,44.4801],[5.466,44.476],[5.4676,44.4724],[5.4618,44.4707],[5.4591,44.4687],[5.4594,44.465],[5.4613,44.4632],[5.4611,44.4596],[5.4642,44.4574],[5.4647,44.4542],[5.4639,44.4521],[5.4644,44.4479],[5.4678,44.4469],[5.4808,44.4419],[5.4853,44.4419],[5.488,44.4401],[5.4974,44.4384],[5.4983,44.4373],[5.4936,44.4283],[5.4928,44.4291],[5.4858,44.4291],[5.483,44.426],[5.4832,44.4239],[5.4783,44.4212],[5.4768,44.4196],[5.4743,44.4198],[5.4707,44.4229],[5.4672,44.4242],[5.4635,44.4267],[5.4602,44.4266],[5.4509,44.4309],[5.4427,44.4331],[5.4386,44.4336],[5.4342,44.4336],[5.43,44.4317],[5.4263,44.429],[5.4184,44.4249],[5.4222,44.4194],[5.423,44.4162],[5.4288,44.4156],[5.4333,44.4117],[5.4341,44.4084],[5.437,44.4012],[5.4431,44.3916],[5.4406,44.3877],[5.441,44.3838],[5.4436,44.38],[5.4428,44.3786],[5.4396,44.3777],[5.4368,44.3779],[5.4297,44.3755],[5.4318,44.3733],[5.4317,44.3711],[5.4349,44.369],[5.4381,44.3674],[5.4396,44.3685],[5.4444,44.3677],[5.4481,44.3691],[5.4532,44.3672],[5.4595,44.3685],[5.4623,44.3674],[5.4654,44.3652],[5.4672,44.3605],[5.4668,44.3547],[5.469,44.3516],[5.4707,44.3504],[5.475,44.3516],[5.4805,44.351],[5.4825,44.3499],[5.4819,44.3475],[5.4838,44.3449],[5.4911,44.3393],[5.4928,44.3371],[5.498,44.3398],[5.5023,44.3441],[5.5107,44.3463],[5.5216,44.3511],[5.5228,44.3478],[5.529,44.343],[5.5399,44.3426],[5.5388,44.3367],[5.5374,44.3335],[5.5409,44.3312],[5.5445,44.3314],[5.548,44.33],[5.5538,44.3319],[5.5554,44.3318],[5.5608,44.3359],[5.5682,44.3322],[5.5712,44.3334],[5.5743,44.3323],[5.5832,44.3325],[5.5848,44.3321],[5.5878,44.3321],[5.5913,44.3332],[5.5953,44.3318],[5.604,44.3342],[5.6061,44.3326],[5.6125,44.3328],[5.6178,44.3323],[5.6235,44.3338],[5.6236,44.3353],[5.6269,44.335],[5.6304,44.3337],[5.6326,44.3286],[5.6285,44.328],[5.6212,44.3211],[5.6186,44.3198],[5.6161,44.3169],[5.6115,44.3164],[5.6103,44.3135],[5.611,44.3111],[5.608,44.3085],[5.6083,44.3061],[5.6162,44.3094],[5.6198,44.3079],[5.6207,44.3061],[5.6248,44.3034],[5.627,44.3013],[5.6338,44.301],[5.6378,44.2997],[5.6396,44.296],[5.6423,44.2949],[5.6331,44.2905],[5.6318,44.2869],[5.6332,44.2821],[5.6386,44.2775],[5.645,44.2747],[5.6476,44.2726],[5.6457,44.2694],[5.6468,44.2672],[5.6517,44.2687],[5.6578,44.2726],[5.662,44.2723],[5.6725,44.2745],[5.6756,44.2759],[5.6873,44.2666],[5.6854,44.2637],[5.6798,44.2612],[5.6742,44.2565],[5.6749,44.2503],[5.6727,44.2456],[5.6758,44.2443],[5.6732,44.2398],[5.6779,44.2362],[5.6826,44.2345],[5.6811,44.2308],[5.6796,44.2291],[5.6808,44.2264],[5.6796,44.2216],[5.6773,44.2198],[5.6777,44.2172],[5.676,44.2124],[5.6775,44.2095],[5.6832,44.2036],[5.6833,44.2001],[5.6867,44.1964],[5.6864,44.1946],[5.6837,44.1924],[5.6758,44.1915],[5.675,44.1889],[5.6719,44.1897],[5.6604,44.1898],[5.6577,44.189],[5.6517,44.1896],[5.6524,44.1855],[5.6485,44.1804],[5.6471,44.1758],[5.6445,44.1741],[5.6433,44.1706],[5.647,44.1664],[5.6521,44.1672],[5.6624,44.167],[5.6732,44.1646],[5.6749,44.1649],[5.6829,44.1636],[5.6793,44.1554],[5.679,44.1516],[5.6777,44.1489],[5.6789,44.1461],[5.6675,44.1491],[5.6635,44.1483],[5.6553,44.1475],[5.6531,44.1482],[5.6473,44.1481],[5.6451,44.1487],[5.6335,44.1506],[5.6313,44.1504],[5.6321,44.1523],[5.6316,44.1587],[5.6374,44.1626],[5.6397,44.1676],[5.6363,44.17],[5.6321,44.1709],[5.6321,44.1737],[5.6264,44.1758],[5.6162,44.1779],[5.6166,44.1809],[5.6132,44.186],[5.6097,44.1875],[5.6093,44.1907],[5.602,44.1917],[5.6012,44.1897],[5.5968,44.1878],[5.5876,44.1873],[5.5838,44.1887],[5.5762,44.1881],[5.5755,44.1851],[5.5703,44.1801],[5.5684,44.18],[5.5645,44.1709],[5.5686,44.1687],[5.5725,44.1639],[5.5802,44.1588],[5.5833,44.1578],[5.5786,44.152],[5.5695,44.1481],[5.5513,44.1498],[5.5501,44.1456],[5.5428,44.134],[5.5344,44.1302],[5.523,44.127],[5.5193,44.1265],[5.5115,44.1243],[5.5108,44.1209],[5.5087,44.1185],[5.5044,44.1162],[5.4989,44.1161],[5.4945,44.1155],[5.4845,44.1172],[5.4826,44.1179],[5.4718,44.1187],[5.4614,44.1182],[5.4547,44.1192],[5.4506,44.1213],[5.4486,44.1255],[5.4497,44.1288],[5.4473,44.1362],[5.4478,44.1369],[5.4426,44.1384],[5.4393,44.1378],[5.4365,44.1402],[5.4376,44.1448],[5.4356,44.1508],[5.436,44.1525],[5.4325,44.1525],[5.4275,44.149],[5.4237,44.1492],[5.4169,44.1551],[5.4131,44.1551],[5.4091,44.1532],[5.4022,44.1535],[5.3971,44.1522],[5.3924,44.1525],[5.386,44.1555],[5.3832,44.1554],[5.3825,44.1603],[5.3844,44.1662],[5.3836,44.1729],[5.3865,44.1777],[5.386,44.1862],[5.3819,44.1911],[5.3805,44.1958],[5.3832,44.1991],[5.3847,44.2011],[5.3802,44.203],[5.3766,44.2053],[5.3663,44.2095],[5.3589,44.2121],[5.3552,44.2146],[5.3496,44.2108],[5.3481,44.2106],[5.3367,44.2034],[5.331,44.2042],[5.3256,44.2072],[5.3187,44.21],[5.314,44.2082],[5.3095,44.2093],[5.3072,44.2087],[5.3041,44.2101],[5.3022,44.2091],[5.3033,44.2057],[5.2981,44.2077],[5.2951,44.2123],[5.2926,44.2144],[5.2861,44.2168],[5.2806,44.2197],[5.2775,44.2202],[5.2715,44.2238],[5.2665,44.2257],[5.2567,44.23],[5.2527,44.2313],[5.2483,44.2311],[5.2405,44.2309],[5.2382,44.2134],[5.234,44.2136],[5.23,44.2119],[5.2267,44.2149],[5.2233,44.2146],[5.222,44.2131],[5.2153,44.2151],[5.2069,44.2139],[5.2011,44.217],[5.1986,44.2166],[5.1887,44.2202],[5.1814,44.219],[5.1758,44.2204],[5.1724,44.2232],[5.1682,44.2251],[5.1654,44.225],[5.1619,44.2274],[5.1608,44.2297],[5.1581,44.2286],[5.1548,44.2305],[5.1555,44.2332],[5.1533,44.2332],[5.1495,44.2358],[5.1519,44.2383],[5.1579,44.2419],[5.1619,44.2458],[5.1623,44.2546],[5.1599,44.257],[5.1596,44.2621],[5.1607,44.2667],[5.1543,44.2674],[5.1475,44.2696],[5.1466,44.2722],[5.1469,44.2756],[5.1483,44.28],[5.1498,44.2821],[5.1545,44.285],[5.1587,44.2859],[5.1622,44.289],[5.1683,44.29],[5.1685,44.2955],[5.1701,44.2989],[5.1692,44.3016],[5.1708,44.3046],[5.1741,44.3082],[5.171,44.3096],[5.1689,44.314],[5.1664,44.3149],[5.1508,44.3096],[5.1528,44.3078],[5.1548,44.304],[5.1549,44.302],[5.1503,44.302],[5.1421,44.2964],[5.138,44.2956],[5.1336,44.2929],[5.1322,44.2931],[5.1252,44.2887],[5.1188,44.2867],[5.1151,44.2842],[5.1078,44.2808],[5.1081,44.2773],[5.1055,44.2776],[5.104,44.2801],[5.0985,44.2821],[5.0865,44.284],[5.0837,44.2829],[5.0767,44.284],[5.0744,44.2867],[5.0708,44.2891],[5.0681,44.2963],[5.0673,44.301],[5.0605,44.3082],[5.0561,44.3056],[5.0457,44.3015],[5.0406,44.3002],[5.0293,44.2979],[5.0249,44.2969],[5.017,44.2927],[5.0111,44.2904],[5.0047,44.2865],[4.997,44.2856],[4.9895,44.286],[4.9851,44.2859],[4.9809,44.2847],[4.9774,44.2825],[4.9755,44.2822],[4.9713,44.2798],[4.9675,44.2774],[4.96,44.2743],[4.9427,44.269],[4.9376,44.2661],[4.933,44.2622],[4.9282,44.2625],[4.9241,44.2613],[4.9224,44.2597],[4.9127,44.2606],[4.9017,44.2602],[4.8997,44.2568],[4.8954,44.2575],[4.8968,44.2597],[4.9011,44.2641],[4.8971,44.2644],[4.8848,44.2614],[4.8801,44.2617],[4.8741,44.2598],[4.8707,44.2565],[4.8675,44.2558],[4.8665,44.2538],[4.8659,44.2495],[4.8588,44.2486],[4.857,44.2458],[4.8466,44.2407],[4.8439,44.2417],[4.8413,44.2389],[4.8403,44.235],[4.8376,44.2363],[4.8316,44.2316],[4.8275,44.2304],[4.8256,44.2286],[4.8173,44.2298],[4.8142,44.2322],[4.8121,44.242],[4.8136,44.248],[4.8119,44.2512],[4.813,44.2532],[4.8127,44.2574],[4.8096,44.2634],[4.8052,44.269],[4.804,44.2692],[4.8064,44.2735],[4.8046,44.2777],[4.8035,44.2781],[4.803,44.2854],[4.8048,44.2883],[4.805,44.2928],[4.8031,44.2978],[4.8046,44.3038],[4.7996,44.3034],[4.7935,44.3067],[4.7907,44.3076],[4.7875,44.3136],[4.7855,44.3134],[4.7825,44.3154],[4.7796,44.3194],[4.7719,44.3175],[4.7678,44.3208],[4.7629,44.3255],[4.7509,44.3251],[4.742,44.3254],[4.7337,44.3262],[4.7215,44.3265],[4.7188,44.3257],[4.7137,44.3256],[4.7124,44.3238],[4.7131,44.3205],[4.6963,44.3209],[4.6887,44.3206],[4.6786,44.3207],[4.6753,44.324],[4.6714,44.3248],[4.6695,44.3228],[4.659,44.3269],[4.6506,44.3298],[4.6514,44.325],[4.6508,44.3189],[4.6492,44.3118],[4.6498,44.3096],[4.6532,44.3039],[4.6536,44.3003],[4.6532,44.2948],[4.6529,44.291],[4.651,44.2837],[4.6514,44.2777],[4.6509,44.2741],[4.6495,44.2703],[4.6458,44.2707],[4.6412,44.2744],[4.6398,44.28],[4.6381,44.283],[4.6349,44.2848],[4.6291,44.2842],[4.6235,44.2816],[4.6177,44.2781],[4.6164,44.2782],[4.6145,44.2794],[4.6122,44.2861],[4.6093,44.2892],[4.6056,44.291],[4.5997,44.2918],[4.5965,44.292],[4.5931,44.294],[4.588,44.2943],[4.5801,44.2979],[4.578,44.3],[4.5742,44.3008],[4.57,44.2993],[4.5629,44.3009],[4.5597,44.3021],[4.553,44.3092],[4.5509,44.3138],[4.5483,44.3173],[4.545,44.3203],[4.5452,44.322],[4.5477,44.3229],[4.5493,44.3246],[4.5474,44.3266],[4.5445,44.326],[4.5407,44.3237],[4.5326,44.3226],[4.5282,44.3256],[4.5248,44.3297],[4.5227,44.3305],[4.5191,44.3302],[4.5148,44.3282],[4.5121,44.3287],[4.5116,44.3317],[4.513,44.3338],[4.5121,44.3354],[4.5084,44.3366],[4.5067,44.338],[4.5072,44.3417],[4.506,44.344],[4.5024,44.3431],[4.5034,44.3399],[4.4996,44.3383],[4.4875,44.3387],[4.4822,44.3368],[4.4794,44.3372],[4.4747,44.3421],[4.4713,44.3418],[4.4673,44.3403],[4.4649,44.3417],[4.4576,44.3416],[4.4531,44.3389],[4.4508,44.3342],[4.4497,44.3103],[4.4484,44.2966],[4.4533,44.2979],[4.4521,44.2965],[4.4475,44.294],[4.4465,44.2926],[4.4462,44.2888],[4.4438,44.2863],[4.4406,44.285],[4.4403,44.2836],[4.4344,44.2833],[4.4335,44.2868],[4.4317,44.2871],[4.4317,44.2904],[4.4293,44.2898],[4.4267,44.2876],[4.4207,44.2871],[4.4175,44.288],[4.4122,44.2876],[4.4033,44.2888],[4.4004,44.2874],[4.3993,44.2891],[4.3958,44.2905],[4.3932,44.2945],[4.3937,44.2971],[4.3927,44.3007],[4.3895,44.301],[4.3908,44.3031],[4.4014,44.328],[4.4033,44.3336],[4.3955,44.344],[4.3914,44.3468],[4.3877,44.3471],[4.3841,44.3443],[4.3798,44.3426],[4.376,44.3421],[4.368,44.3394],[4.3617,44.3402],[4.3512,44.3394],[4.3447,44.3398],[4.3303,44.3389],[4.3258,44.3383],[4.3277,44.3373],[4.33,44.3339],[4.3286,44.3317],[4.3256,44.3307],[4.3218,44.324],[4.3157,44.3202],[4.3086,44.3176],[4.3035,44.3148],[4.2951,44.3136],[4.2901,44.3166],[4.2882,44.3148],[4.2894,44.3098],[4.2907,44.3088],[4.2892,44.2925],[4.2885,44.2918],[4.2844,44.2875],[4.2837,44.2853],[4.2805,44.2836],[4.279,44.2773],[4.2768,44.2744],[4.2719,44.2712],[4.2638,44.269],[4.2585,44.2643],[4.2492,44.2658],[4.2444,44.2687],[4.2416,44.2697],[4.2394,44.272],[4.234,44.275],[4.2304,44.2769],[4.2285,44.2799],[4.2266,44.2801],[4.2252,44.2829],[4.2162,44.289],[4.2152,44.2907],[4.2102,44.2925],[4.1983,44.2962],[4.1888,44.2986],[4.1865,44.2998],[4.1834,44.3027],[4.1827,44.306],[4.1778,44.3129],[4.1786,44.3151],[4.1778,44.3176],[4.1742,44.318],[4.171,44.3169],[4.1687,44.3138],[4.1639,44.3121],[4.1575,44.3123],[4.1484,44.3136],[4.1429,44.3132],[4.1411,44.318],[4.1424,44.3227],[4.1406,44.3262],[4.1419,44.3275],[4.1368,44.3285],[4.1353,44.331],[4.1333,44.3319],[4.1321,44.3357],[4.1271,44.3376],[4.1233,44.336],[4.1193,44.3328],[4.1168,44.3294],[4.1131,44.3294],[4.1094,44.3309],[4.1041,44.3341],[4.1013,44.3335],[4.0966,44.3348],[4.0931,44.3343],[4.0933,44.3306],[4.0863,44.3304],[4.0856,44.3286],[4.0772,44.3288],[4.0737,44.3298],[4.0695,44.3252],[4.0613,44.3221],[4.0599,44.3203],[4.0544,44.3188],[4.0517,44.317],[4.0469,44.319],[4.0493,44.3215],[4.0462,44.3217],[4.0463,44.324],[4.0433,44.324],[4.0395,44.3274],[4.0357,44.3297],[4.0404,44.3313],[4.0426,44.3329],[4.0479,44.3341],[4.0499,44.3368],[4.0537,44.3381],[4.053,44.3418],[4.051,44.344],[4.0507,44.3472],[4.0541,44.35],[4.0547,44.3523],[4.0533,44.359],[4.057,44.3614],[4.0573,44.3637],[4.053,44.367],[4.053,44.3702],[4.0507,44.3738],[4.0516,44.3774],[4.0531,44.3789],[4.0482,44.3808],[4.0463,44.3834],[4.0438,44.3845],[4.0402,44.3916],[4.0422,44.3946],[4.0442,44.3944],[4.0478,44.3974],[4.0528,44.3955],[4.0561,44.3927],[4.0577,44.3944],[4.0645,44.3945],[4.0623,44.3987],[4.0667,44.4013],[4.0684,44.405],[4.0642,44.4082],[4.0613,44.4091],[4.0574,44.4135],[4.0466,44.4184],[4.0397,44.418],[4.0354,44.4201],[4.0427,44.4264],[4.0419,44.4277],[4.0463,44.4318],[4.0453,44.4354],[4.0426,44.4367],[4.0418,44.4409],[4.0395,44.4424],[4.0372,44.4461],[4.0343,44.4436],[4.0326,44.4459],[4.0291,44.4463],[4.0233,44.4457],[4.0194,44.4497],[4.0147,44.4509],[4.0153,44.4537],[4.0109,44.4548],[4.01,44.4563],[4.0042,44.4564],[4.0018,44.4591],[3.9984,44.4597],[3.997,44.462],[3.9975,44.4646],[3.9957,44.4667],[3.9922,44.4676],[3.9924,44.4702],[3.9885,44.4721],[3.9857,44.4777],[3.9875,44.4809],[3.985,44.4836],[3.9871,44.4873],[3.9851,44.4888],[3.9869,44.4909],[3.9845,44.4939],[3.9871,44.4952],[3.9862,44.4974],[3.9883,44.4987],[3.9862,44.5023],[3.9887,44.504],[3.9858,44.5058],[3.9836,44.5083],[3.9843,44.511],[3.9805,44.5163],[3.9768,44.517],[3.9788,44.5176],[3.9798,44.52],[3.979,44.5229],[3.9753,44.5239],[3.9712,44.5268],[3.9722,44.528],[3.9699,44.5317],[3.9692,44.5343],[3.9661,44.5358],[3.9657,44.538],[3.966,44.5402],[3.963,44.5437],[3.9616,44.5497],[3.9598,44.551],[3.9606,44.5534],[3.9582,44.5569],[3.959,44.5586],[3.9545,44.5652],[3.9551,44.5667],[3.9527,44.5682],[3.9486,44.573],[3.9363,44.5738],[3.9319,44.5719],[3.9296,44.5688],[3.9277,44.5705],[3.9234,44.5718],[3.9229,44.5736],[3.9177,44.578],[3.9155,44.5826],[3.9191,44.5852],[3.9182,44.5884],[3.915,44.5905],[3.9058,44.5924],[3.9062,44.5958],[3.9035,44.5973],[3.9071,44.6027],[3.906,44.6046],[3.908,44.6076],[3.9062,44.6115],[3.9047,44.6127],[3.8985,44.6135],[3.8957,44.6124],[3.8936,44.6135],[3.8941,44.6154],[3.8924,44.6226],[3.8926,44.6276],[3.8947,44.6314],[3.8938,44.6333],[3.8958,44.638],[3.8934,44.6411],[3.8954,44.6424],[3.8978,44.6441],[3.8945,44.6483],[3.8948,44.6501],[3.8909,44.6564],[3.889,44.6573],[3.8853,44.656],[3.8824,44.6589],[3.8837,44.665],[3.8794,44.6668],[3.8778,44.6687],[3.8788,44.673],[3.8781,44.6747],[3.8722,44.6751],[3.8693,44.6784],[3.8737,44.6831],[3.8764,44.6851],[3.8779,44.69],[3.8826,44.6911],[3.8844,44.6939],[3.8841,44.6975],[3.8823,44.6981],[3.8758,44.6962],[3.8695,44.6972],[3.8693,44.7008],[3.867,44.703],[3.8722,44.7059],[3.8706,44.7089],[3.8668,44.7089],[3.8645,44.7107],[3.8615,44.7109],[3.8643,44.7182],[3.8617,44.7191],[3.8643,44.7233],[3.8667,44.7284],[3.8708,44.7282],[3.8713,44.7302],[3.8748,44.7309],[3.878,44.7325],[3.8768,44.7391],[3.8755,44.7406],[3.8698,44.7412],[3.8666,44.7431],[3.8626,44.744],[3.8552,44.7464],[3.8502,44.7466],[3.8477,44.7453],[3.8434,44.7471],[3.8412,44.7467],[3.8352,44.7483],[3.8363,44.7511],[3.8347,44.7525],[3.8298,44.7548],[3.8311,44.7566],[3.8339,44.7575],[3.837,44.76],[3.8403,44.7651],[3.8424,44.7671],[3.8431,44.7697],[3.8418,44.7723],[3.835,44.7735],[3.8332,44.7767],[3.8287,44.7747],[3.8193,44.7727],[3.8161,44.7685],[3.8123,44.769],[3.8119,44.7659],[3.8097,44.7652],[3.803,44.7708],[3.8049,44.773],[3.802,44.7802],[3.8031,44.7816],[3.7985,44.7862],[3.7966,44.7868],[3.7879,44.7922],[3.7871,44.7938],[3.7829,44.7956],[3.7794,44.7959],[3.7776,44.7988],[3.7751,44.7966],[3.7711,44.7977],[3.7739,44.8006],[3.7713,44.8033],[3.7664,44.8032],[3.7642,44.8005],[3.7612,44.8016],[3.7608,44.8045],[3.7587,44.8069],[3.7629,44.8098],[3.7615,44.8135],[3.7595,44.8161],[3.7559,44.8169],[3.7549,44.8202],[3.7515,44.8216],[3.7497,44.824],[3.7517,44.8256],[3.7515,44.8285],[3.7464,44.8299],[3.7451,44.8369],[3.743,44.8388],[3.7386,44.8386],[3.7355,44.8401],[3.7349,44.8379],[3.737,44.8361],[3.7346,44.8329],[3.7283,44.8339],[3.7223,44.8309],[3.7175,44.8316],[3.7144,44.8332],[3.7107,44.8365],[3.7041,44.8359],[3.6997,44.8367],[3.6981,44.8355],[3.6993,44.8336],[3.6966,44.8308],[3.6923,44.832],[3.6871,44.8318],[3.6862,44.8302],[3.6814,44.83],[3.6746,44.8304],[3.6699,44.8289],[3.6663,44.8286],[3.6632,44.8298],[3.6594,44.8335],[3.6576,44.8361],[3.6663,44.8398],[3.6697,44.8408],[3.6721,44.8433],[3.6706,44.8511],[3.6739,44.8541],[3.6727,44.8566],[3.6668,44.8574],[3.6657,44.8597],[3.6633,44.8615],[3.6616,44.8669],[3.6527,44.8761],[3.6502,44.874],[3.644,44.8771],[3.6396,44.8785],[3.6364,44.8776],[3.6311,44.8784],[3.6302,44.8809],[3.6263,44.88],[3.6229,44.8782],[3.6226,44.8759],[3.6182,44.8758],[3.6146,44.8743],[3.6119,44.8752],[3.6082,44.8791],[3.6034,44.8793],[3.5985,44.8775],[3.5935,44.8766],[3.5953,44.8743],[3.5944,44.8676],[3.5984,44.8626],[3.5992,44.8598],[3.5967,44.859],[3.5979,44.8568],[3.5948,44.8547],[3.5958,44.8528],[3.5917,44.8471],[3.5926,44.8432],[3.5946,44.8412],[3.5909,44.8386],[3.5884,44.8386],[3.5869,44.8367],[3.5892,44.8332],[3.5902,44.8274],[3.5881,44.8262],[3.5826,44.8262],[3.5789,44.8256],[3.5773,44.8299],[3.5747,44.8348],[3.5722,44.835],[3.5643,44.8328],[3.5603,44.8328],[3.5625,44.828],[3.5617,44.8249],[3.5527,44.8257],[3.546,44.8278],[3.5371,44.8283],[3.5314,44.8276],[3.5194,44.8252],[3.512,44.8249],[3.5073,44.8242],[3.5061,44.8241],[3.4987,44.8188],[3.4937,44.814],[3.4928,44.8099],[3.4913,44.8082],[3.4871,44.8064],[3.4825,44.8078],[3.4785,44.8098],[3.4775,44.8137],[3.474,44.8165],[3.47,44.8226],[3.4679,44.8238],[3.4649,44.8273],[3.4617,44.8288],[3.4562,44.8291],[3.4555,44.8315],[3.4585,44.8358],[3.4587,44.8394],[3.4556,44.8443],[3.4515,44.8454],[3.4505,44.8471],[3.4448,44.8525],[3.4419,44.8542],[3.4387,44.8607],[3.4379,44.8725],[3.436,44.8802],[3.4272,44.8905],[3.4207,44.8949],[3.418,44.9009],[3.4195,44.9051],[3.417,44.9063],[3.4194,44.9084],[3.4141,44.9152],[3.4107,44.9177],[3.4139,44.9199],[3.4141,44.9252],[3.4161,44.9279],[3.4157,44.9306],[3.4139,44.9343],[3.4127,44.9388],[3.4153,44.9415],[3.4125,44.945],[3.4099,44.9494],[3.4044,44.9571],[3.3998,44.9574],[3.397,44.9586],[3.3947,44.9569],[3.3912,44.952],[3.3891,44.9513],[3.3853,44.9535],[3.3815,44.9546],[3.3741,44.9586],[3.3716,44.9604],[3.3725,44.9635],[3.3761,44.9647],[3.3703,44.9703],[3.3727,44.9758],[3.3623,44.9713],[3.3613,44.9714],[3.3554,44.9602],[3.3546,44.9549],[3.3379,44.9559],[3.3294,44.952],[3.3263,44.9498],[3.3154,44.944],[3.3165,44.9405],[3.3118,44.9378],[3.3086,44.9388],[3.3076,44.941],[3.2999,44.9395],[3.2986,44.9363],[3.2924,44.9314],[3.2896,44.9297],[3.2856,44.9263],[3.2812,44.9261],[3.2747,44.9266],[3.2693,44.9284],[3.2628,44.9318],[3.2624,44.9364],[3.2682,44.9415],[3.2632,44.9427],[3.2562,44.9416],[3.253,44.9413],[3.2486,44.9394],[3.2502,44.9382],[3.251,44.9354],[3.2462,44.9339],[3.2434,44.9357],[3.2417,44.9339],[3.2435,44.9316],[3.2474,44.9299],[3.2479,44.9283],[3.2442,44.9271],[3.2481,44.9217],[3.2499,44.9163],[3.2439,44.9161],[3.2425,44.9145],[3.2396,44.9145],[3.2363,44.9126],[3.2267,44.9098],[3.2291,44.9058],[3.2269,44.8988],[3.2272,44.8969],[3.2341,44.8898],[3.2364,44.8879],[3.2313,44.8856],[3.2278,44.8859],[3.2257,44.8822],[3.2201,44.8783],[3.2174,44.8772],[3.2156,44.8744],[3.2136,44.8749],[3.2108,44.8733],[3.2018,44.8753],[3.1994,44.8749],[3.1943,44.8716],[3.1923,44.8695],[3.1937,44.866],[3.1921,44.8628],[3.1871,44.8615],[3.1813,44.8647],[3.1801,44.8677],[3.1734,44.8727],[3.17,44.8733],[3.1675,44.8749],[3.1636,44.8741],[3.165,44.8778],[3.1641,44.8796],[3.1611,44.8815],[3.1599,44.8851],[3.1535,44.8895],[3.1528,44.8932],[3.1498,44.8942],[3.1445,44.8991],[3.1445,44.9017],[3.1422,44.903],[3.1281,44.9036],[3.1256,44.901],[3.1244,44.8968],[3.1217,44.8959],[3.1213,44.8943],[3.1243,44.8908],[3.1234,44.8894],[3.1176,44.89],[3.1171,44.8944],[3.1151,44.8943],[3.1133,44.8896],[3.1099,44.8871],[3.1036,44.8868],[3.103,44.8846],[3.1068,44.8797],[3.1069,44.8777],[3.103,44.8749],[3.1025,44.871],[3.1081,44.8664],[3.1049,44.8664],[3.1019,44.8612],[3.0967,44.8588],[3.0933,44.8549],[3.0953,44.8521],[3.0949,44.8507],[3.0991,44.8495],[3.0968,44.8466],[3.1003,44.8439],[3.0977,44.8431],[3.0995,44.8402],[3.099,44.833],[3.0938,44.8333],[3.0901,44.8327],[3.083,44.8337],[3.0723,44.8376],[3.0713,44.8343],[3.0742,44.8259],[3.0773,44.8246],[3.0721,44.8226],[3.069,44.8228],[3.0639,44.8201],[3.0615,44.8177],[3.0616,44.8153],[3.0581,44.8132],[3.0565,44.8095],[3.0521,44.8057],[3.0481,44.8042],[3.0465,44.8016],[3.0459,44.7978],[3.0493,44.794],[3.0481,44.7916],[3.0485,44.7883],[3.0517,44.7851],[3.0498,44.7847],[3.0499,44.7817],[3.0497,44.7786],[3.0462,44.7769],[3.0426,44.7723],[3.0447,44.7704],[3.0454,44.7675],[3.0482,44.7653],[3.0493,44.7631],[3.0436,44.7611],[3.0422,44.7595],[3.0373,44.7577],[3.0347,44.7543],[3.035,44.7515],[3.0309,44.7491],[3.03,44.7461],[3.0318,44.7426],[3.0305,44.7411],[3.0306,44.736],[3.0288,44.7334],[3.0269,44.7296],[3.0282,44.7282],[3.0343,44.7292],[3.0381,44.721],[3.0391,44.7151],[3.0322,44.7158],[3.0282,44.7171],[3.0249,44.7161],[3.0231,44.7133],[3.02,44.7144],[3.0166,44.7144],[3.0135,44.7095],[3.0132,44.7045],[3.01,44.7012],[3.0072,44.6954],[3.0085,44.6941],[3.0057,44.6912],[3.0009,44.6879],[3.0025,44.6862],[3.0004,44.6843],[3.0013,44.6813],[2.9995,44.6757],[2.9955,44.67],[2.987,44.6613],[2.9839,44.6569],[2.9834,44.6533],[2.9817,44.652],[2.9849,44.6504],[2.9817,44.6447],[2.9754,44.6447],[2.9733,44.6454],[2.97,44.6486],[2.9638,44.6542],[2.9619,44.6546],[2.9632,44.6587],[2.956,44.6598],[2.9545,44.6679],[2.9504,44.6702],[2.9483,44.6743],[2.9443,44.6771],[2.9394,44.6776],[2.9378,44.6799],[2.9385,44.6824],[2.944,44.6851],[2.9416,44.6865],[2.9387,44.6909],[2.9382,44.6934],[2.9349,44.6941],[2.9338,44.697],[2.9351,44.705],[2.9309,44.713],[2.9276,44.7203],[2.9256,44.7271],[2.9238,44.7289],[2.9284,44.7335],[2.9322,44.7382],[2.9348,44.744],[2.9333,44.7459],[2.9336,44.75],[2.9278,44.7562],[2.927,44.7577],[2.92,44.7549],[2.916,44.7566],[2.9157,44.7579],[2.912,44.7605],[2.9134,44.7645],[2.9165,44.7674],[2.9198,44.7656],[2.922,44.7659],[2.925,44.7636],[2.9277,44.7634],[2.9307,44.7618],[2.9333,44.7654],[2.9357,44.767],[2.9344,44.7707],[2.9356,44.7739],[2.9373,44.7751],[2.9333,44.7811],[2.9305,44.7853],[2.9263,44.7878],[2.925,44.7914],[2.9202,44.7943],[2.916,44.7916],[2.9116,44.7906],[2.9098,44.7874],[2.9051,44.7839],[2.8985,44.7846],[2.8899,44.7876],[2.8876,44.7892],[2.8894,44.7908],[2.8886,44.7923],[2.8844,44.7962],[2.8791,44.8038],[2.8772,44.807],[2.8776,44.8099],[2.8756,44.8156],[2.8721,44.8184],[2.8704,44.8239],[2.8704,44.8294],[2.868,44.8334],[2.8617,44.8359],[2.8596,44.8392],[2.8594,44.8423],[2.8641,44.8427],[2.8657,44.8471],[2.8619,44.848],[2.8596,44.8505],[2.8568,44.8488],[2.8546,44.8507],[2.8562,44.8521],[2.8548,44.8539],[2.8566,44.8599],[2.8564,44.8656],[2.8614,44.8679],[2.8593,44.871],[2.8598,44.8744],[2.857,44.8753],[2.8547,44.8741],[2.8507,44.8718],[2.8467,44.8717],[2.8426,44.8728],[2.838,44.8713],[2.8306,44.8724],[2.8269,44.8706],[2.819,44.8716],[2.8163,44.8694],[2.8136,44.8692],[2.8087,44.8737],[2.8073,44.8743],[2.8017,44.8735],[2.7987,44.869],[2.7945,44.8687],[2.7908,44.8677],[2.7829,44.8619],[2.7814,44.8578],[2.7758,44.8576],[2.7728,44.8553],[2.7706,44.8589],[2.7709,44.8604],[2.7672,44.8657],[2.7684,44.8702],[2.7709,44.8711],[2.7688,44.8744],[2.7711,44.876],[2.7707,44.8799],[2.774,44.8802],[2.7755,44.884],[2.7784,44.8875],[2.7758,44.8902],[2.7735,44.8971],[2.772,44.8985],[2.7717,44.9018],[2.7758,44.9096],[2.7719,44.918],[2.762,44.9246],[2.7607,44.9263],[2.7603,44.9301],[2.7561,44.9326],[2.7516,44.934],[2.7423,44.9289],[2.7412,44.9328],[2.743,44.9348],[2.742,44.9385],[2.7384,44.9414],[2.7377,44.9404],[2.7316,44.9369],[2.7291,44.937],[2.7264,44.9335],[2.7263,44.9295],[2.7238,44.9245],[2.7222,44.9246],[2.7167,44.9289],[2.7136,44.9271],[2.7156,44.9239],[2.7111,44.9192],[2.7098,44.9147],[2.7075,44.911],[2.7083,44.9083],[2.7064,44.9071],[2.7002,44.904],[2.6925,44.904],[2.6903,44.9021],[2.6874,44.9058],[2.6834,44.905],[2.6819,44.9073],[2.6802,44.9043],[2.6762,44.9039],[2.6744,44.9004],[2.6726,44.899],[2.6707,44.8956],[2.6668,44.8931],[2.6648,44.8897],[2.6593,44.888],[2.6578,44.8863],[2.6593,44.8833],[2.6587,44.8766],[2.6562,44.8724],[2.651,44.8695],[2.6478,44.8708],[2.6437,44.8699],[2.6404,44.8718],[2.6341,44.873],[2.629,44.8725],[2.6266,44.8693],[2.6267,44.8677],[2.6239,44.867],[2.6216,44.863],[2.621,44.8593],[2.6175,44.8565],[2.6186,44.852],[2.6154,44.8527],[2.6116,44.8477],[2.6102,44.8476],[2.607,44.8445],[2.6046,44.8447],[2.6027,44.8432],[2.6036,44.839],[2.6081,44.8373],[2.6115,44.8311],[2.6102,44.8292],[2.61,44.8259],[2.6077,44.8261],[2.6059,44.8232],[2.6035,44.8239],[2.6019,44.8219],[2.5981,44.8208],[2.5992,44.8149],[2.6006,44.8134],[2.6005,44.8097],[2.6018,44.8082],[2.6001,44.8066],[2.5989,44.802],[2.6006,44.801],[2.6006,44.7982],[2.5995,44.7955],[2.6004,44.7935],[2.5967,44.7904],[2.5928,44.7888],[2.5865,44.7839],[2.5831,44.7837],[2.5778,44.786],[2.5732,44.7847],[2.5643,44.7781],[2.5623,44.7777],[2.5626,44.7751],[2.5648,44.7723],[2.5633,44.7706],[2.5623,44.7672],[2.5631,44.7659],[2.5607,44.7637],[2.56,44.761],[2.5573,44.7571],[2.5534,44.7573],[2.5499,44.755],[2.5522,44.7528],[2.5533,44.7494],[2.5507,44.7471],[2.5547,44.7448],[2.5547,44.7431],[2.5514,44.742],[2.5544,44.7391],[2.5507,44.7363],[2.5557,44.7346],[2.5521,44.7314],[2.5495,44.7285],[2.5457,44.7279],[2.5443,44.7253],[2.5474,44.7248],[2.5536,44.7252],[2.5548,44.7286],[2.5608,44.7271],[2.5578,44.7253],[2.559,44.7197],[2.5551,44.7212],[2.5491,44.7189],[2.5487,44.7163],[2.5408,44.7135],[2.5409,44.7117],[2.5364,44.712],[2.532,44.711],[2.5266,44.7076],[2.5238,44.705],[2.518,44.7042],[2.5195,44.7022],[2.5189,44.6991],[2.5141,44.6931],[2.511,44.6958],[2.5092,44.6932],[2.5063,44.6932],[2.5025,44.6907],[2.5003,44.6905],[2.4948,44.6777],[2.4909,44.6719],[2.4886,44.6706],[2.4875,44.666],[2.4877,44.6628],[2.491,44.658],[2.4869,44.6563],[2.4857,44.653],[2.4839,44.6508],[2.4788,44.6491],[2.4722,44.6522],[2.4689,44.6496],[2.4687,44.6453],[2.4677,44.6429],[2.4622,44.6451],[2.4562,44.6461],[2.4515,44.6484],[2.4485,44.6487],[2.4446,44.6466],[2.4444,44.6439],[2.4357,44.6391],[2.4336,44.639],[2.43,44.6404],[2.4283,44.6431],[2.4236,44.6443],[2.4166,44.6428],[2.4141,44.6434],[2.4097,44.6459],[2.4054,44.6473],[2.4005,44.6455],[2.3975,44.6464],[2.3943,44.6462],[2.3905,44.6438],[2.3875,44.6453],[2.3893,44.6486],[2.3803,44.6515],[2.3781,44.65],[2.3762,44.6466],[2.3714,44.645],[2.3666,44.6415],[2.3575,44.6417],[2.3543,44.6401],[2.3491,44.6409],[2.3466,44.644],[2.3406,44.646],[2.3376,44.6479],[2.3332,44.6487],[2.3326,44.6506],[2.3345,44.6517],[2.3342,44.6545],[2.3377,44.6566],[2.3362,44.6597],[2.3366,44.662],[2.3337,44.6647],[2.3324,44.6645],[2.3279,44.6683],[2.3242,44.6692],[2.3162,44.6653],[2.3114,44.6653],[2.3054,44.6623],[2.3001,44.6638],[2.2936,44.6671],[2.2874,44.6657],[2.2852,44.6669],[2.2807,44.6639],[2.275,44.6616],[2.2704,44.6606],[2.2681,44.6611],[2.264,44.6605],[2.2609,44.6589],[2.2577,44.6553],[2.2509,44.652],[2.2412,44.653],[2.2343,44.6555],[2.2286,44.6551],[2.2251,44.6525],[2.217,44.6505],[2.2159,44.6507],[2.2084,44.6438],[2.2115,44.6403],[2.2111,44.6364],[2.2119,44.6314],[2.2158,44.6248],[2.2207,44.6234],[2.2207,44.6221],[2.2177,44.6221],[2.2141,44.6197],[2.2103,44.6186],[2.2078,44.6158],[2.2055,44.6164],[2.203,44.6198],[2.2,44.6209],[2.1976,44.6234],[2.1932,44.625],[2.1946,44.627],[2.1912,44.6275],[2.1904,44.6292],[2.1863,44.6286],[2.1832,44.6308],[2.1822,44.6329],[2.1767,44.6355],[2.1741,44.6344],[2.1696,44.6381],[2.1689,44.6477],[2.1708,44.6483],[2.1749,44.6516],[2.1746,44.6533],[2.1721,44.6553],[2.1678,44.6609],[2.1663,44.6613],[2.1617,44.6635],[2.1656,44.6648],[2.1689,44.6645],[2.1727,44.667],[2.1766,44.6731],[2.1793,44.6745],[2.1744,44.6775],[2.1729,44.6808],[2.1697,44.6825],[2.168,44.685],[2.1623,44.6914],[2.1596,44.6974],[2.1553,44.7002],[2.1531,44.6999],[2.1476,44.6953],[2.1435,44.6938],[2.1385,44.6931],[2.13,44.6985],[2.1301,44.6992],[2.1313,44.7024],[2.1316,44.7094],[2.1355,44.7104],[2.1378,44.712],[2.1384,44.7149],[2.1435,44.7168],[2.1456,44.7193],[2.1492,44.7222],[2.1476,44.7237],[2.1476,44.7263],[2.1511,44.7284],[2.15,44.7293],[2.152,44.7351],[2.1512,44.7375],[2.153,44.7413],[2.1558,44.743],[2.1515,44.7444],[2.155,44.7513],[2.1536,44.7528],[2.15,44.7586],[2.1497,44.7607],[2.1473,44.7631],[2.1495,44.7656],[2.1485,44.7673],[2.1491,44.7697],[2.1509,44.77],[2.1533,44.7717],[2.157,44.771],[2.1591,44.7728],[2.1633,44.771],[2.167,44.7732],[2.1654,44.7753],[2.1664,44.7771],[2.1698,44.7778],[2.1686,44.782],[2.1682,44.7829],[2.1716,44.7856],[2.1715,44.7904],[2.1694,44.7921],[2.1665,44.7992],[2.1666,44.8013],[2.1648,44.8038],[2.1657,44.8087],[2.168,44.8107],[2.1648,44.8139],[2.1631,44.8139],[2.1588,44.8165],[2.1536,44.8166],[2.1465,44.8212],[2.145,44.8229],[2.1397,44.824],[2.1351,44.8272],[2.1341,44.8306],[2.1315,44.8348],[2.1283,44.8363],[2.1277,44.8406],[2.1264,44.8428],[2.127,44.8446],[2.1228,44.8466],[2.1228,44.8476],[2.1171,44.8484],[2.1147,44.8529],[2.1125,44.8542],[2.1052,44.8618],[2.1021,44.8667],[2.0965,44.8714],[2.0935,44.8724],[2.0925,44.8754],[2.0908,44.8757],[2.0897,44.8821],[2.0836,44.8863],[2.0849,44.889],[2.084,44.8914],[2.0837,44.8955],[2.0858,44.8979],[2.0863,44.9012],[2.0887,44.9032],[2.0922,44.9043],[2.1009,44.9057],[2.1012,44.9073],[2.105,44.9082],[2.1081,44.9106],[2.105,44.9128],[2.105,44.9143],[2.1022,44.9163],[2.102,44.9195],[2.0986,44.9228],[2.0967,44.9227],[2.0911,44.9263],[2.0892,44.9288],[2.0821,44.9329],[2.079,44.9325],[2.0765,44.9341],[2.077,44.9395],[2.0762,44.9416],[2.0803,44.9438],[2.0784,44.9477],[2.0802,44.9498],[2.0806,44.954],[2.0757,44.9574],[2.0747,44.9601],[2.0706,44.9626],[2.0692,44.9674],[2.0677,44.9687],[2.0672,44.9734],[2.0638,44.975],[2.0629,44.9766],[2.0656,44.9768],[2.07,44.9784],[2.0736,44.9777],[2.0846,44.9819],[2.0858,44.9841],[2.0896,44.9846],[2.0935,44.9858],[2.1002,44.9838],[2.1025,44.9803],[2.1076,44.9815],[2.1135,44.9854],[2.118,44.9839],[2.1199,44.9857],[2.1268,44.9855],[2.1303,44.9842],[2.1332,44.9856],[2.1335,44.9886],[2.1378,44.9924],[2.1393,44.9983],[2.1419,45.0001],[2.1394,45.0036],[2.1412,45.0054],[2.1394,45.0078],[2.1328,45.01],[2.1247,45.0148],[2.1253,45.0159],[2.123,45.0197],[2.1174,45.0208],[2.1143,45.0247],[2.1145,45.0273],[2.1132,45.0302],[2.1115,45.0311],[2.1101,45.038],[2.1108,45.0405],[2.1084,45.0427],[2.105,45.0429],[2.1045,45.0451],[2.0994,45.0478],[2.0988,45.0501],[2.0968,45.0519],[2.0952,45.056],[2.0994,45.0555],[2.0997,45.058],[2.0972,45.0589],[2.1002,45.0621],[2.1022,45.0623],[2.104,45.0639],[2.1052,45.0673],[2.1099,45.0685],[2.1132,45.0713],[2.1153,45.0715],[2.1178,45.0689],[2.1206,45.0699],[2.1202,45.0727],[2.1251,45.0746],[2.1267,45.0771],[2.1306,45.0786],[2.1309,45.0814],[2.1334,45.082],[2.1382,45.0814],[2.1408,45.0868],[2.1435,45.0854],[2.1483,45.0849],[2.1489,45.083],[2.1561,45.0865],[2.1587,45.0851],[2.1646,45.085],[2.1662,45.0813],[2.1725,45.0814],[2.1746,45.082],[2.1734,45.0861],[2.1759,45.0902],[2.1785,45.092],[2.1803,45.0952],[2.1804,45.0991],[2.1765,45.1023],[2.1801,45.1034],[2.1817,45.1067],[2.1793,45.1075],[2.1817,45.1101],[2.1805,45.1126],[2.1871,45.1145],[2.1901,45.1139],[2.1892,45.1177],[2.1855,45.1187],[2.1839,45.1205],[2.1839,45.1231],[2.1802,45.1271],[2.1822,45.1322],[2.1794,45.1348],[2.1791,45.1363],[2.1876,45.1358],[2.1884,45.1344],[2.1931,45.1356],[2.1971,45.1377],[2.2017,45.1385],[2.2053,45.1424],[2.2088,45.1439],[2.2121,45.1506],[2.2121,45.1528],[2.2079,45.1587],[2.2084,45.1603],[2.2118,45.1613],[2.2143,45.1598],[2.2222,45.1598],[2.2279,45.1609],[2.2304,45.1621],[2.232,45.164],[2.233,45.1673],[2.232,45.1702],[2.2275,45.1697],[2.2224,45.1702],[2.2192,45.1742],[2.2153,45.174],[2.2141,45.1762],[2.208,45.1789],[2.2017,45.1798],[2.2023,45.1834],[2.2003,45.1849],[2.1989,45.1907],[2.1983,45.1966],[2.2001,45.1977],[2.1978,45.2003],[2.1914,45.2009],[2.1895,45.204],[2.19,45.2059],[2.1932,45.2108],[2.1943,45.2144],[2.1966,45.2161],[2.1958,45.2184],[2.1911,45.2205],[2.1913,45.2231],[2.195,45.2208],[2.2028,45.2232],[2.2029,45.2276],[2.2075,45.2289],[2.2147,45.233],[2.2215,45.2378],[2.2246,45.2414],[2.2262,45.2451],[2.2307,45.2469],[2.2349,45.2465],[2.2408,45.248],[2.2398,45.256],[2.2378,45.2596],[2.2446,45.2672],[2.2475,45.2679],[2.2562,45.2687],[2.259,45.2708],[2.2616,45.279],[2.2616,45.2836],[2.2635,45.2854],[2.2665,45.2859],[2.2694,45.2903],[2.2727,45.2902],[2.2761,45.2885],[2.2824,45.2872],[2.2888,45.2871],[2.2949,45.2955],[2.2999,45.299],[2.3016,45.3037],[2.3059,45.3077],[2.3059,45.3104],[2.3074,45.3131],[2.3125,45.3173],[2.3145,45.3205],[2.3169,45.3227],[2.3194,45.3235],[2.3366,45.3266],[2.3399,45.3259],[2.3459,45.3276],[2.3507,45.3277],[2.3534,45.3299],[2.3561,45.3337],[2.3593,45.3361],[2.3586,45.3392],[2.3522,45.3436],[2.3502,45.3464],[2.3512,45.3484],[2.3555,45.3516],[2.357,45.3542],[2.3598,45.3548],[2.3636,45.3536],[2.3651,45.3568],[2.3642,45.3617],[2.3676,45.3655],[2.3666,45.3694],[2.3646,45.3716],[2.3645,45.3747],[2.3632,45.3786],[2.3635,45.3803],[2.3664,45.3823],[2.3695,45.3863],[2.3691,45.3879],[2.365,45.3907],[2.3639,45.3975],[2.3598,45.3984],[2.3558,45.4004],[2.3522,45.4053],[2.3498,45.4096],[2.3494,45.4121],[2.3526,45.4143],[2.3552,45.4151],[2.3622,45.415],[2.3681,45.4161],[2.3708,45.4158],[2.3726,45.4141],[2.3764,45.4145],[2.3809,45.4135],[2.3884,45.4114],[2.391,45.4091],[2.3951,45.4074],[2.3958,45.4035],[2.3984,45.4],[2.406,45.3975],[2.4158,45.3964],[2.4194,45.3975],[2.4231,45.397],[2.4245,45.3944],[2.4303,45.3927],[2.4326,45.393],[2.4363,45.3886],[2.4379,45.3879],[2.4415,45.3845],[2.4444,45.3834],[2.4502,45.3834],[2.4562,45.384],[2.4584,45.3853],[2.462,45.3849],[2.4705,45.3819],[2.4751,45.3811],[2.4731,45.3775],[2.4706,45.3767],[2.4701,45.374],[2.4749,45.3746],[2.4763,45.3733],[2.4764,45.3705],[2.4802,45.3697],[2.4827,45.373],[2.4804,45.3748],[2.4858,45.3789],[2.493,45.3797],[2.4948,45.3806],[2.5008,45.3815],[2.5071,45.3786],[2.5118,45.3828],[2.5176,45.3849],[2.5205,45.3848],[2.5234,45.3815],[2.5235,45.3854],[2.5282,45.392],[2.5227,45.3979],[2.5236,45.3994],[2.5215,45.4013],[2.5222,45.4027],[2.5181,45.4019],[2.5121,45.4057],[2.5061,45.4087],[2.5053,45.4106],[2.4977,45.4137],[2.4931,45.4137],[2.4875,45.4182],[2.4879,45.4198],[2.4923,45.4234],[2.4915,45.4254],[2.4916,45.4295],[2.4962,45.4363],[2.4936,45.4375],[2.4931,45.4391],[2.4956,45.4411],[2.4956,45.4455],[2.4969,45.4473],[2.4997,45.4486],[2.5022,45.448],[2.5032,45.4503],[2.4995,45.4535],[2.4991,45.4549],[2.4997,45.4609],[2.5036,45.4616],[2.5073,45.4646],[2.5055,45.4692],[2.5093,45.4723],[2.5097,45.4736],[2.5084,45.4783],[2.5074,45.4824],[2.5115,45.4904],[2.5144,45.493],[2.5093,45.4989],[2.5085,45.5011],[2.5075,45.5039],[2.5089,45.5056],[2.5115,45.5112],[2.5141,45.5147],[2.5205,45.5204],[2.5198,45.5225],[2.5159,45.5242],[2.5114,45.5245],[2.5153,45.5292],[2.5194,45.5318],[2.5195,45.5336],[2.515,45.5371],[2.5149,45.5414],[2.5179,45.5432],[2.5184,45.5463],[2.5152,45.5501],[2.5171,45.5519],[2.5162,45.5538],[2.5141,45.5544],[2.5085,45.5528],[2.504,45.5547],[2.5011,45.5536],[2.4992,45.5565],[2.4967,45.5569],[2.4909,45.5605],[2.4899,45.5629],[2.492,45.5653],[2.4913,45.5684],[2.4843,45.57],[2.4824,45.5723],[2.4745,45.5787],[2.4757,45.5823],[2.4731,45.5834],[2.4722,45.5871],[2.4689,45.5877],[2.4687,45.59],[2.4658,45.5936],[2.4611,45.5964],[2.463,45.5993],[2.4657,45.6011],[2.4714,45.6026],[2.4746,45.6065],[2.4784,45.608],[2.4803,45.6114],[2.4794,45.6142],[2.4786,45.6206],[2.4804,45.6261],[2.4796,45.6268],[2.4832,45.6302],[2.482,45.6319],[2.4821,45.6354],[2.4841,45.64],[2.4879,45.6425],[2.4897,45.6424],[2.4928,45.6375],[2.4965,45.641],[2.5011,45.6387],[2.5106,45.6389],[2.5139,45.6395],[2.5167,45.639],[2.5203,45.6409],[2.5209,45.6425],[2.5175,45.6452],[2.519,45.647],[2.5206,45.6497],[2.5231,45.6517],[2.5242,45.6543],[2.5266,45.6542],[2.5274,45.6595],[2.5245,45.6571],[2.5193,45.659],[2.5184,45.6603],[2.5199,45.6625],[2.5152,45.6649],[2.5126,45.6697],[2.5146,45.6721],[2.5174,45.6748],[2.5176,45.6784],[2.5204,45.677],[2.5234,45.6805],[2.5286,45.6824],[2.5266,45.6853],[2.5241,45.685],[2.5233,45.687],[2.5268,45.692],[2.5269,45.6949],[2.5237,45.6942],[2.5191,45.6974],[2.5203,45.7035],[2.519,45.7063],[2.5212,45.7074],[2.5236,45.7112],[2.5196,45.7129],[2.5152,45.713],[2.5126,45.7198],[2.5106,45.7203],[2.5088,45.7244],[2.5055,45.7244],[2.5032,45.7277],[2.5003,45.7288],[2.4992,45.7328],[2.4947,45.7341],[2.4937,45.7378],[2.4922,45.7379],[2.4903,45.7407],[2.4919,45.7416],[2.487,45.7445],[2.4873,45.7465],[2.4843,45.7486],[2.477,45.7478],[2.4741,45.7457],[2.4709,45.7497],[2.4686,45.7535],[2.4682,45.7565],[2.4639,45.7575],[2.4592,45.7574],[2.4544,45.7603],[2.4549,45.7613],[2.4517,45.7614],[2.4505,45.7571],[2.4448,45.7582],[2.4399,45.7647],[2.4351,45.7673],[2.4339,45.7702],[2.4334,45.773],[2.4325,45.7871],[2.4308,45.7884],[2.4256,45.7903],[2.427,45.792],[2.427,45.7945],[2.4244,45.7973],[2.4181,45.7987],[2.4151,45.8005],[2.413,45.803],[2.4138,45.8074],[2.4066,45.8097],[2.4062,45.8133],[2.404,45.814],[2.4017,45.8165],[2.3893,45.824],[2.3883,45.8275],[2.3933,45.8299],[2.3974,45.835],[2.3986,45.8345],[2.4034,45.8387],[2.4114,45.8364],[2.4159,45.8338],[2.418,45.835],[2.4286,45.8351],[2.4311,45.8365],[2.4327,45.839],[2.4315,45.8409],[2.4338,45.8424],[2.4344,45.8455],[2.4411,45.8473],[2.4444,45.8452],[2.4476,45.8458],[2.4497,45.8498],[2.4495,45.854],[2.4425,45.8575],[2.4439,45.8593],[2.4425,45.8623],[2.4432,45.8663],[2.4474,45.8659],[2.454,45.8669],[2.4618,45.8669],[2.4656,45.8683],[2.4653,45.8714],[2.4703,45.8725],[2.4754,45.8707],[2.4791,45.8706],[2.4797,45.8688],[2.4784,45.8663],[2.48,45.8648],[2.4922,45.8642],[2.4917,45.8671],[2.4997,45.8724],[2.5033,45.8782],[2.503,45.8823],[2.5004,45.8847],[2.5021,45.8886],[2.5102,45.8854],[2.5142,45.8856],[2.5146,45.8903],[2.518,45.8908],[2.5206,45.8942],[2.5246,45.8945],[2.5266,45.8981],[2.5322,45.9007],[2.5362,45.9016],[2.5412,45.9013],[2.5428,45.9029],[2.5428,45.9067],[2.5452,45.9077],[2.5489,45.9075],[2.5533,45.9117],[2.5578,45.9128],[2.5485,45.9154],[2.5433,45.9158],[2.5415,45.9215],[2.5435,45.9238],[2.5443,45.9324],[2.5475,45.9324],[2.5534,45.936],[2.5512,45.9412],[2.5608,45.946],[2.5669,45.9475],[2.5683,45.9496],[2.5632,45.9562],[2.5674,45.9574],[2.5696,45.9588],[2.5808,45.9606],[2.5831,45.9619],[2.5848,45.9601],[2.5896,45.9607],[2.5943,45.9634],[2.599,45.9646],[2.6009,45.9642],[2.6034,45.9662],[2.6066,45.9665],[2.6082,45.9674],[2.6113,45.972],[2.6079,45.9787],[2.6056,45.9807],[2.6001,45.9824],[2.5992,45.9857],[2.5966,45.9867],[2.5932,45.9905],[2.5932,45.9993],[2.599,46.0076],[2.5983,46.0098],[2.5983,46.0153],[2.5994,46.0182],[2.6025,46.0191],[2.6002,46.0234],[2.6013,46.0254],[2.5998,46.0302],[2.6027,46.0328],[2.6008,46.0352],[2.5946,46.0375],[2.5928,46.039],[2.5895,46.039],[2.5885,46.0409],[2.5852,46.0412],[2.5842,46.0434],[2.5814,46.0444],[2.5783,46.0441],[2.5752,46.0449],[2.5727,46.0469],[2.5701,46.0526],[2.568,46.0541],[2.5685,46.0561],[2.5649,46.0581],[2.566,46.0606],[2.5636,46.0637],[2.5572,46.069],[2.5573,46.0712],[2.5554,46.0759],[2.5538,46.0774],[2.5505,46.0858],[2.5525,46.0892],[2.5525,46.0934],[2.551,46.0996],[2.5522,46.1037],[2.5477,46.1103],[2.548,46.1138],[2.5527,46.1166],[2.5509,46.119],[2.555,46.1204],[2.5576,46.1259],[2.554,46.1271],[2.5574,46.1289],[2.5583,46.1314],[2.5618,46.1325],[2.5587,46.1377],[2.5595,46.1386],[2.563,46.1383],[2.5647,46.1393],[2.5631,46.1425],[2.5663,46.1431],[2.5646,46.1453],[2.5647,46.1476],[2.563,46.1496],[2.5656,46.1536],[2.5597,46.1596],[2.5618,46.164],[2.5593,46.174],[2.5555,46.1743],[2.5526,46.1769],[2.5506,46.1773],[2.5435,46.1756],[2.5407,46.1766],[2.5375,46.1793],[2.5331,46.1807],[2.5323,46.1825],[2.5284,46.1851],[2.5258,46.1877],[2.5287,46.1928],[2.525,46.1998],[2.5218,46.2026],[2.522,46.2053],[2.5255,46.2065],[2.5253,46.2087],[2.5201,46.2083],[2.5239,46.2121],[2.5205,46.2134],[2.5198,46.2182],[2.5167,46.2212],[2.5163,46.2247],[2.5141,46.2251],[2.5168,46.2302],[2.5145,46.2338],[2.5159,46.2363],[2.5153,46.2386],[2.516,46.2396],[2.5102,46.2392],[2.5063,46.2441],[2.4944,46.2486],[2.4895,46.2475],[2.4889,46.25],[2.4883,46.253],[2.4837,46.2578],[2.482,46.2619],[2.4799,46.2643],[2.48,46.2665],[2.4768,46.2698],[2.4775,46.2733],[2.4794,46.2756],[2.4807,46.2811],[2.4764,46.2808],[2.4719,46.2848],[2.4698,46.2882],[2.4627,46.2882],[2.4538,46.2911],[2.448,46.2937],[2.443,46.295],[2.4362,46.2926],[2.4317,46.2943],[2.4307,46.2906],[2.4276,46.2876],[2.4279,46.2857],[2.426,46.2845],[2.4212,46.2846],[2.419,46.2913],[2.4174,46.2942],[2.4142,46.2969],[2.4158,46.2999],[2.4194,46.2998],[2.4205,46.3101],[2.4194,46.3095],[2.4149,46.3125],[2.4087,46.3151],[2.4079,46.3171],[2.4023,46.3209],[2.3983,46.3252],[2.3919,46.33],[2.3886,46.3298],[2.3882,46.3316],[2.3859,46.332],[2.385,46.3295],[2.3796,46.3276],[2.3782,46.3254],[2.377,46.3204],[2.3754,46.3181],[2.3768,46.3169],[2.3707,46.3127],[2.3657,46.311],[2.362,46.3134],[2.363,46.3152],[2.3618,46.3194],[2.3591,46.3212],[2.3584,46.3234],[2.3547,46.3258],[2.3522,46.3236],[2.3482,46.3263],[2.3461,46.325],[2.3427,46.3248],[2.3359,46.3233],[2.3335,46.3264],[2.3306,46.3256],[2.3309,46.3288],[2.3263,46.3288],[2.3245,46.3298],[2.3207,46.3295],[2.3189,46.3341],[2.3135,46.3351],[2.3118,46.3374],[2.3116,46.3418],[2.3019,46.3425],[2.3025,46.3438],[2.3079,46.3451],[2.3071,46.3479],[2.3094,46.3487],[2.3089,46.3515],[2.3059,46.3506],[2.3032,46.3528],[2.3028,46.3547],[2.3052,46.3557],[2.3114,46.3555],[2.3126,46.3577],[2.318,46.3592],[2.3191,46.3624],[2.3222,46.3632],[2.3232,46.3658],[2.3254,46.3669],[2.3289,46.3669],[2.3315,46.3646],[2.3341,46.3655],[2.3377,46.3644],[2.3365,46.3691],[2.335,46.3731],[2.3316,46.3781],[2.3248,46.3773],[2.3199,46.3776],[2.3172,46.3752],[2.3092,46.3765],[2.3041,46.3789],[2.2981,46.3841],[2.2942,46.3827],[2.289,46.3822],[2.2848,46.3863],[2.2858,46.3881],[2.2826,46.392],[2.2846,46.3935],[2.2839,46.3996],[2.2797,46.4058],[2.2776,46.4098],[2.2821,46.4109],[2.2788,46.4138],[2.2792,46.4178],[2.2811,46.4205],[2.2816,46.4216],[2.2768,46.4249],[2.2809,46.4307],[2.2817,46.4337],[2.2835,46.4361],[2.2848,46.4404],[2.2833,46.4494],[2.2872,46.4551],[2.2968,46.4634],[2.298,46.4686],[2.3008,46.4724],[2.3054,46.4755],[2.3167,46.4687],[2.3211,46.4688],[2.3252,46.4728],[2.328,46.4738],[2.3271,46.4759],[2.3297,46.4787],[2.3295,46.4818],[2.329,46.4844],[2.3258,46.4881],[2.3237,46.4891],[2.3294,46.4929],[2.3289,46.4955],[2.3319,46.4966],[2.3346,46.501],[2.3365,46.5009],[2.3386,46.5039],[2.3446,46.5055],[2.3456,46.5072],[2.3516,46.5123],[2.3548,46.5131],[2.3599,46.5159],[2.3683,46.5184],[2.3841,46.5183],[2.3883,46.5184],[2.4171,46.5207],[2.418,46.5236],[2.4227,46.5259],[2.4294,46.5264],[2.4397,46.5257],[2.4417,46.525],[2.4428,46.5209],[2.4461,46.5201],[2.4539,46.5227],[2.4575,46.5252],[2.4645,46.5252],[2.4701,46.526],[2.4726,46.5278],[2.4829,46.5327],[2.4969,46.5336],[2.496,46.5279],[2.4961,46.5226],[2.497,46.5214],[2.5063,46.5214],[2.514,46.525],[2.5123,46.528],[2.5202,46.5312],[2.5221,46.5296],[2.5273,46.5281],[2.5308,46.5294],[2.5294,46.5233],[2.5366,46.5197],[2.5446,46.5249],[2.5452,46.526],[2.559,46.5309],[2.5647,46.5322],[2.5656,46.5332],[2.5696,46.5329],[2.5725,46.5339],[2.5754,46.5382],[2.5835,46.5428],[2.5987,46.5482],[2.6098,46.5502],[2.6149,46.5533],[2.6136,46.5565],[2.6092,46.557],[2.6088,46.5587],[2.6108,46.5613],[2.6088,46.5634],[2.6056,46.562],[2.603,46.5645],[2.6066,46.5659],[2.6092,46.5684],[2.6081,46.5729],[2.605,46.5761],[2.6066,46.5783],[2.6057,46.5796],[2.6017,46.5813],[2.602,46.5842],[2.6035,46.5859],[2.6029,46.5881],[2.6001,46.5921],[2.5968,46.593],[2.5975,46.5951],[2.5942,46.5972],[2.5921,46.5937],[2.5896,46.5945],[2.5815,46.5932],[2.5787,46.5994],[2.5778,46.6078],[2.5744,46.6072],[2.5685,46.6091],[2.5758,46.6113],[2.5821,46.6143],[2.5869,46.6147],[2.5887,46.617],[2.5859,46.6202],[2.5864,46.6231],[2.5843,46.6258],[2.5867,46.628],[2.5917,46.6298],[2.5946,46.6338],[2.5967,46.6379],[2.5955,46.6414],[2.5932,46.6446],[2.593,46.6466],[2.592,46.6475],[2.5777,46.6499],[2.5741,46.6499],[2.57,46.6508],[2.5674,46.6524],[2.5696,46.655],[2.5706,46.6592],[2.5742,46.6608],[2.5815,46.6619],[2.5849,46.6643],[2.592,46.6653],[2.5943,46.6667],[2.5973,46.6647],[2.6045,46.6709],[2.6073,46.6697],[2.6068,46.666],[2.6071,46.6606],[2.6172,46.6611],[2.6206,46.6578],[2.6238,46.6567],[2.6283,46.6591],[2.6287,46.6642],[2.6307,46.6652],[2.6335,46.6756],[2.6251,46.6733],[2.6234,46.6769],[2.6201,46.6797],[2.6222,46.6825],[2.6202,46.684],[2.6234,46.6878],[2.6233,46.6896],[2.6282,46.6903],[2.6346,46.6916],[2.6396,46.6915],[2.6402,46.6903],[2.6445,46.6905],[2.6454,46.6874],[2.6481,46.6891],[2.6535,46.6933],[2.6544,46.6964],[2.6579,46.6982],[2.6692,46.7018],[2.6732,46.7018],[2.6778,46.7045],[2.6759,46.7068],[2.6714,46.7088],[2.6794,46.7128],[2.6835,46.7133],[2.6862,46.7145],[2.6861,46.7171],[2.6843,46.7218],[2.6915,46.7197],[2.6921,46.7225],[2.6961,46.7235],[2.7011,46.7211],[2.6998,46.7196],[2.7021,46.7182],[2.7051,46.7206],[2.7026,46.7215],[2.7069,46.7254],[2.7008,46.7282],[2.7031,46.732],[2.7054,46.733],[2.7061,46.7376],[2.7048,46.739],[2.7079,46.7403],[2.7151,46.7452],[2.7171,46.7444],[2.7185,46.7417],[2.7253,46.7448],[2.7289,46.7485],[2.7345,46.7462],[2.7348,46.7448],[2.7397,46.7413],[2.7365,46.7381],[2.7418,46.7348],[2.744,46.7289],[2.7485,46.7263],[2.7566,46.7248],[2.7549,46.7192],[2.7585,46.7177],[2.7652,46.721],[2.7663,46.7206],[2.7702,46.7234],[2.7711,46.7208],[2.7747,46.7189],[2.776,46.7206],[2.7797,46.722],[2.7856,46.7225],[2.7852,46.7272],[2.7906,46.7314],[2.7922,46.7341],[2.7951,46.7343],[2.8057,46.733],[2.8097,46.7333],[2.8149,46.7353],[2.8275,46.7353],[2.8328,46.7305],[2.835,46.7279],[2.8401,46.728],[2.8454,46.7267],[2.8462,46.73],[2.8447,46.7334],[2.8438,46.7389],[2.8446,46.7423],[2.8612,46.7545],[2.869,46.7568],[2.8702,46.7583],[2.8739,46.7592],[2.877,46.7615],[2.8762,46.7684],[2.8783,46.7695],[2.8887,46.7723],[2.8929,46.7726],[2.8961,46.7752],[2.8991,46.7756],[2.9011,46.7757],[2.9076,46.7789],[2.911,46.7795],[2.9112,46.7819],[2.9089,46.784],[2.9083,46.7878],[2.9107,46.7886],[2.9133,46.791],[2.9197,46.7928],[2.923,46.7942],[2.9315,46.7957],[2.9347,46.7946],[2.9378,46.7957],[2.94,46.7932],[2.9414,46.7951],[2.9471,46.7907],[2.953,46.791],[2.9536,46.7972],[2.9559,46.7974],[2.9585,46.8003],[2.9596,46.8043],[2.9628,46.804],[2.9777,46.8038],[2.9837,46.8027],[2.9879,46.801],[2.9922,46.797],[2.9965,46.7967],[3.0063,46.7987],[3.0178,46.7999],[3.0209,46.7986],[3.0281,46.7933],[3.0321,46.7949],[3.0359,46.7888],[3.0367,46.7846],[3.0362,46.7765],[3.0376,46.7728],[3.046,46.7615],[3.0489,46.7584],[3.0521,46.7567],[3.0586,46.7523],[3.0637,46.7476],[3.0665,46.7458],[3.072,46.744],[3.0835,46.7379],[3.0939,46.7351],[3.0982,46.7349],[3.1046,46.7332],[3.1117,46.7309],[3.1226,46.7295],[3.1296,46.7274],[3.1327,46.725],[3.1358,46.7201],[3.142,46.7135],[3.147,46.7102],[3.1489,46.7086],[3.1547,46.7016],[3.1611,46.6962],[3.1661,46.6914],[3.1713,46.6896],[3.1789,46.6887],[3.1815,46.6866],[3.1903,46.6826],[3.1981,46.6797],[3.2044,46.6789],[3.206,46.6814],[3.2115,46.6816],[3.2163,46.683],[3.2171,46.6847],[3.2222,46.6852],[3.2222,46.6873],[3.2277,46.6902],[3.2271,46.6919],[3.2289,46.6941],[3.2285,46.6964],[3.2341,46.6975],[3.2436,46.7015],[3.2482,46.7045],[3.2568,46.7066],[3.2623,46.7098],[3.2675,46.7155],[3.2696,46.7167],[3.2776,46.7166],[3.2831,46.7151],[3.286,46.7139],[3.2923,46.7143],[3.2981,46.7166],[3.3006,46.7165],[3.3015,46.7086],[3.3028,46.7065],[3.3028,46.7038],[3.3063,46.7012],[3.3076,46.6988],[3.3118,46.695],[3.3113,46.6931],[3.3136,46.689],[3.3208,46.6879],[3.3308,46.6875],[3.3354,46.6854],[3.3428,46.6854],[3.3466,46.6845],[3.3492,46.6851],[3.3546,46.6879],[3.3575,46.6888],[3.3588,46.6896],[3.3656,46.6897],[3.3703,46.696],[3.3754,46.6996],[3.379,46.7066],[3.379,46.7125],[3.3901,46.7148],[3.3972,46.7146],[3.4056,46.7119],[3.4175,46.7104],[3.4194,46.7125],[3.422,46.7133],[3.4294,46.7119],[3.4344,46.7124],[3.4308,46.7058],[3.4314,46.7042],[3.4284,46.7007],[3.4307,46.6982],[3.4332,46.6934],[3.446,46.6932],[3.4482,46.6923],[3.4485,46.6904],[3.4531,46.69],[3.4535,46.6848],[3.4553,46.6825],[3.4546,46.6802],[3.4518,46.6794],[3.4546,46.6756],[3.4515,46.6732],[3.4485,46.6729],[3.4455,46.6709],[3.4485,46.6685],[3.4471,46.6636],[3.4421,46.662],[3.4473,46.6607],[3.4519,46.6585],[3.4553,46.6524],[3.4589,46.6524],[3.4772,46.6539],[3.4817,46.651],[3.4866,46.6541],[3.4877,46.6566],[3.4862,46.6609],[3.493,46.6622],[3.4929,46.6632],[3.5019,46.6706],[3.5036,46.6727],[3.5098,46.6753],[3.5134,46.6774],[3.511,46.6801],[3.5166,46.6817],[3.5139,46.6836],[3.5211,46.6859],[3.5273,46.6869],[3.5302,46.6891],[3.5371,46.6867],[3.5397,46.6799],[3.5419,46.6789],[3.5469,46.6782],[3.5492,46.6815],[3.5541,46.6847],[3.561,46.6889],[3.5581,46.6914],[3.5481,46.7062],[3.5475,46.7081],[3.5502,46.7132],[3.5503,46.7159],[3.5476,46.7188],[3.5477,46.7226],[3.5498,46.7215],[3.5544,46.7216],[3.5575,46.7204],[3.5599,46.7166],[3.5689,46.7154],[3.5742,46.7162],[3.5715,46.7208],[3.5754,46.7231],[3.5773,46.7228],[3.5785,46.7216],[3.5772,46.715],[3.583,46.7173],[3.5886,46.7203],[3.5972,46.7238],[3.5973,46.7271],[3.595,46.7304],[3.5849,46.7394],[3.5835,46.7428],[3.5842,46.7451],[3.5765,46.7481],[3.5757,46.7497],[3.5794,46.7524],[3.5848,46.754],[3.5868,46.7564],[3.5871,46.7592],[3.5885,46.7613],[3.5925,46.763],[3.5978,46.7622],[3.597,46.7574],[3.5979,46.7543],[3.6019,46.7514],[3.6064,46.7519],[3.6186,46.7541],[3.6231,46.754],[3.626,46.7527],[3.6294,46.7496],[3.6287,46.746],[3.6231,46.7417],[3.6226,46.7401],[3.6251,46.736],[3.6307,46.7322],[3.6353,46.7284],[3.6381,46.7227],[3.6383,46.7204],[3.6376,46.7075],[3.6429,46.7058],[3.65,46.7055],[3.6514,46.704],[3.6516,46.699],[3.6532,46.697],[3.6553,46.6877],[3.6591,46.6847],[3.6681,46.6844],[3.6729,46.6822],[3.6729,46.6805],[3.6699,46.6775],[3.669,46.6735],[3.6712,46.6714],[3.6781,46.6695],[3.6885,46.6655],[3.6943,46.6626],[3.697,46.6606],[3.6994,46.6549],[3.6996,46.6519],[3.7028,46.6484],[3.7043,46.6454],[3.7072,46.641],[3.7087,46.6361],[3.7163,46.6311],[3.7227,46.6276],[3.7244,46.6258],[3.723,46.6221],[3.7194,46.6181],[3.7154,46.6157],[3.7132,46.613],[3.7129,46.6102],[3.7141,46.6084],[3.7197,46.605],[3.7243,46.6046],[3.7307,46.6049],[3.7352,46.6037],[3.7375,46.601],[3.7371,46.5992],[3.7339,46.5951],[3.739,46.5838],[3.7405,46.5759],[3.7426,46.5692],[3.743,46.566],[3.741,46.5602],[3.7385,46.5568],[3.7343,46.5544],[3.7319,46.5515],[3.7324,46.5486],[3.7339,46.5461],[3.7419,46.5391],[3.749,46.5368],[3.7561,46.5362],[3.7657,46.538],[3.7687,46.5393],[3.7723,46.5387],[3.7776,46.5362],[3.7774,46.5328],[3.7787,46.5299],[3.7807,46.5284],[3.7837,46.5278],[3.7935,46.5277],[3.7964,46.5259],[3.8018,46.5199],[3.8073,46.5193],[3.8113,46.5205],[3.8178,46.5252],[3.8254,46.5281],[3.83,46.5294],[3.8344,46.5313],[3.8379,46.5317],[3.8417,46.5303],[3.8446,46.5274],[3.8465,46.5244],[3.8458,46.5229],[3.8406,46.5192],[3.8398,46.5176],[3.8409,46.5148],[3.845,46.5131],[3.8458,46.5129],[3.8482,46.5128],[3.8553,46.5154],[3.8604,46.5149],[3.8636,46.5129],[3.8641,46.5091],[3.8617,46.5045],[3.8603,46.5],[3.8609,46.4927],[3.866,46.4891],[3.8716,46.4874],[3.8778,46.4867],[3.8855,46.4835],[3.8898,46.4814],[3.8946,46.4808],[3.8968,46.4815],[3.8982,46.4851],[3.9002,46.4895],[3.9035,46.4921],[3.9097,46.4953],[3.9165,46.4962],[3.9205,46.4958],[3.9279,46.4923],[3.936,46.4909],[3.9498,46.4925],[3.9555,46.4917],[3.9581,46.4906],[3.9563,46.486],[3.9521,46.4814],[3.9523,46.4785],[3.9566,46.4769],[3.9651,46.4781],[3.9726,46.4798],[3.9772,46.4786],[3.9784,46.4745],[3.989,46.4703],[3.9952,46.4673],[3.9993,46.4645],[4.001,46.4618],[4.0015,46.4587],[3.998,46.4537],[3.9973,46.4516],[3.9989,46.4487],[4.0026,46.4462],[4.0057,46.4431],[4.0037,46.4405],[4.0004,46.4393],[3.9945,46.4398],[3.9894,46.4378],[3.9881,46.4355],[3.9902,46.4311],[3.9956,46.4287],[3.9953,46.4251],[3.9933,46.4236],[3.9866,46.4217],[3.9841,46.4196],[3.9843,46.4167],[3.9881,46.4118],[3.9889,46.4097],[3.9875,46.407],[3.9833,46.4035],[3.9782,46.4011],[3.9776,46.3979],[3.9784,46.3945],[3.9799,46.3927],[3.9797,46.3904],[3.9819,46.3852],[3.9843,46.3783],[3.9884,46.3759],[3.9912,46.3719],[3.9916,46.3696],[3.9887,46.3609],[3.9894,46.3587],[3.9874,46.3511],[3.9877,46.3466],[3.9892,46.3442],[3.9886,46.3419],[3.986,46.3379],[3.9848,46.3297],[3.9891,46.3271],[3.9944,46.3277],[4.0018,46.3284],[4.0047,46.3276],[3.9974,46.3233],[3.9938,46.3222],[3.9899,46.3226],[3.9879,46.3204],[3.9899,46.3152],[3.9873,46.3148],[3.984,46.3187],[3.9775,46.3193],[3.9691,46.322],[3.9656,46.3205],[3.959,46.319],[3.9513,46.3202],[3.9472,46.3215],[3.9468,46.3184],[3.9487,46.3159],[3.9494,46.3126],[3.9478,46.3056],[3.9475,46.3034],[3.9432,46.2993],[3.931,46.296],[3.9155,46.2969],[3.9125,46.2966],[3.9076,46.2944],[3.8972,46.2926],[3.8983,46.288],[3.8946,46.2881],[3.8912,46.2852],[3.8932,46.2804],[3.8995,46.2759],[3.9021,46.2765],[3.9051,46.2729],[3.9061,46.2679],[3.9076,46.2641],[3.9067,46.261],[3.9087,46.2607],[3.9094,46.2577],[3.9055,46.252],[3.91,46.2478],[3.9078,46.247],[3.9066,46.2432],[3.9081,46.2423],[3.9051,46.238],[3.8989,46.2407],[3.8968,46.2372],[3.8976,46.2346],[3.8965,46.2328],[3.8977,46.2305],[3.8986,46.2258],[3.8977,46.2241],[3.8944,46.222],[3.8936,46.2169],[3.8901,46.2145],[3.899,46.2099],[3.9014,46.2108],[3.9095,46.2079],[3.9136,46.2069],[3.9145,46.2052],[3.9178,46.2035],[3.9206,46.2032],[3.9294,46.2049],[3.9346,46.2063],[3.9445,46.2056],[3.9569,46.2039],[3.9574,46.2045],[3.9646,46.2018],[3.9652,46.2029],[3.9727,46.2028],[3.9726,46.1983],[3.9732,46.1909],[3.971,46.1891],[3.9728,46.1868],[3.9781,46.186],[3.9782,46.1831],[3.9797,46.1782],[3.9832,46.1774],[3.9839,46.1743],[3.9859,46.1713],[3.9885,46.1699],[3.9901,46.1691],[3.9934,46.1731],[4.0027,46.1705],[4.0184,46.1724],[4.022,46.1716],[4.0275,46.1694],[4.0305,46.1698],[4.0312,46.1722],[4.0343,46.1741],[4.0414,46.176],[4.0448,46.1788],[4.0498,46.1809],[4.0515,46.1812],[4.0581,46.1877],[4.0602,46.1885],[4.0632,46.1892],[4.0688,46.1864],[4.0755,46.1905],[4.0836,46.1912],[4.0882,46.1925],[4.0946,46.1928],[4.0974,46.1961],[4.1038,46.1986],[4.11,46.1942],[4.1117,46.1919],[4.1153,46.1911],[4.125,46.1835],[4.1333,46.1806],[4.1332,46.1773],[4.134,46.1773],[4.1432,46.1761],[4.1541,46.1749],[4.1661,46.1729],[4.1761,46.1734],[4.187,46.1746],[4.1884,46.1751],[4.1863,46.1792],[4.185,46.1799],[4.1846,46.1843],[4.1831,46.186],[4.185,46.19],[4.1881,46.1884],[4.1925,46.1894],[4.1979,46.1928],[4.2079,46.1948],[4.2167,46.1865],[4.2196,46.185],[4.2228,46.1818],[4.2249,46.1777],[4.2266,46.1785],[4.232,46.1795],[4.2338,46.1812],[4.2366,46.1816],[4.2372,46.1843],[4.2413,46.1851],[4.2423,46.1888],[4.2483,46.1883],[4.2581,46.1846],[4.2574,46.1825],[4.2634,46.1763],[4.2635,46.1754],[4.257,46.1728],[4.2564,46.1698],[4.2529,46.167],[4.2487,46.1671],[4.25,46.1638],[4.2499,46.1581],[4.2571,46.1573],[4.2695,46.1575],[4.2756,46.1561],[4.2773,46.1571],[4.281,46.1561],[4.2823,46.1569],[4.2874,46.1607],[4.289,46.1668],[4.2904,46.169],[4.289,46.1701],[4.2923,46.1725],[4.2953,46.1723],[4.3032,46.1745],[4.3078,46.1744],[4.3118,46.1712],[4.3153,46.1706],[4.3165,46.1737],[4.3188,46.1745],[4.3201,46.1773],[4.3273,46.1822],[4.3268,46.185],[4.3305,46.1828],[4.3365,46.181],[4.3383,46.1839],[4.3421,46.1861],[4.3465,46.1874],[4.3527,46.1866],[4.3544,46.1837],[4.361,46.1818],[4.3636,46.1822],[4.3677,46.1858],[4.3707,46.1843],[4.3742,46.1869],[4.3707,46.1901],[4.3715,46.191],[4.3685,46.194],[4.365,46.1937],[4.362,46.1958],[4.3628,46.1999],[4.3649,46.2018],[4.3672,46.2016],[4.37,46.2037],[4.3736,46.2046],[4.3731,46.2086],[4.3751,46.2112],[4.3794,46.2122],[4.3823,46.2116],[4.3894,46.213],[4.3895,46.2165],[4.3873,46.22],[4.3877,46.2222],[4.3862,46.2258],[4.3868,46.233],[4.3926,46.2355],[4.3886,46.2435],[4.3861,46.2443],[4.3854,46.2468],[4.3882,46.2477],[4.3926,46.2514],[4.3893,46.258],[4.3928,46.2607],[4.392,46.2623],[4.3937,46.2649],[4.3969,46.2669],[4.3963,46.2747],[4.3984,46.2762],[4.3972,46.283],[4.4006,46.286],[4.4036,46.2873],[4.405,46.2909],[4.4075,46.2926],[4.4061,46.2962],[4.4111,46.2954],[4.4139,46.2962],[4.4227,46.295],[4.425,46.2963],[4.4272,46.3028],[4.4292,46.3016],[4.4333,46.301],[4.4382,46.298],[4.438,46.2956],[4.4399,46.2931],[4.4413,46.2939],[4.4483,46.2951],[4.4485,46.2962],[4.4532,46.2966],[4.4573,46.296],[4.4589,46.2969],[4.4648,46.2921],[4.4675,46.2911],[4.469,46.2879],[4.4711,46.2859],[4.476,46.2842],[4.4806,46.2846],[4.4865,46.288],[4.4887,46.288],[4.4919,46.2812],[4.4944,46.2785],[4.5002,46.2747],[4.5003,46.2718],[4.504,46.2672],[4.5064,46.2681],[4.5121,46.2676],[4.5155,46.2702],[4.5181,46.2695],[4.5212,46.2708],[4.5321,46.2695],[4.5374,46.27],[4.5464,46.2741],[4.5453,46.2776],[4.5499,46.286],[4.5533,46.2856],[4.5521,46.2887],[4.5544,46.2918],[4.556,46.2915],[4.5578,46.2945],[4.5602,46.2952],[4.5699,46.2933],[4.5714,46.2904],[4.573,46.2861],[4.5721,46.2841],[4.5719,46.2784],[4.5726,46.2761],[4.583,46.2714],[4.5828,46.2696],[4.5863,46.2688],[4.5954,46.2681],[4.5995,46.2684],[4.6091,46.2662],[4.6131,46.2672],[4.6183,46.265],[4.6208,46.2676],[4.622,46.2702],[4.6216,46.2734],[4.6199,46.2791],[4.6169,46.2808],[4.6233,46.2846],[4.6269,46.2884],[4.6361,46.2903],[4.6365,46.2943],[4.6349,46.298],[4.6353,46.3002],[4.639,46.3015],[4.6407,46.3011],[4.6461,46.3019],[4.6503,46.304],[4.653,46.3042],[4.6595,46.3001],[4.6598,46.2982],[4.6633,46.2953],[4.6662,46.2969],[4.672,46.298],[4.6762,46.3019],[4.6766,46.3051],[4.6802,46.3062],[4.6832,46.3028],[4.6903,46.3013],[4.6935,46.3024],[4.6928,46.2975],[4.6939,46.2948],[4.6948,46.292],[4.6981,46.2914],[4.7013,46.2867],[4.7038,46.286],[4.7046,46.2829],[4.7075,46.2848],[4.7073,46.2815],[4.7101,46.2784],[4.7086,46.2754],[4.7077,46.2697],[4.704,46.2703],[4.7007,46.2674],[4.699,46.268],[4.6949,46.2716],[4.6925,46.2714],[4.689,46.2692],[4.6872,46.2656],[4.6824,46.2666],[4.6799,46.2679],[4.6816,46.2646],[4.6792,46.2601],[4.6838,46.2534],[4.6864,46.255],[4.6888,46.2523],[4.6883,46.2493],[4.6933,46.2484],[4.697,46.251],[4.6983,46.2529],[4.7012,46.2522],[4.7033,46.25],[4.7053,46.2511],[4.7095,46.2483],[4.7134,46.2471],[4.7176,46.2441],[4.7201,46.2453],[4.7275,46.2396],[4.7319,46.2354],[4.7353,46.2342],[4.7369,46.2325],[4.7344,46.2305],[4.7324,46.2267],[4.7211,46.2296],[4.72,46.2286],[4.7225,46.226],[4.7205,46.2217],[4.7233,46.2202],[4.728,46.2192],[4.7297,46.2175],[4.7291,46.2141],[4.7358,46.2119],[4.7344,46.2064],[4.7263,46.2083],[4.7253,46.2045],[4.7207,46.2009],[4.7211,46.1979],[4.7202,46.1941],[4.7217,46.1904],[4.7253,46.1886],[4.7245,46.1842],[4.7261,46.1829],[4.7296,46.1826],[4.7271,46.18],[4.7278,46.1791],[4.7347,46.178],[4.7398,46.1757],[4.7474,46.1755],[4.7519,46.1725],[4.7601,46.1728],[4.7612,46.1763],[4.7627,46.1763],[4.7679,46.1769],[4.7703,46.1753],[4.7755,46.1772],[4.7804,46.1769],[4.7805,46.1837],[4.7798,46.1882],[4.7804,46.1896],[4.793,46.2016],[4.7939,46.2036],[4.7928,46.2076],[4.7931,46.2124],[4.7954,46.2201],[4.7981,46.2246],[4.8011,46.2298],[4.8081,46.2374],[4.8108,46.2456],[4.8117,46.25],[4.8112,46.2545],[4.8116,46.2612],[4.8166,46.2656],[4.8202,46.2682],[4.8246,46.2726],[4.8265,46.2764],[4.828,46.2823],[4.831,46.2908],[4.8315,46.2962],[4.8331,46.2998],[4.8374,46.3048],[4.8411,46.312],[4.8447,46.3172],[4.8517,46.3263],[4.8527,46.3282],[4.8537,46.3345],[4.8528,46.3384],[4.8529,46.3432],[4.8512,46.3523],[4.8518,46.3564],[4.8551,46.3626],[4.8587,46.3681],[4.8657,46.3757],[4.872,46.3823],[4.8741,46.3849],[4.8758,46.3878],[4.8796,46.3919],[4.8835,46.3979],[4.888,46.4027],[4.8885,46.4033],[4.8893,46.4056],[4.888,46.4116],[4.8887,46.4174],[4.8903,46.4252],[4.8914,46.428],[4.8918,46.4381],[4.8911,46.4384],[4.8925,46.4426],[4.8942,46.4455],[4.8986,46.45],[4.9079,46.4559],[4.9122,46.4592],[4.9143,46.4625],[4.9156,46.4667],[4.916,46.4734],[4.9145,46.4801],[4.9145,46.4814],[4.9144,46.4853],[4.9155,46.4888],[4.9192,46.4927],[4.9255,46.497],[4.9271,46.4993],[4.9293,46.5042],[4.9315,46.5103],[4.9335,46.5125],[4.9357,46.5143],[4.9403,46.5119],[4.943,46.5149],[4.947,46.5141],[4.9514,46.5145],[4.9546,46.5124],[4.9523,46.5108],[4.9453,46.5116],[4.944,46.5053],[4.947,46.5039],[4.9487,46.5014],[4.9519,46.5002],[4.9534,46.5044],[4.958,46.5061],[4.9595,46.5078],[4.9636,46.508],[4.9651,46.5061],[4.9696,46.5053],[4.9713,46.508],[4.9702,46.5089],[4.9638,46.511],[4.9625,46.5122],[4.9658,46.5136],[4.9705,46.5145],[4.9799,46.5153],[4.983,46.5156],[4.9884,46.5139],[4.9916,46.5123],[4.9966,46.5116],[5.0003,46.512],[5.0046,46.51],[5.0104,46.5112],[5.0113,46.5097],[5.0094,46.507],[5.0119,46.5058],[5.0121,46.503],[5.0144,46.5004],[5.0183,46.499],[5.0228,46.4964],[5.0261,46.4959],[5.0287,46.4918],[5.0327,46.492],[5.0405,46.4915],[5.0446,46.4902],[5.0463,46.4885],[5.0513,46.4866],[5.0547,46.4841],[5.0621,46.4846],[5.0622,46.4856],[5.0714,46.4859],[5.0764,46.486],[5.0762,46.4888],[5.084,46.4904],[5.0882,46.4929],[5.0887,46.4957],[5.0921,46.4958],[5.0957,46.4993],[5.0978,46.4993],[5.0994,46.4968],[5.109,46.4916],[5.1146,46.4928],[5.1159,46.496],[5.1213,46.4981],[5.1281,46.4997],[5.1311,46.5014],[5.1341,46.5015],[5.1355,46.5035],[5.1345,46.5051],[5.1349,46.5091],[5.1389,46.5097],[5.1465,46.5069],[5.1498,46.5078],[5.1565,46.5075],[5.1665,46.5031],[5.1671,46.5047],[5.1655,46.5069],[5.1656,46.5098],[5.1678,46.5126],[5.1658,46.5177],[5.1684,46.518],[5.1717,46.5164],[5.1727,46.5134],[5.1748,46.5121],[5.1826,46.5095],[5.1938,46.5091],[5.1949,46.5081],[5.1996,46.5075],[5.2016,46.5083],[5.2036,46.5048],[5.1992,46.5031],[5.2018,46.5013],[5.2043,46.4949],[5.2101,46.4905],[5.2063,46.4898],[5.2061,46.4865],[5.2134,46.4847],[5.2145,46.4819],[5.2114,46.4808],[5.2099,46.479],[5.2129,46.4776],[5.2138,46.4746],[5.2159,46.472],[5.2146,46.4687],[5.22,46.4681],[5.2213,46.4691],[5.225,46.4687],[5.2318,46.4628],[5.235,46.4579],[5.2361,46.4578],[5.2418,46.4612],[5.248,46.4591],[5.2483,46.4581],[5.2552,46.4553],[5.2564,46.4507],[5.2584,46.4499],[5.265,46.4514],[5.2725,46.4499],[5.2737,46.4485],[5.2793,46.447],[5.2812,46.4473],[5.2838,46.4456],[5.2861,46.4465],[5.2895,46.4496],[5.2921,46.45],[5.301,46.4469],[5.3052,46.4467],[5.3066,46.4454],[5.3106,46.4469],[5.3145,46.4456],[5.315,46.4406],[5.3176,46.4375],[5.318,46.4326],[5.3195,46.4306],[5.3246,46.4285],[5.3228,46.4273],[5.319,46.4276],[5.3135,46.4256],[5.3126,46.4241],[5.309,46.4245],[5.3066,46.4214],[5.3085,46.4202],[5.3075,46.4169],[5.3144,46.4164],[5.3075,46.4147],[5.3027,46.4169],[5.2989,46.4158],[5.2992,46.4126],[5.3091,46.4103],[5.3147,46.4095],[5.3214,46.4041],[5.3261,46.402],[5.3309,46.4014],[5.3308,46.3986],[5.3348,46.3976],[5.3372,46.4014],[5.3392,46.4021],[5.3441,46.3999],[5.347,46.3997],[5.3533,46.3972],[5.3516,46.3939],[5.3597,46.391],[5.3629,46.392],[5.3635,46.3889],[5.367,46.3885],[5.3708,46.3867],[5.3716,46.3828],[5.3761,46.3822],[5.3757,46.3803],[5.3725,46.3785],[5.3703,46.376],[5.3649,46.3729],[5.3627,46.3694],[5.3697,46.3688],[5.3696,46.3666],[5.3772,46.364],[5.3754,46.3583],[5.3735,46.3522],[5.3763,46.3508],[5.3795,46.3463],[5.3866,46.3439],[5.3871,46.3423],[5.3929,46.3405],[5.402,46.339],[5.403,46.3367],[5.4017,46.3328],[5.4043,46.3328],[5.4039,46.3292],[5.4048,46.3217],[5.4041,46.3148],[5.4048,46.3101],[5.4102,46.3091],[5.4108,46.3117],[5.4135,46.3167],[5.4137,46.3254],[5.4156,46.3318],[5.4153,46.3353],[5.4166,46.336],[5.4173,46.3453],[5.4237,46.3477],[5.4279,46.3421],[5.4253,46.3417],[5.4283,46.3357],[5.4313,46.3329],[5.4345,46.3237],[5.4354,46.3195],[5.4371,46.3151],[5.4443,46.3187],[5.454,46.3179],[5.4569,46.3189],[5.4595,46.3234],[5.4621,46.3225],[5.4652,46.3235],[5.4677,46.3218],[5.4689,46.317],[5.4753,46.3154],[5.4742,46.3103],[5.4706,46.306],[5.4708,46.3033],[5.4681,46.2979],[5.466,46.2918],[5.4626,46.2894],[5.4589,46.2907],[5.4598,46.2864],[5.4577,46.2792],[5.4571,46.2744],[5.4618,46.2743],[5.4618,46.2716],[5.4692,46.2711],[5.468,46.2689],[5.4722,46.2673],[5.4738,46.2643],[5.4833,46.2674],[5.488,46.2682],[5.4996,46.2682],[5.5038,46.2687],[5.5084,46.2644],[5.5113,46.2645],[5.5195,46.2643],[5.523,46.265],[5.5249,46.2665],[5.5379,46.2686],[5.5417,46.2698],[5.5457,46.2729],[5.5474,46.2753],[5.5532,46.2797],[5.5588,46.283],[5.5614,46.2863],[5.5624,46.2895],[5.565,46.2936],[5.5678,46.2941],[5.5749,46.2928],[5.5792,46.2943],[5.587,46.2925],[5.5898,46.2928],[5.5968,46.2966],[5.5998,46.3012],[5.6022,46.3076],[5.6046,46.3094],[5.6076,46.3117],[5.6063,46.3139],[5.611,46.3203],[5.6111,46.3243],[5.6139,46.3278],[5.6182,46.3292],[5.6305,46.3302],[5.6341,46.3324],[5.6375,46.3364],[5.6401,46.3388],[5.6434,46.3448],[5.6498,46.3403],[5.6491,46.3382],[5.6499,46.3341],[5.6494,46.3308],[5.6463,46.3271],[5.6437,46.3252],[5.6479,46.3235],[5.6527,46.3232],[5.6621,46.3249],[5.6665,46.3248],[5.6694,46.3238],[5.675,46.319],[5.6808,46.3188],[5.6833,46.3159],[5.6845,46.311]],[[4.8693,44.3449],[4.8798,44.3453],[4.8916,44.3401],[4.8954,44.3382],[4.8943,44.333],[4.8895,44.3331],[4.8866,44.3298],[4.8829,44.3274],[4.8817,44.3247],[4.8852,44.3189],[4.8917,44.3133],[4.8916,44.3075],[4.8893,44.304],[4.8973,44.3056],[4.9011,44.3055],[4.9075,44.3062],[4.9177,44.3087],[4.9219,44.3087],[4.9247,44.3085],[4.9381,44.3062],[4.9443,44.306],[4.9467,44.3036],[4.949,44.3032],[4.9508,44.3012],[4.9553,44.3016],[4.9573,44.3026],[4.9594,44.299],[4.9658,44.2994],[4.9727,44.2989],[4.9746,44.298],[4.98,44.2974],[4.9871,44.2927],[4.9888,44.297],[4.9877,44.2995],[4.9883,44.3031],[4.99,44.3071],[4.9911,44.312],[4.9938,44.3151],[4.9977,44.3173],[4.9981,44.3197],[5.0008,44.3199],[5.0093,44.3242],[5.0138,44.3258],[5.0109,44.3275],[5.009,44.3339],[5.0116,44.3365],[5.018,44.3412],[5.0199,44.3415],[5.0229,44.3456],[5.0231,44.3479],[5.0218,44.3496],[5.0217,44.3567],[5.0232,44.36],[5.0274,44.363],[5.0324,44.361],[5.0349,44.3638],[5.0418,44.364],[5.0423,44.3625],[5.052,44.3648],[5.0547,44.3648],[5.059,44.3711],[5.0674,44.3739],[5.0703,44.3764],[5.0722,44.3795],[5.071,44.3832],[5.0689,44.3835],[5.0656,44.3817],[5.063,44.384],[5.0604,44.3842],[5.056,44.3832],[5.0537,44.3817],[5.0479,44.3811],[5.0449,44.3823],[5.043,44.3871],[5.0389,44.3874],[5.0352,44.3894],[5.0354,44.3907],[5.0304,44.391],[5.0264,44.3924],[5.0202,44.3914],[5.0151,44.3948],[5.0133,44.4055],[5.0176,44.4073],[5.0201,44.4098],[5.0186,44.4158],[5.0118,44.4156],[5.0106,44.411],[5.0009,44.4129],[4.9902,44.4211],[4.9889,44.4232],[4.9847,44.423],[4.9778,44.4237],[4.9773,44.4277],[4.9739,44.431],[4.9712,44.4314],[4.9695,44.4281],[4.9647,44.4252],[4.9641,44.4227],[4.9593,44.4198],[4.9556,44.4206],[4.9519,44.42],[4.952,44.4188],[4.946,44.4149],[4.9412,44.415],[4.9338,44.4118],[4.9278,44.4114],[4.9245,44.4081],[4.9221,44.4096],[4.9182,44.4077],[4.9161,44.4043],[4.9096,44.3964],[4.9118,44.3875],[4.9087,44.3768],[4.907,44.3746],[4.9029,44.3725],[4.9002,44.3696],[4.8947,44.3693],[4.8932,44.3679],[4.8929,44.365],[4.8925,44.362],[4.8906,44.3598],[4.8853,44.3581],[4.8843,44.3561],[4.8804,44.355],[4.8731,44.3507],[4.8704,44.3486],[4.8693,44.3449]]]}},{"type":"Feature","properties":{"code":"93","nom":"Provence-Alpes-Côte d'Azur","analysis_region_code":"93"},"geometry":{"type":"MultiPolygon","coordinates":[[[[5.6789,44.1461],[5.6777,44.1489],[5.679,44.1516],[5.6793,44.1554],[5.6829,44.1636],[5.6749,44.1649],[5.6732,44.1646],[5.6624,44.167],[5.6521,44.1672],[5.647,44.1664],[5.6433,44.1706],[5.6445,44.1741],[5.6471,44.1758],[5.6485,44.1804],[5.6524,44.1855],[5.6517,44.1896],[5.6577,44.189],[5.6604,44.1898],[5.6719,44.1897],[5.675,44.1889],[5.6758,44.1915],[5.6837,44.1924],[5.6864,44.1946],[5.6867,44.1964],[5.6833,44.2001],[5.6832,44.2036],[5.6775,44.2095],[5.676,44.2124],[5.6777,44.2172],[5.6773,44.2198],[5.6796,44.2216],[5.6808,44.2264],[5.6796,44.2291],[5.6811,44.2308],[5.6826,44.2345],[5.6779,44.2362],[5.6732,44.2398],[5.6758,44.2443],[5.6727,44.2456],[5.6749,44.2503],[5.6742,44.2565],[5.6798,44.2612],[5.6854,44.2637],[5.6873,44.2666],[5.6756,44.2759],[5.6725,44.2745],[5.662,44.2723],[5.6578,44.2726],[5.6517,44.2687],[5.6468,44.2672],[5.6457,44.2694],[5.6476,44.2726],[5.645,44.2747],[5.6386,44.2775],[5.6332,44.2821],[5.6318,44.2869],[5.6331,44.2905],[5.6423,44.2949],[5.6396,44.296],[5.6378,44.2997],[5.6338,44.301],[5.627,44.3013],[5.6248,44.3034],[5.6207,44.3061],[5.6198,44.3079],[5.6162,44.3094],[5.6083,44.3061],[5.608,44.3085],[5.611,44.3111],[5.6103,44.3135],[5.6115,44.3164],[5.6161,44.3169],[5.6186,44.3198],[5.6212,44.3211],[5.6285,44.328],[5.6326,44.3286],[5.6304,44.3337],[5.6269,44.335],[5.6236,44.3353],[5.6235,44.3338],[5.6178,44.3323],[5.6125,44.3328],[5.6061,44.3326],[5.604,44.3342],[5.5953,44.3318],[5.5913,44.3332],[5.5878,44.3321],[5.5848,44.3321],[5.5832,44.3325],[5.5743,44.3323],[5.5712,44.3334],[5.5682,44.3322],[5.5608,44.3359],[5.5554,44.3318],[5.5538,44.3319],[5.548,44.33],[5.5445,44.3314],[5.5409,44.3312],[5.5374,44.3335],[5.5388,44.3367],[5.5399,44.3426],[5.529,44.343],[5.5228,44.3478],[5.5216,44.3511],[5.5107,44.3463],[5.5023,44.3441],[5.498,44.3398],[5.4928,44.3371],[5.4911,44.3393],[5.4838,44.3449],[5.4819,44.3475],[5.4825,44.3499],[5.4805,44.351],[5.475,44.3516],[5.4707,44.3504],[5.469,44.3516],[5.4668,44.3547],[5.4672,44.3605],[5.4654,44.3652],[5.4623,44.3674],[5.4595,44.3685],[5.4532,44.3672],[5.4481,44.3691],[5.4444,44.3677],[5.4396,44.3685],[5.4381,44.3674],[5.4349,44.369],[5.4317,44.3711],[5.4318,44.3733],[5.4297,44.3755],[5.4368,44.3779],[5.4396,44.3777],[5.4428,44.3786],[5.4436,44.38],[5.441,44.3838],[5.4406,44.3877],[5.4431,44.3916],[5.437,44.4012],[5.4341,44.4084],[5.4333,44.4117],[5.4288,44.4156],[5.423,44.4162],[5.4222,44.4194],[5.4184,44.4249],[5.4263,44.429],[5.43,44.4317],[5.4342,44.4336],[5.4386,44.4336],[5.4427,44.4331],[5.4509,44.4309],[5.4602,44.4266],[5.4635,44.4267],[5.4672,44.4242],[5.4707,44.4229],[5.4743,44.4198],[5.4768,44.4196],[5.4783,44.4212],[5.4832,44.4239],[5.483,44.426],[5.4858,44.4291],[5.4928,44.4291],[5.4936,44.4283],[5.4983,44.4373],[5.4974,44.4384],[5.488,44.4401],[5.4853,44.4419],[5.4808,44.4419],[5.4678,44.4469],[5.4644,44.4479],[5.4639,44.4521],[5.4647,44.4542],[5.4642,44.4574],[5.4611,44.4596],[5.4613,44.4632],[5.4594,44.465],[5.4591,44.4687],[5.4618,44.4707],[5.4676,44.4724],[5.466,44.476],[5.4654,44.4801],[5.4622,44.4817],[5.459,44.4885],[5.457,44.4962],[5.4582,44.4992],[5.462,44.4994],[5.4636,44.5005],[5.4709,44.5002],[5.4743,44.4972],[5.4739,44.4953],[5.4799,44.4913],[5.4954,44.4914],[5.4965,44.4918],[5.5063,44.4922],[5.5111,44.4916],[5.5201,44.4903],[5.5233,44.4883],[5.5258,44.4886],[5.5305,44.4859],[5.5366,44.4849],[5.5454,44.4826],[5.5561,44.4763],[5.5586,44.4733],[5.5644,44.4755],[5.5703,44.4769],[5.5749,44.4738],[5.5794,44.4718],[5.5899,44.4688],[5.5931,44.4673],[5.6036,44.4655],[5.6068,44.4683],[5.6102,44.4687],[5.6118,44.4703],[5.6174,44.4737],[5.6206,44.4815],[5.6251,44.4852],[5.6233,44.4896],[5.6249,44.493],[5.6263,44.4981],[5.6302,44.5014],[5.6352,44.5025],[5.6395,44.5018],[5.6438,44.5021],[5.6496,44.4993],[5.6523,44.4997],[5.6568,44.5023],[5.6647,44.5019],[5.6626,44.5056],[5.6537,44.5143],[5.647,44.5196],[5.6448,44.5206],[5.6367,44.5265],[5.6272,44.5347],[5.6228,44.5356],[5.6206,44.5343],[5.6148,44.5328],[5.6119,44.5361],[5.6049,44.5399],[5.6035,44.5412],[5.5971,44.5434],[5.5983,44.5465],[5.598,44.549],[5.6003,44.5556],[5.6021,44.557],[5.6049,44.5642],[5.6066,44.5668],[5.6071,44.5683],[5.609,44.571],[5.6136,44.5715],[5.616,44.5747],[5.616,44.5794],[5.6179,44.584],[5.6224,44.5859],[5.6263,44.5866],[5.6257,44.5896],[5.6275,44.591],[5.6275,44.595],[5.6308,44.5965],[5.632,44.5997],[5.6347,44.6013],[5.6366,44.6045],[5.6351,44.609],[5.642,44.6101],[5.6462,44.6094],[5.6495,44.6194],[5.6457,44.6216],[5.6431,44.6222],[5.6422,44.6272],[5.6411,44.6279],[5.6416,44.6312],[5.6392,44.6355],[5.6417,44.6383],[5.6403,44.6444],[5.6401,44.648],[5.6417,44.6514],[5.6482,44.6524],[5.6515,44.6552],[5.6543,44.6555],[5.6563,44.6541],[5.6555,44.6516],[5.6608,44.651],[5.6685,44.6485],[5.6715,44.6499],[5.6799,44.6524],[5.6831,44.6512],[5.6867,44.6485],[5.6956,44.646],[5.704,44.645],[5.7069,44.6422],[5.7146,44.6437],[5.7202,44.6399],[5.7288,44.6393],[5.7299,44.6398],[5.7387,44.6408],[5.7346,44.646],[5.7363,44.6488],[5.7409,44.6494],[5.7436,44.6476],[5.7534,44.6497],[5.7495,44.6522],[5.7486,44.655],[5.7504,44.6576],[5.7499,44.6608],[5.7536,44.6608],[5.755,44.6631],[5.7611,44.6591],[5.7641,44.6558],[5.7697,44.6553],[5.7726,44.6537],[5.7758,44.6541],[5.7804,44.6529],[5.7829,44.6534],[5.7902,44.6536],[5.7925,44.6561],[5.7914,44.6586],[5.7925,44.6608],[5.7978,44.6633],[5.8006,44.6686],[5.8006,44.6719],[5.7993,44.674],[5.8012,44.6752],[5.8097,44.6786],[5.8122,44.6792],[5.8177,44.682],[5.8207,44.6843],[5.8271,44.6865],[5.8304,44.6906],[5.8272,44.6963],[5.8271,44.7005],[5.8198,44.7037],[5.8135,44.704],[5.8122,44.7056],[5.8039,44.7059],[5.8015,44.7068],[5.8032,44.7103],[5.8112,44.7127],[5.8117,44.7184],[5.8147,44.7206],[5.8175,44.7307],[5.8214,44.7332],[5.8227,44.7356],[5.8254,44.7367],[5.8293,44.7416],[5.8296,44.7437],[5.8278,44.745],[5.8275,44.7476],[5.8284,44.7505],[5.8275,44.7518],[5.8265,44.7565],[5.8271,44.7597],[5.8357,44.7575],[5.8391,44.7577],[5.8416,44.7562],[5.8446,44.7529],[5.8508,44.7508],[5.867,44.7517],[5.8683,44.7503],[5.8755,44.7493],[5.8819,44.7467],[5.8855,44.7474],[5.8888,44.7488],[5.8894,44.7524],[5.8923,44.7557],[5.8946,44.7548],[5.8994,44.7582],[5.9064,44.7586],[5.9109,44.7577],[5.919,44.7514],[5.9207,44.7517],[5.9254,44.7573],[5.927,44.7573],[5.9311,44.7596],[5.9362,44.7599],[5.9382,44.7627],[5.9402,44.763],[5.9454,44.7619],[5.9511,44.7596],[5.9525,44.7621],[5.9525,44.7676],[5.9518,44.7695],[5.9532,44.7713],[5.9574,44.7733],[5.9719,44.7781],[5.9803,44.7813],[5.9777,44.7909],[5.9689,44.7946],[5.9649,44.796],[5.9615,44.7962],[5.9602,44.7994],[5.9545,44.7995],[5.9517,44.8009],[5.9495,44.8044],[5.9585,44.8089],[5.9606,44.8123],[5.9652,44.8119],[5.9693,44.814],[5.9725,44.8146],[5.9792,44.8186],[5.9849,44.8189],[5.989,44.8182],[5.9962,44.8179],[5.9982,44.8189],[6.0055,44.8208],[6.0077,44.8239],[6.0094,44.8304],[6.0114,44.831],[6.0158,44.8354],[6.0218,44.8375],[6.0251,44.8367],[6.0302,44.8381],[6.0309,44.8366],[6.0341,44.8352],[6.0358,44.8316],[6.0405,44.8275],[6.0473,44.8237],[6.048,44.8206],[6.0527,44.8169],[6.0565,44.8158],[6.0586,44.819],[6.0613,44.8205],[6.0669,44.8214],[6.0696,44.8251],[6.0733,44.8278],[6.079,44.8286],[6.0855,44.8324],[6.0879,44.8329],[6.0899,44.8357],[6.093,44.8363],[6.0973,44.8382],[6.1007,44.8426],[6.1064,44.8439],[6.1107,44.8432],[6.1147,44.8466],[6.1183,44.8528],[6.1211,44.8535],[6.1284,44.8619],[6.1329,44.8645],[6.1386,44.8633],[6.1422,44.8606],[6.1438,44.8584],[6.1512,44.8581],[6.1536,44.8593],[6.1585,44.8586],[6.1623,44.8542],[6.1697,44.8524],[6.1704,44.8543],[6.1767,44.8541],[6.1815,44.8547],[6.1877,44.8538],[6.1895,44.8543],[6.1919,44.8569],[6.1947,44.8571],[6.1964,44.859],[6.2015,44.8588],[6.2062,44.8577],[6.207,44.8561],[6.2157,44.8541],[6.2221,44.8537],[6.2254,44.8522],[6.2354,44.8516],[6.2375,44.852],[6.25,44.8519],[6.2535,44.8552],[6.255,44.8588],[6.2577,44.8616],[6.2584,44.8637],[6.2632,44.8668],[6.2708,44.871],[6.2782,44.8714],[6.2815,44.8699],[6.2886,44.8741],[6.295,44.8742],[6.2987,44.8731],[6.3039,44.873],[6.3073,44.8695],[6.3087,44.8658],[6.3124,44.863],[6.3174,44.8619],[6.3172,44.8602],[6.3201,44.857],[6.3191,44.8549],[6.3241,44.8522],[6.3304,44.8513],[6.3363,44.8484],[6.3446,44.8493],[6.3481,44.8517],[6.354,44.8535],[6.3554,44.8548],[6.3538,44.8568],[6.3513,44.8624],[6.3539,44.865],[6.3523,44.8713],[6.3504,44.8737],[6.3508,44.8812],[6.353,44.8837],[6.3554,44.8844],[6.3593,44.8881],[6.358,44.8893],[6.3584,44.8921],[6.3576,44.895],[6.3536,44.8975],[6.3564,44.9003],[6.3576,44.9049],[6.3589,44.9072],[6.3566,44.9109],[6.3577,44.9132],[6.3561,44.9159],[6.3561,44.921],[6.3575,44.9221],[6.353,44.9245],[6.3532,44.9261],[6.356,44.9281],[6.3564,44.9331],[6.359,44.9366],[6.3582,44.9416],[6.3528,44.9426],[6.3505,44.944],[6.3434,44.9442],[6.3391,44.947],[6.334,44.9465],[6.329,44.9473],[6.3229,44.953],[6.3236,44.9613],[6.3279,44.9647],[6.3295,44.9692],[6.3259,44.97],[6.3227,44.972],[6.3223,44.9743],[6.3182,44.9759],[6.3185,44.9771],[6.3154,44.979],[6.3153,44.9822],[6.3168,44.9842],[6.3171,44.9888],[6.3159,44.99],[6.3189,44.9926],[6.3212,44.9973],[6.3234,44.9982],[6.3182,45.0039],[6.3133,45.0038],[6.3064,45.0048],[6.3038,45.003],[6.3013,45.0041],[6.2965,45.0035],[6.2852,45.0001],[6.2789,45.0008],[6.2756,45.0004],[6.2718,44.9988],[6.2661,44.9983],[6.2637,44.9971],[6.26,44.9978],[6.2534,44.9952],[6.2518,44.9967],[6.226,45.0047],[6.2049,45.0125],[6.2039,45.0125],[6.2028,45.0162],[6.2026,45.0226],[6.205,45.0268],[6.2073,45.0271],[6.2099,45.0295],[6.2086,45.033],[6.2099,45.0364],[6.2085,45.0409],[6.2104,45.0432],[6.2106,45.0452],[6.2154,45.0482],[6.2152,45.0533],[6.2198,45.0653],[6.2247,45.0669],[6.23,45.0676],[6.2328,45.0668],[6.2403,45.0679],[6.2436,45.0696],[6.2438,45.0727],[6.2396,45.0746],[6.238,45.0787],[6.2372,45.0858],[6.2358,45.0872],[6.2348,45.0921],[6.2304,45.0971],[6.2293,45.0998],[6.2297,45.1054],[6.2288,45.1084],[6.2324,45.1113],[6.2402,45.1128],[6.2458,45.1204],[6.2545,45.1208],[6.2571,45.1222],[6.2606,45.1268],[6.2642,45.1264],[6.2667,45.1245],[6.2696,45.1197],[6.2737,45.1175],[6.2767,45.1149],[6.2826,45.1141],[6.2863,45.1102],[6.2936,45.1085],[6.3019,45.109],[6.3104,45.1116],[6.3173,45.112],[6.3225,45.1146],[6.327,45.1157],[6.3288,45.1174],[6.3323,45.1187],[6.3342,45.1229],[6.3379,45.1207],[6.3399,45.1161],[6.346,45.1153],[6.3555,45.1082],[6.3628,45.1051],[6.3657,45.101],[6.367,45.0962],[6.3713,45.0908],[6.3724,45.0854],[6.3747,45.0832],[6.3649,45.0702],[6.3749,45.0675],[6.3794,45.0675],[6.384,45.064],[6.3885,45.064],[6.3963,45.0611],[6.3979,45.0625],[6.4038,45.0648],[6.4108,45.064],[6.4228,45.0601],[6.4317,45.0637],[6.4386,45.0626],[6.4416,45.058],[6.4441,45.0568],[6.4434,45.0551],[6.4477,45.0527],[6.4535,45.0518],[6.4578,45.054],[6.4629,45.0541],[6.4689,45.0556],[6.4741,45.0562],[6.479,45.0557],[6.4811,45.0563],[6.4871,45.0564],[6.4872,45.06],[6.486,45.0627],[6.4866,45.0651],[6.4892,45.0657],[6.4896,45.0677],[6.4879,45.074],[6.4831,45.0772],[6.4841,45.0789],[6.487,45.0799],[6.4849,45.0869],[6.4828,45.0878],[6.4805,45.0908],[6.4805,45.0942],[6.4843,45.0943],[6.4878,45.097],[6.4909,45.0977],[6.4938,45.0999],[6.5031,45.103],[6.5074,45.1052],[6.5104,45.109],[6.5167,45.1055],[6.5217,45.1041],[6.5255,45.1004],[6.5297,45.0986],[6.5392,45.0991],[6.5454,45.1006],[6.551,45.1033],[6.5548,45.1042],[6.5587,45.104],[6.5613,45.1053],[6.5613,45.1112],[6.5639,45.1138],[6.5708,45.1169],[6.5722,45.1196],[6.5768,45.123],[6.5845,45.1201],[6.5927,45.119],[6.5967,45.1198],[6.6006,45.1221],[6.6029,45.1198],[6.6065,45.1196],[6.6083,45.1207],[6.6127,45.1205],[6.6155,45.1215],[6.618,45.1198],[6.6203,45.1167],[6.6248,45.1153],[6.6272,45.1108],[6.6299,45.1094],[6.6268,45.1049],[6.6275,45.1012],[6.63,45.1007],[6.6322,45.0974],[6.6332,45.0942],[6.6353,45.0945],[6.641,45.0898],[6.641,45.0871],[6.6475,45.0848],[6.6461,45.0838],[6.6462,45.0792],[6.645,45.0757],[6.6555,45.071],[6.6588,45.0719],[6.6621,45.0717],[6.6619,45.0681],[6.6637,45.0582],[6.6629,45.0554],[6.6588,45.0523],[6.6631,45.0491],[6.6662,45.0483],[6.6697,45.0444],[6.6703,45.0424],[6.665,45.04],[6.6656,45.037],[6.6639,45.034],[6.6656,45.031],[6.6681,45.029],[6.6709,45.0288],[6.6712,45.024],[6.6733,45.0196],[6.6799,45.0206],[6.6828,45.0223],[6.6883,45.0207],[6.6966,45.0209],[6.6989,45.0201],[6.7012,45.0212],[6.7069,45.0219],[6.7127,45.0207],[6.7174,45.0205],[6.7226,45.0221],[6.7277,45.0204],[6.731,45.02],[6.7354,45.018],[6.7381,45.018],[6.7427,45.0166],[6.7445,45.0148],[6.7448,45.0112],[6.7499,45.0041],[6.7511,44.9959],[6.7419,44.9949],[6.737,44.9935],[6.7379,44.9893],[6.7419,44.9889],[6.7463,44.986],[6.7494,44.9851],[6.7501,44.979],[6.7557,44.9754],[6.7582,44.9732],[6.7632,44.9717],[6.7653,44.9621],[6.7649,44.9596],[6.7593,44.9506],[6.7585,44.9481],[6.754,44.9461],[6.7532,44.9431],[6.7468,44.9391],[6.7448,44.9356],[6.7493,44.9363],[6.7517,44.9379],[6.7578,44.9371],[6.7608,44.9336],[6.7608,44.9305],[6.754,44.932],[6.7536,44.9275],[6.7519,44.9263],[6.7485,44.9218],[6.7518,44.9172],[6.7507,44.9153],[6.7509,44.9101],[6.7497,44.9075],[6.7523,44.9056],[6.7582,44.9041],[6.7605,44.9028],[6.7659,44.9023],[6.7714,44.9035],[6.777,44.9002],[6.7785,44.8985],[6.7788,44.8955],[6.7806,44.8932],[6.7836,44.8921],[6.7847,44.8893],[6.7921,44.8892],[6.8016,44.8911],[6.7996,44.8877],[6.7998,44.885],[6.8046,44.8771],[6.8116,44.8751],[6.8179,44.8715],[6.8231,44.8701],[6.8247,44.8686],[6.8301,44.868],[6.8324,44.8661],[6.8333,44.864],[6.8385,44.8619],[6.8396,44.86],[6.845,44.8596],[6.8515,44.8576],[6.8541,44.8581],[6.8583,44.8553],[6.8591,44.8534],[6.8632,44.8507],[6.8702,44.8498],[6.8771,44.8513],[6.8834,44.8481],[6.8883,44.8473],[6.892,44.8482],[6.8953,44.8478],[6.8981,44.8485],[6.903,44.8481],[6.9071,44.8442],[6.9132,44.8452],[6.9152,44.8476],[6.9223,44.8512],[6.9232,44.8531],[6.9268,44.8568],[6.9265,44.8594],[6.9309,44.8631],[6.9361,44.8619],[6.9371,44.8609],[6.9443,44.8593],[6.9455,44.8579],[6.9507,44.8558],[6.9544,44.8556],[6.9574,44.8528],[6.961,44.8509],[6.9661,44.8493],[6.9681,44.8472],[6.9764,44.8457],[6.9812,44.8468],[6.9964,44.842],[7.0014,44.8424],[7.0066,44.8398],[7.0063,44.835],[7.0085,44.8321],[7.0097,44.8287],[7.0095,44.8263],[7.0121,44.8251],[7.0202,44.8247],[7.0232,44.8213],[7.0208,44.8203],[7.0195,44.8127],[7.0147,44.8097],[7.0126,44.8045],[7.0093,44.8017],[7.01,44.7974],[7.006,44.7953],[7.0035,44.7928],[7.0009,44.7922],[6.9996,44.7897],[7.0032,44.7867],[7.0116,44.7836],[7.0152,44.7789],[7.019,44.7766],[7.02,44.7727],[7.022,44.7707],[7.0201,44.768],[7.0242,44.7638],[7.025,44.7615],[7.0247,44.7569],[7.0218,44.7547],[7.0212,44.7515],[7.0229,44.7481],[7.0263,44.7445],[7.0237,44.7412],[7.024,44.7393],[7.0287,44.7353],[7.0304,44.7318],[7.0294,44.7301],[7.0352,44.7259],[7.0403,44.7198],[7.0544,44.7149],[7.0561,44.7151],[7.0658,44.7135],[7.0663,44.7105],[7.065,44.7091],[7.0676,44.7053],[7.0677,44.7026],[7.0704,44.7011],[7.0709,44.6983],[7.0732,44.696],[7.073,44.6939],[7.0756,44.6896],[7.0747,44.6877],[7.0771,44.681],[7.0691,44.6798],[7.0633,44.6803],[7.0596,44.6801],[7.0538,44.6829],[7.0491,44.6828],[7.0467,44.6835],[7.04,44.687],[7.0372,44.6893],[7.0291,44.6917],[7.0241,44.6915],[7.019,44.6894],[7.0163,44.6895],[7.0093,44.6886],[7.0084,44.6892],[7.0038,44.6871],[7.0016,44.6876],[6.9997,44.6906],[6.996,44.6904],[6.987,44.6897],[6.986,44.6879],[6.9821,44.6844],[6.9778,44.6835],[6.9754,44.6804],[6.972,44.6788],[6.9712,44.6772],[6.9627,44.678],[6.959,44.6743],[6.9575,44.6702],[6.9595,44.6648],[6.9594,44.6628],[6.9514,44.6588],[6.9484,44.6548],[6.948,44.6522],[6.9514,44.6487],[6.9539,44.642],[6.9528,44.6381],[6.9594,44.6314],[6.9623,44.6264],[6.9664,44.6253],[6.9683,44.6196],[6.9642,44.6188],[6.96,44.6212],[6.9552,44.6211],[6.9497,44.6196],[6.9485,44.6172],[6.9505,44.6132],[6.9503,44.6099],[6.9465,44.6064],[6.938,44.6038],[6.9366,44.6013],[6.9383,44.5993],[6.9337,44.5969],[6.9327,44.5928],[6.9333,44.5877],[6.9347,44.5861],[6.9321,44.5836],[6.9312,44.5815],[6.9335,44.5763],[6.9329,44.5731],[6.9224,44.5705],[6.92,44.5694],[6.9168,44.5696],[6.9125,44.5688],[6.9147,44.5629],[6.9166,44.5616],[6.9158,44.5592],[6.9126,44.5589],[6.9047,44.5564],[6.902,44.5538],[6.8989,44.5555],[6.8922,44.5548],[6.8904,44.5523],[6.8826,44.5524],[6.8797,44.5543],[6.8768,44.5529],[6.8759,44.5508],[6.877,44.5486],[6.8767,44.5464],[6.8722,44.5458],[6.8721,44.5436],[6.8685,44.5363],[6.8637,44.5359],[6.8587,44.5347],[6.8555,44.532],[6.8553,44.5295],[6.8535,44.5279],[6.8552,44.5266],[6.8577,44.5216],[6.8562,44.5167],[6.8568,44.5136],[6.8595,44.5098],[6.8581,44.5069],[6.8612,44.5032],[6.8614,44.5008],[6.8633,44.4996],[6.8654,44.4952],[6.8708,44.491],[6.8768,44.4888],[6.8775,44.4866],[6.8758,44.4823],[6.8783,44.4801],[6.8801,44.4798],[6.8831,44.4763],[6.886,44.4755],[6.8917,44.4719],[6.9024,44.4701],[6.9064,44.4676],[6.9078,44.4606],[6.9121,44.4537],[6.9112,44.4523],[6.9152,44.4491],[6.9181,44.4481],[6.9212,44.4456],[6.9321,44.4422],[6.9335,44.4403],[6.9358,44.4402],[6.9385,44.4376],[6.9395,44.434],[6.9444,44.4325],[6.9482,44.4297],[6.9465,44.4271],[6.9425,44.4283],[6.9405,44.4281],[6.9377,44.4297],[6.9336,44.4299],[6.9324,44.4281],[6.933,44.4251],[6.931,44.4241],[6.9271,44.4241],[6.9249,44.4225],[6.9223,44.4234],[6.9208,44.4256],[6.918,44.4276],[6.907,44.423],[6.9028,44.4204],[6.8991,44.4223],[6.8974,44.4208],[6.8928,44.4209],[6.8925,44.4198],[6.8943,44.4132],[6.894,44.41],[6.8974,44.4069],[6.8975,44.4046],[6.8949,44.4025],[6.8944,44.3978],[6.8969,44.3951],[6.8947,44.3888],[6.896,44.3845],[6.8951,44.3796],[6.8968,44.3746],[6.8954,44.3706],[6.894,44.3692],[6.8879,44.3672],[6.8869,44.3654],[6.8874,44.3613],[6.899,44.3583],[6.8995,44.3574],[6.9048,44.3586],[6.9086,44.3571],[6.9105,44.3542],[6.9123,44.3533],[6.9183,44.3531],[6.922,44.3516],[6.9228,44.348],[6.9209,44.3454],[6.9215,44.3428],[6.9241,44.341],[6.9275,44.3323],[6.9308,44.3315],[6.937,44.3288],[6.9383,44.3246],[6.9415,44.3248],[6.9449,44.3212],[6.9534,44.3185],[6.9534,44.3162],[6.9602,44.3115],[6.9607,44.3089],[6.958,44.3054],[6.9584,44.3012],[6.9557,44.2971],[6.9601,44.2939],[6.9633,44.2936],[6.9673,44.2955],[6.9716,44.2933],[6.9708,44.2897],[6.9687,44.2869],[6.9723,44.2841],[6.9814,44.2871],[6.9826,44.2853],[6.9896,44.2834],[6.994,44.2806],[6.9946,44.2772],[6.9971,44.2739],[6.9954,44.2686],[6.9965,44.264],[6.9984,44.2591],[6.9965,44.2519],[6.9983,44.2483],[7.0009,44.247],[7.0007,44.2437],[7.0043,44.2416],[7.0084,44.2352],[7.0131,44.235],[7.0145,44.2332],[7.0193,44.2324],[7.022,44.2345],[7.0251,44.2316],[7.0275,44.231],[7.0303,44.2316],[7.031,44.2279],[7.033,44.2253],[7.0389,44.2237],[7.0435,44.2259],[7.0504,44.2283],[7.056,44.2295],[7.0614,44.2269],[7.0645,44.2275],[7.0651,44.23],[7.0702,44.233],[7.0791,44.2316],[7.0807,44.2304],[7.0864,44.2292],[7.0905,44.2248],[7.0912,44.2212],[7.0961,44.2205],[7.1032,44.2202],[7.1045,44.2191],[7.1101,44.2174],[7.1136,44.2179],[7.1191,44.2145],[7.1209,44.2125],[7.1254,44.2116],[7.1296,44.2078],[7.1369,44.2043],[7.1382,44.2027],[7.1431,44.2002],[7.1485,44.2002],[7.1517,44.2033],[7.1563,44.2038],[7.1584,44.2057],[7.1632,44.2082],[7.1657,44.2064],[7.1675,44.2024],[7.1751,44.2005],[7.1775,44.1972],[7.1831,44.199],[7.1861,44.2014],[7.1884,44.2009],[7.1892,44.1959],[7.1937,44.1899],[7.1936,44.1872],[7.1973,44.1863],[7.2007,44.1871],[7.2037,44.1848],[7.2048,44.1791],[7.2133,44.1752],[7.2159,44.171],[7.2208,44.1683],[7.2246,44.1691],[7.2282,44.1683],[7.2329,44.1715],[7.2352,44.1746],[7.2418,44.1732],[7.2436,44.1717],[7.2431,44.1685],[7.2451,44.1659],[7.2454,44.1635],[7.2474,44.162],[7.2487,44.1585],[7.252,44.156],[7.2566,44.1556],[7.2592,44.1536],[7.2603,44.1505],[7.2624,44.1482],[7.2721,44.1476],[7.2752,44.1447],[7.2781,44.1435],[7.2805,44.1409],[7.2858,44.1425],[7.2876,44.1452],[7.2931,44.1457],[7.2952,44.1442],[7.3004,44.145],[7.3034,44.1462],[7.308,44.144],[7.31,44.1477],[7.3167,44.1436],[7.3217,44.1431],[7.3281,44.1449],[7.3327,44.1439],[7.3337,44.1447],[7.3405,44.1454],[7.3448,44.1451],[7.3467,44.1398],[7.3468,44.1365],[7.351,44.1296],[7.3522,44.126],[7.3544,44.1251],[7.3577,44.1162],[7.361,44.1164],[7.3644,44.1177],[7.3679,44.1166],[7.3752,44.1192],[7.3766,44.1206],[7.3868,44.1242],[7.3931,44.1254],[7.3998,44.1212],[7.4063,44.1182],[7.409,44.1198],[7.4158,44.1183],[7.4157,44.117],[7.4227,44.1125],[7.4272,44.113],[7.428,44.116],[7.4261,44.1199],[7.4292,44.1231],[7.4309,44.1305],[7.4435,44.1278],[7.4459,44.1292],[7.4486,44.1293],[7.4528,44.1277],[7.4551,44.1278],[7.4601,44.1258],[7.4649,44.128],[7.4711,44.1326],[7.4733,44.1336],[7.4765,44.1333],[7.4836,44.1337],[7.4847,44.1349],[7.4909,44.137],[7.4942,44.1411],[7.5039,44.1435],[7.512,44.1421],[7.5123,44.1406],[7.5156,44.138],[7.5178,44.1389],[7.5209,44.1376],[7.5266,44.1397],[7.5309,44.1467],[7.5336,44.1476],[7.5385,44.1455],[7.5429,44.1452],[7.5468,44.1463],[7.5541,44.1467],[7.5612,44.1489],[7.5655,44.1522],[7.5647,44.1556],[7.5721,44.1518],[7.5765,44.1537],[7.5785,44.1523],[7.5815,44.1522],[7.5852,44.1507],[7.5888,44.1503],[7.5953,44.1528],[7.6039,44.1498],[7.6115,44.1503],[7.6199,44.1495],[7.6217,44.1533],[7.6248,44.1558],[7.6279,44.1604],[7.6266,44.1634],[7.6286,44.164],[7.6315,44.1685],[7.6297,44.1705],[7.6321,44.1736],[7.6361,44.1771],[7.6452,44.178],[7.6517,44.1768],[7.6546,44.1774],[7.6599,44.177],[7.6646,44.1757],[7.6704,44.1756],[7.6728,44.1774],[7.6804,44.1764],[7.6845,44.1739],[7.6838,44.1716],[7.6812,44.1675],[7.6795,44.1629],[7.6756,44.1617],[7.6717,44.159],[7.6705,44.1533],[7.6751,44.1502],[7.6779,44.1458],[7.6767,44.1421],[7.674,44.1386],[7.6694,44.1358],[7.6669,44.1334],[7.6664,44.1308],[7.67,44.1283],[7.6718,44.1213],[7.6746,44.118],[7.6797,44.1147],[7.6829,44.114],[7.6849,44.1113],[7.6901,44.1082],[7.6918,44.1051],[7.6963,44.1006],[7.6969,44.0976],[7.7014,44.094],[7.7087,44.091],[7.7122,44.0884],[7.7164,44.0819],[7.7156,44.0786],[7.713,44.075],[7.7143,44.0721],[7.7137,44.0707],[7.7142,44.0656],[7.7124,44.0611],[7.7079,44.0581],[7.7034,44.0517],[7.7025,44.0489],[7.7031,44.0434],[7.7004,44.0407],[7.6952,44.0396],[7.6914,44.0402],[7.6846,44.0373],[7.6778,44.0333],[7.6746,44.0293],[7.6658,44.0314],[7.665,44.0293],[7.6621,44.0276],[7.6617,44.0222],[7.6635,44.0206],[7.6619,44.0179],[7.6632,44.0149],[7.6658,44.0111],[7.6652,44.0092],[7.6678,44.0064],[7.6691,43.9997],[7.6705,43.9984],[7.6636,43.9923],[7.663,43.9888],[7.6637,43.9868],[7.6595,43.9866],[7.6555,43.9852],[7.6558,43.982],[7.6551,43.9796],[7.6557,43.9771],[7.653,43.9759],[7.6521,43.9736],[7.6468,43.9743],[7.6435,43.974],[7.6401,43.9714],[7.64,43.9701],[7.6366,43.9693],[7.6333,43.9668],[7.6322,43.9648],[7.6263,43.9623],[7.6207,43.9608],[7.6119,43.9559],[7.5987,43.9574],[7.5971,43.9559],[7.5878,43.955],[7.5841,43.9526],[7.582,43.9491],[7.5786,43.9499],[7.5746,43.9475],[7.5719,43.9472],[7.5707,43.9447],[7.5669,43.9434],[7.57,43.9409],[7.5709,43.9384],[7.5732,43.9381],[7.5738,43.9358],[7.5718,43.9349],[7.5697,43.9319],[7.5712,43.9286],[7.5675,43.9263],[7.5683,43.9231],[7.5588,43.9184],[7.5628,43.9098],[7.5621,43.9054],[7.5631,43.9019],[7.5596,43.8974],[7.5535,43.8959],[7.5494,43.8937],[7.5474,43.8942],[7.5374,43.893],[7.5348,43.8904],[7.5314,43.8906],[7.5284,43.8873],[7.5264,43.8863],[7.5216,43.8868],[7.5199,43.886],[7.5175,43.8824],[7.5146,43.8843],[7.5094,43.8813],[7.5106,43.8795],[7.5063,43.8762],[7.5012,43.875],[7.4974,43.8703],[7.5004,43.8669],[7.4981,43.864],[7.4953,43.8644],[7.4951,43.855],[7.4966,43.8511],[7.4983,43.8486],[7.4991,43.8455],[7.5032,43.8443],[7.5081,43.8415],[7.5069,43.8401],[7.5071,43.8375],[7.5097,43.8346],[7.5104,43.8269],[7.5144,43.8185],[7.5144,43.8156],[7.5178,43.8082],[7.519,43.8024],[7.525,43.7964],[7.5302,43.7878],[7.5292,43.7842],[7.5274,43.7849],[7.522,43.7847],[7.5145,43.783],[7.5152,43.7817],[7.5106,43.7812],[7.5083,43.7791],[7.5095,43.7753],[7.5021,43.7736],[7.4934,43.7697],[7.4881,43.7653],[7.4857,43.763],[7.482,43.7573],[7.4844,43.7544],[7.4877,43.7524],[7.488,43.75],[7.4823,43.7493],[7.4787,43.7499],[7.4724,43.7526],[7.4686,43.756],[7.462,43.7605],[7.4576,43.7591],[7.4523,43.7582],[7.4501,43.7551],[7.4447,43.7502],[7.4422,43.751],[7.4393,43.7495],[7.4369,43.7519],[7.436,43.75],[7.4307,43.7489],[7.4288,43.7466],[7.4281,43.744],[7.4245,43.7409],[7.423,43.7417],[7.4173,43.7377],[7.4127,43.7349],[7.4125,43.7316],[7.4091,43.7296],[7.4153,43.7261],[7.4097,43.7215],[7.4046,43.7199],[7.4018,43.7212],[7.3969,43.7193],[7.3936,43.7203],[7.389,43.7233],[7.383,43.7229],[7.3729,43.7181],[7.3647,43.7221],[7.3593,43.7225],[7.3522,43.7189],[7.3485,43.7144],[7.3427,43.7138],[7.3362,43.7107],[7.3369,43.7078],[7.334,43.7029],[7.3314,43.7038],[7.3296,43.702],[7.3298,43.6997],[7.3342,43.6941],[7.334,43.69],[7.3366,43.6883],[7.3435,43.6861],[7.345,43.6872],[7.3492,43.6871],[7.3468,43.6849],[7.3417,43.6831],[7.3402,43.6859],[7.3346,43.6862],[7.3354,43.6785],[7.3338,43.6758],[7.3311,43.6747],[7.3264,43.675],[7.3245,43.6773],[7.324,43.6806],[7.3252,43.6818],[7.3226,43.6873],[7.3201,43.6903],[7.3208,43.6917],[7.3252,43.6938],[7.3267,43.6968],[7.3247,43.7006],[7.3209,43.7008],[7.3204,43.7046],[7.3164,43.7066],[7.3134,43.7063],[7.3117,43.7011],[7.307,43.6984],[7.3085,43.6929],[7.3076,43.6875],[7.3039,43.6856],[7.3008,43.6862],[7.2961,43.6858],[7.2938,43.6865],[7.2937,43.6906],[7.2887,43.6933],[7.2858,43.6939],[7.2861,43.698],[7.2842,43.6982],[7.2833,43.6945],[7.2811,43.6928],[7.2782,43.6942],[7.2751,43.6946],[7.2658,43.6945],[7.2582,43.6937],[7.2478,43.6909],[7.2393,43.6869],[7.2334,43.682],[7.2306,43.6785],[7.2313,43.6754],[7.2295,43.6735],[7.2291,43.6694],[7.2307,43.6658],[7.2264,43.6627],[7.2253,43.6596],[7.2225,43.6576],[7.2197,43.6542],[7.2146,43.6505],[7.2127,43.6478],[7.2089,43.648],[7.2068,43.6459],[7.2011,43.6455],[7.1996,43.6476],[7.2034,43.6504],[7.2005,43.6533],[7.2015,43.6559],[7.2013,43.6605],[7.1989,43.6637],[7.2006,43.6589],[7.1996,43.6565],[7.1943,43.6576],[7.1871,43.6574],[7.1783,43.656],[7.1731,43.6562],[7.168,43.6574],[7.1612,43.6553],[7.1569,43.6534],[7.1501,43.6486],[7.1453,43.6433],[7.1443,43.6431],[7.1402,43.6362],[7.1363,43.636],[7.1378,43.633],[7.1354,43.6301],[7.13,43.6179],[7.1268,43.6072],[7.1258,43.6001],[7.1255,43.5944],[7.126,43.5927],[7.129,43.5923],[7.13,43.5892],[7.1262,43.5878],[7.1236,43.5886],[7.1217,43.5872],[7.1225,43.5848],[7.1291,43.5827],[7.1251,43.5738],[7.1272,43.5731],[7.1285,43.5708],[7.1325,43.5699],[7.14,43.57],[7.1378,43.567],[7.1392,43.563],[7.1353,43.5583],[7.135,43.5552],[7.1373,43.5543],[7.1402,43.5553],[7.1441,43.5531],[7.1415,43.5502],[7.1374,43.5481],[7.1386,43.547],[7.1363,43.5449],[7.1299,43.5438],[7.1295,43.5464],[7.1228,43.5462],[7.1207,43.5446],[7.1177,43.5492],[7.1211,43.5514],[7.1222,43.5546],[7.1215,43.5598],[7.1157,43.563],[7.1146,43.5657],[7.1122,43.5674],[7.105,43.5701],[7.1006,43.5709],[7.095,43.5709],[7.087,43.57],[7.0836,43.5691],[7.0779,43.5663],[7.0733,43.5653],[7.0682,43.5626],[7.0648,43.5592],[7.0618,43.555],[7.0576,43.5508],[7.0546,43.5475],[7.0485,43.5469],[7.0433,43.5431],[7.0413,43.5427],[7.0395,43.5403],[7.0385,43.5352],[7.0356,43.5359],[7.0366,43.5378],[7.0329,43.5392],[7.0342,43.5425],[7.0321,43.5464],[7.0249,43.5494],[7.0213,43.5499],[7.017,43.5484],[7.0165,43.5511],[7.0123,43.5505],[7.0115,43.5476],[7.0014,43.5489],[6.9894,43.5488],[6.9792,43.5473],[6.9709,43.5453],[6.9616,43.5415],[6.9575,43.5392],[6.9518,43.5346],[6.9503,43.5331],[6.9491,43.5295],[6.9499,43.5277],[6.9464,43.5269],[6.9441,43.5238],[6.9414,43.5217],[6.9406,43.5177],[6.937,43.5172],[6.9385,43.5085],[6.9417,43.5087],[6.9425,43.5071],[6.9463,43.506],[6.9538,43.5062],[6.9552,43.5001],[6.9547,43.4966],[6.9511,43.4967],[6.9487,43.4944],[6.949,43.4922],[6.9463,43.4919],[6.9463,43.4891],[6.9485,43.4865],[6.9451,43.4839],[6.9402,43.4848],[6.9336,43.4846],[6.931,43.4838],[6.9309,43.4819],[6.9334,43.4803],[6.9311,43.4802],[6.9324,43.477],[6.9284,43.4741],[6.9253,43.4735],[6.9237,43.4705],[6.9252,43.4681],[6.9246,43.4637],[6.9233,43.4609],[6.9203,43.4582],[6.9231,43.4559],[6.9206,43.4527],[6.92,43.4489],[6.9153,43.4484],[6.9125,43.447],[6.9094,43.4469],[6.9046,43.4452],[6.9049,43.4437],[6.9008,43.4431],[6.9003,43.4407],[6.8969,43.4391],[6.893,43.4354],[6.8963,43.4341],[6.8936,43.4313],[6.8936,43.43],[6.8902,43.4283],[6.8791,43.4281],[6.8791,43.4263],[6.8737,43.4269],[6.8685,43.4297],[6.8683,43.432],[6.8656,43.4339],[6.8624,43.434],[6.8591,43.4331],[6.857,43.431],[6.8592,43.4279],[6.8575,43.4256],[6.8602,43.4161],[6.8556,43.4118],[6.8527,43.4112],[6.85,43.4119],[6.8486,43.414],[6.845,43.4157],[6.8375,43.4166],[6.8337,43.4157],[6.8329,43.4172],[6.8293,43.4185],[6.825,43.417],[6.8229,43.4175],[6.821,43.4159],[6.8144,43.4156],[6.8099,43.4132],[6.8065,43.4145],[6.7994,43.4128],[6.7979,43.4139],[6.7941,43.412],[6.7935,43.4098],[6.7884,43.4085],[6.7836,43.4093],[6.7823,43.4126],[6.7704,43.4188],[6.7685,43.4211],[6.7634,43.4244],[6.7567,43.4232],[6.7505,43.4208],[6.748,43.4228],[6.7458,43.4218],[6.7474,43.4188],[6.7426,43.4156],[6.7345,43.4071],[6.7315,43.4025],[6.7282,43.3929],[6.732,43.3911],[6.7303,43.3874],[6.7281,43.3864],[6.7258,43.3831],[6.7204,43.3786],[6.7212,43.3774],[6.7177,43.3735],[6.7141,43.3718],[6.7151,43.3683],[6.7131,43.3663],[6.715,43.3631],[6.717,43.3623],[6.719,43.3568],[6.7155,43.3555],[6.7128,43.3525],[6.7163,43.3476],[6.7145,43.3461],[6.7088,43.3443],[6.7027,43.3442],[6.6989,43.343],[6.6953,43.3407],[6.6896,43.3421],[6.6836,43.3406],[6.6823,43.3415],[6.677,43.3379],[6.6726,43.3363],[6.6691,43.333],[6.6679,43.3277],[6.6652,43.3249],[6.6658,43.3185],[6.6701,43.3142],[6.6697,43.3125],[6.6595,43.314],[6.6506,43.3096],[6.6446,43.3062],[6.641,43.306],[6.6389,43.3078],[6.6352,43.3074],[6.632,43.305],[6.6276,43.3039],[6.6259,43.3003],[6.6254,43.2975],[6.6239,43.2959],[6.6206,43.2962],[6.615,43.2941],[6.6085,43.2897],[6.6015,43.2864],[6.5984,43.2842],[6.5951,43.2843],[6.5901,43.2825],[6.586,43.2802],[6.584,43.2771],[6.5841,43.2753],[6.5762,43.2742],[6.5746,43.271],[6.5777,43.2685],[6.5744,43.2672],[6.5811,43.269],[6.5826,43.2669],[6.588,43.2637],[6.5902,43.2645],[6.5936,43.2624],[6.5988,43.2638],[6.6027,43.2625],[6.6124,43.2645],[6.6152,43.2638],[6.6213,43.2643],[6.6237,43.2654],[6.6253,43.2671],[6.6285,43.2672],[6.6341,43.2702],[6.6356,43.2725],[6.6387,43.2737],[6.646,43.2738],[6.6478,43.2709],[6.6527,43.2705],[6.6568,43.2676],[6.663,43.2648],[6.6673,43.266],[6.6698,43.2699],[6.6692,43.276],[6.6773,43.2788],[6.6801,43.2774],[6.6824,43.2746],[6.6851,43.2732],[6.6893,43.2721],[6.6952,43.2669],[6.6976,43.2666],[6.6958,43.2618],[6.6927,43.2598],[6.6904,43.2558],[6.6906,43.2521],[6.6851,43.2513],[6.6816,43.2486],[6.679,43.2475],[6.6765,43.2449],[6.6714,43.2459],[6.6687,43.2457],[6.6663,43.2441],[6.6639,43.2401],[6.6623,43.2256],[6.6628,43.2178],[6.6639,43.2128],[6.6653,43.2108],[6.6684,43.2103],[6.6678,43.208],[6.6702,43.2058],[6.675,43.2047],[6.6811,43.1998],[6.6771,43.1978],[6.6712,43.1964],[6.6693,43.1953],[6.6642,43.1947],[6.6609,43.1964],[6.6554,43.1942],[6.6516,43.1905],[6.6479,43.188],[6.6439,43.1878],[6.6419,43.1859],[6.6433,43.183],[6.6408,43.182],[6.6404,43.1804],[6.6413,43.1754],[6.6395,43.1736],[6.6403,43.1723],[6.6441,43.1716],[6.6467,43.1699],[6.6467,43.1677],[6.6435,43.1684],[6.6413,43.1715],[6.6396,43.1723],[6.6347,43.1727],[6.6325,43.1722],[6.6274,43.1685],[6.6262,43.1662],[6.6221,43.1645],[6.6214,43.1625],[6.6227,43.1595],[6.6216,43.1582],[6.6177,43.1599],[6.6178,43.1626],[6.6136,43.1663],[6.6097,43.1663],[6.6103,43.1683],[6.6081,43.1705],[6.6072,43.1733],[6.6032,43.1739],[6.6045,43.1756],[6.6027,43.1786],[6.602,43.1822],[6.5944,43.1853],[6.5813,43.1869],[6.5778,43.1859],[6.5751,43.1877],[6.5692,43.187],[6.5656,43.1877],[6.5623,43.1892],[6.5524,43.1874],[6.5487,43.1861],[6.5406,43.182],[6.5366,43.1789],[6.5337,43.1724],[6.5351,43.1712],[6.539,43.1708],[6.5402,43.1695],[6.5378,43.1674],[6.5347,43.1635],[6.5293,43.1654],[6.5248,43.1663],[6.5194,43.1644],[6.5177,43.1618],[6.5151,43.1614],[6.5123,43.159],[6.5097,43.1588],[6.5095,43.1564],[6.5018,43.1558],[6.5011,43.1542],[6.4967,43.153],[6.4968,43.1513],[6.4931,43.1513],[6.4907,43.1529],[6.4885,43.1531],[6.4868,43.1513],[6.4837,43.1525],[6.4816,43.1546],[6.4783,43.1561],[6.4742,43.1559],[6.4712,43.1542],[6.4681,43.1547],[6.4662,43.1574],[6.4614,43.1573],[6.4565,43.1548],[6.4536,43.1557],[6.4483,43.1529],[6.447,43.1514],[6.4485,43.1495],[6.4436,43.1447],[6.4403,43.1453],[6.438,43.149],[6.4326,43.1512],[6.4278,43.1516],[6.4224,43.15],[6.4201,43.1469],[6.4168,43.149],[6.4133,43.1496],[6.4075,43.1484],[6.4052,43.1495],[6.4017,43.1487],[6.3991,43.147],[6.3979,43.1442],[6.3937,43.1455],[6.3894,43.1441],[6.3877,43.1449],[6.3845,43.1443],[6.382,43.1418],[6.3818,43.1392],[6.3739,43.1367],[6.3696,43.1375],[6.3668,43.1351],[6.3652,43.1318],[6.3638,43.1253],[6.3625,43.1223],[6.3602,43.1205],[6.3598,43.1147],[6.3642,43.111],[6.3603,43.1105],[6.3585,43.1078],[6.3609,43.1043],[6.3669,43.1033],[6.3672,43.0999],[6.3664,43.0962],[6.3639,43.0938],[6.3664,43.0919],[6.3679,43.0929],[6.3706,43.0911],[6.3676,43.0902],[6.3647,43.0906],[6.3638,43.0866],[6.3594,43.0893],[6.3545,43.0894],[6.3497,43.0885],[6.3437,43.0909],[6.3412,43.0889],[6.3371,43.0898],[6.335,43.0912],[6.329,43.0932],[6.3249,43.093],[6.325,43.0988],[6.3238,43.1006],[6.321,43.1006],[6.3189,43.1028],[6.319,43.1046],[6.3148,43.1073],[6.3077,43.1085],[6.3023,43.1079],[6.2994,43.1083],[6.2964,43.1104],[6.2949,43.1086],[6.291,43.1074],[6.2864,43.1107],[6.2888,43.1135],[6.2869,43.1155],[6.2798,43.1163],[6.2775,43.1181],[6.2761,43.1208],[6.2715,43.1212],[6.262,43.1214],[6.2543,43.1189],[6.245,43.1151],[6.2392,43.1134],[6.2341,43.1134],[6.2297,43.1135],[6.2215,43.1151],[6.2161,43.1153],[6.2129,43.1161],[6.2073,43.1164],[6.1976,43.1147],[6.192,43.1104],[6.1828,43.1086],[6.1808,43.1075],[6.1744,43.1012],[6.1703,43.0997],[6.1627,43.0919],[6.1585,43.0857],[6.1581,43.0829],[6.1549,43.0783],[6.1514,43.0669],[6.1506,43.0658],[6.1493,43.0558],[6.1494,43.0519],[6.1506,43.0438],[6.1528,43.0357],[6.162,43.034],[6.1688,43.0354],[6.1701,43.033],[6.1666,43.0326],[6.1653,43.0313],[6.1601,43.0302],[6.1547,43.028],[6.1501,43.0277],[6.1496,43.0264],[6.1422,43.0301],[6.1389,43.0302],[6.1354,43.0331],[6.1366,43.0354],[6.1345,43.0364],[6.1226,43.0333],[6.1205,43.0322],[6.1186,43.0338],[6.114,43.0355],[6.111,43.0331],[6.1081,43.0321],[6.1065,43.0303],[6.1035,43.0311],[6.1033,43.0276],[6.0999,43.0294],[6.0971,43.0273],[6.0958,43.0304],[6.098,43.0327],[6.0935,43.0337],[6.0912,43.036],[6.094,43.0406],[6.1009,43.0407],[6.1022,43.0421],[6.1106,43.0398],[6.1182,43.039],[6.1227,43.0408],[6.1266,43.0413],[6.13,43.0445],[6.1317,43.0481],[6.1329,43.0562],[6.1303,43.0668],[6.1281,43.0734],[6.1259,43.0781],[6.1241,43.0797],[6.1186,43.0809],[6.1138,43.0837],[6.1096,43.084],[6.0982,43.0838],[6.0861,43.0874],[6.0771,43.0877],[6.0743,43.084],[6.0708,43.0852],[6.0688,43.0834],[6.0629,43.0835],[6.06,43.0822],[6.0499,43.0793],[6.038,43.0791],[6.0333,43.0779],[6.0313,43.0777],[6.0267,43.079],[6.0215,43.0785],[6.018,43.0816],[6.0172,43.084],[6.0214,43.086],[6.0213,43.0876],[6.0248,43.0921],[6.0233,43.095],[6.02,43.0964],[6.0189,43.0985],[6.0147,43.0984],[6.0141,43.1002],[6.0061,43.1041],[6.0023,43.1037],[5.9989,43.1052],[5.993,43.1051],[5.9905,43.1046],[5.9846,43.1067],[5.9787,43.1069],[5.9742,43.1078],[5.969,43.1044],[5.9623,43.1072],[5.9587,43.1071],[5.9562,43.1084],[5.9525,43.1068],[5.9489,43.1075],[5.9428,43.1069],[5.94,43.1077],[5.9365,43.107],[5.9348,43.1051],[5.9299,43.1022],[5.9263,43.1022],[5.9251,43.1032],[5.9309,43.1121],[5.9302,43.114],[5.9345,43.1134],[5.9337,43.1155],[5.9344,43.1187],[5.9296,43.1211],[5.9281,43.1199],[5.9263,43.1156],[5.9246,43.1195],[5.927,43.1209],[5.9234,43.1234],[5.9207,43.1241],[5.9196,43.1214],[5.9201,43.1182],[5.9154,43.1177],[5.9136,43.1206],[5.915,43.1243],[5.9127,43.1245],[5.9113,43.1194],[5.9074,43.119],[5.9076,43.1167],[5.9101,43.1151],[5.9026,43.1144],[5.8981,43.1128],[5.8938,43.1158],[5.8874,43.1162],[5.8854,43.1175],[5.8844,43.1134],[5.8874,43.1128],[5.8874,43.1106],[5.8918,43.1091],[5.8916,43.1079],[5.8821,43.1093],[5.8829,43.1073],[5.8805,43.1052],[5.883,43.1027],[5.8875,43.1035],[5.8953,43.1028],[5.8955,43.1038],[5.9018,43.1045],[5.9095,43.1007],[5.9073,43.0978],[5.9078,43.0957],[5.9112,43.0946],[5.9104,43.0933],[5.9061,43.0935],[5.9015,43.092],[5.8946,43.082],[5.8966,43.0808],[5.9,43.0807],[5.9037,43.0792],[5.908,43.0784],[5.913,43.0836],[5.9175,43.0858],[5.9214,43.0841],[5.9215,43.0823],[5.9245,43.0782],[5.9285,43.0781],[5.926,43.0807],[5.9293,43.0828],[5.9381,43.0846],[5.9439,43.0821],[5.9469,43.0796],[5.9492,43.0789],[5.951,43.0764],[5.9513,43.0729],[5.9467,43.0678],[5.9439,43.0667],[5.9397,43.0704],[5.9366,43.0718],[5.9284,43.0718],[5.926,43.0701],[5.9175,43.0683],[5.911,43.0661],[5.9068,43.0707],[5.9069,43.0727],[5.9031,43.0735],[5.9008,43.0732],[5.8984,43.0751],[5.8996,43.0763],[5.8971,43.0781],[5.891,43.0784],[5.8869,43.0774],[5.8835,43.0729],[5.8801,43.0726],[5.8753,43.0688],[5.8724,43.0696],[5.872,43.0656],[5.8707,43.0655],[5.8682,43.0624],[5.8654,43.0603],[5.8627,43.0573],[5.8619,43.055],[5.8626,43.0519],[5.8586,43.048],[5.8535,43.0483],[5.8493,43.0499],[5.8475,43.0496],[5.8436,43.0479],[5.8396,43.0484],[5.8354,43.0503],[5.8327,43.0494],[5.8288,43.0495],[5.8272,43.0522],[5.8215,43.0538],[5.8201,43.0592],[5.8168,43.0613],[5.8154,43.064],[5.8124,43.0641],[5.8064,43.0676],[5.8039,43.0674],[5.7973,43.0694],[5.7935,43.0699],[5.796,43.0744],[5.7998,43.0746],[5.8038,43.0767],[5.8034,43.0789],[5.8063,43.0808],[5.8054,43.0857],[5.8075,43.0863],[5.8084,43.089],[5.8075,43.0907],[5.8114,43.0927],[5.8125,43.0947],[5.8121,43.0972],[5.8104,43.0986],[5.8048,43.1002],[5.8102,43.1021],[5.8136,43.1059],[5.8134,43.1077],[5.8111,43.1122],[5.8072,43.1158],[5.8033,43.1159],[5.8023,43.1175],[5.7991,43.115],[5.7911,43.1122],[5.7887,43.1139],[5.7897,43.116],[5.7767,43.117],[5.7699,43.1162],[5.7686,43.1172],[5.7757,43.1206],[5.7769,43.1228],[5.7735,43.1237],[5.7736,43.126],[5.7765,43.128],[5.7809,43.1295],[5.7796,43.1336],[5.7745,43.1378],[5.77,43.1392],[5.7665,43.1392],[5.7624,43.1377],[5.7614,43.1359],[5.7572,43.1361],[5.7538,43.1349],[5.752,43.1328],[5.7543,43.1312],[5.7516,43.1298],[5.7486,43.1323],[5.7473,43.1345],[5.742,43.1349],[5.7335,43.1365],[5.7291,43.1351],[5.7261,43.1367],[5.7242,43.1363],[5.7221,43.1409],[5.721,43.1447],[5.7191,43.1476],[5.7165,43.1483],[5.7123,43.1457],[5.7048,43.145],[5.7008,43.1435],[5.6952,43.1436],[5.6931,43.1473],[5.6953,43.1489],[5.6931,43.1521],[5.6874,43.1534],[5.6859,43.1549],[5.6829,43.1551],[5.6841,43.1597],[5.6826,43.1607],[5.6906,43.1636],[5.6939,43.1656],[5.6955,43.1684],[5.695,43.1713],[5.6917,43.1758],[5.6869,43.1797],[5.6841,43.1801],[5.6745,43.1779],[5.672,43.1795],[5.6683,43.1804],[5.6664,43.1824],[5.6601,43.1819],[5.6592,43.1834],[5.6543,43.186],[5.6511,43.1886],[5.645,43.1879],[5.6406,43.1894],[5.6348,43.1889],[5.631,43.1867],[5.6249,43.1871],[5.6215,43.1862],[5.6178,43.1841],[5.6148,43.181],[5.6126,43.1805],[5.6115,43.1784],[5.6111,43.1734],[5.6132,43.1717],[5.6091,43.1683],[5.61,43.1676],[5.6139,43.1709],[5.6157,43.1695],[5.6109,43.1656],[5.6059,43.1663],[5.608,43.1635],[5.6073,43.1605],[5.6046,43.1603],[5.5986,43.1648],[5.5939,43.1647],[5.5857,43.1685],[5.5815,43.17],[5.5791,43.1718],[5.5725,43.1729],[5.5696,43.1752],[5.5693,43.1768],[5.5651,43.1794],[5.5641,43.1809],[5.5572,43.1868],[5.556,43.1885],[5.5529,43.1904],[5.5486,43.1955],[5.5475,43.2012],[5.5487,43.2027],[5.5483,43.2087],[5.546,43.2079],[5.5452,43.2106],[5.5396,43.2094],[5.5382,43.2141],[5.5371,43.2148],[5.5308,43.2126],[5.5301,43.2109],[5.5247,43.2085],[5.5233,43.2069],[5.5151,43.203],[5.5099,43.1977],[5.5091,43.2001],[5.5004,43.1972],[5.4943,43.2007],[5.4944,43.2032],[5.4849,43.2045],[5.4827,43.2059],[5.478,43.2041],[5.4757,43.2053],[5.4696,43.2065],[5.4689,43.2091],[5.4642,43.2085],[5.4587,43.2115],[5.4542,43.2112],[5.4494,43.2099],[5.4467,43.2077],[5.4549,43.2027],[5.4498,43.2026],[5.4463,43.2056],[5.4436,43.2044],[5.4385,43.2073],[5.437,43.2064],[5.4325,43.2075],[5.4282,43.2103],[5.4246,43.2097],[5.4238,43.2111],[5.4201,43.2097],[5.4243,43.2074],[5.4259,43.2054],[5.4224,43.205],[5.4202,43.2064],[5.4147,43.2078],[5.4095,43.2105],[5.4079,43.212],[5.4055,43.2119],[5.4022,43.214],[5.3992,43.2121],[5.397,43.2125],[5.3896,43.2121],[5.3883,43.2107],[5.3816,43.2097],[5.3789,43.2102],[5.372,43.2097],[5.3704,43.2079],[5.3639,43.2073],[5.3607,43.2093],[5.3572,43.2084],[5.3524,43.2102],[5.3472,43.213],[5.3417,43.2128],[5.3397,43.2143],[5.3427,43.2168],[5.3464,43.2156],[5.3449,43.2197],[5.3453,43.2236],[5.3485,43.2272],[5.348,43.2296],[5.3499,43.232],[5.3576,43.2339],[5.3618,43.2384],[5.3635,43.243],[5.3665,43.2426],[5.3693,43.2448],[5.3727,43.2451],[5.3739,43.2473],[5.3727,43.2522],[5.3743,43.2531],[5.3756,43.2583],[5.3698,43.2641],[5.368,43.2683],[5.3628,43.271],[5.3622,43.2736],[5.3531,43.279],[5.346,43.2811],[5.3507,43.2855],[5.352,43.2879],[5.3548,43.2894],[5.3536,43.2914],[5.3544,43.2946],[5.3591,43.2948],[5.3613,43.293],[5.363,43.2939],[5.3661,43.2925],[5.3711,43.2934],[5.3737,43.295],[5.3727,43.2961],[5.363,43.2947],[5.3596,43.2976],[5.3624,43.2988],[5.3613,43.3015],[5.3643,43.3048],[5.3626,43.3053],[5.3647,43.3121],[5.364,43.3152],[5.3592,43.3154],[5.3567,43.3191],[5.3591,43.3202],[5.3589,43.3222],[5.3534,43.3252],[5.3498,43.3296],[5.3498,43.3319],[5.346,43.3321],[5.3452,43.3333],[5.3524,43.3329],[5.3511,43.3348],[5.3449,43.3364],[5.343,43.3391],[5.3378,43.3395],[5.3285,43.3447],[5.3322,43.3449],[5.3383,43.3419],[5.3433,43.3435],[5.3411,43.3451],[5.332,43.3502],[5.3268,43.3518],[5.3272,43.3534],[5.3245,43.3546],[5.3218,43.3523],[5.3174,43.355],[5.3161,43.3531],[5.3138,43.3542],[5.3173,43.3565],[5.3176,43.359],[5.3113,43.3611],[5.3049,43.361],[5.2956,43.3596],[5.289,43.3577],[5.2871,43.3553],[5.2823,43.3537],[5.2788,43.3504],[5.2751,43.3486],[5.2713,43.345],[5.2656,43.343],[5.2648,43.3416],[5.2615,43.3413],[5.2585,43.3375],[5.2551,43.3382],[5.2519,43.3359],[5.2399,43.3315],[5.2371,43.3318],[5.2294,43.3289],[5.22,43.3284],[5.2172,43.3297],[5.2024,43.3307],[5.1976,43.3326],[5.196,43.3306],[5.1913,43.3297],[5.1848,43.3326],[5.1789,43.3314],[5.1781,43.3336],[5.1736,43.3343],[5.1687,43.3282],[5.1661,43.3287],[5.163,43.3272],[5.1563,43.3276],[5.1533,43.3304],[5.1514,43.33],[5.1509,43.3269],[5.1442,43.3268],[5.1421,43.3294],[5.1387,43.3278],[5.1353,43.3292],[5.1303,43.3283],[5.1259,43.3287],[5.1181,43.3284],[5.1166,43.3288],[5.1028,43.3299],[5.0979,43.3283],[5.0918,43.3325],[5.0884,43.333],[5.0875,43.3317],[5.0814,43.3274],[5.0798,43.3293],[5.0776,43.3286],[5.0706,43.329],[5.0714,43.3311],[5.0696,43.332],[5.0603,43.3308],[5.0609,43.3288],[5.0577,43.3273],[5.0554,43.3285],[5.0542,43.3246],[5.0503,43.3252],[5.0485,43.3266],[5.0518,43.3313],[5.0486,43.3323],[5.0468,43.3291],[5.0443,43.329],[5.0416,43.3303],[5.0366,43.3298],[5.0318,43.3332],[5.0274,43.3379],[5.0235,43.339],[5.0188,43.3433],[5.0198,43.3468],[5.0233,43.3456],[5.0246,43.3475],[5.0214,43.3498],[5.025,43.354],[5.0234,43.3557],[5.0173,43.3578],[5.0164,43.36],[5.0127,43.363],[5.0132,43.3646],[5.0115,43.3682],[5.0074,43.3707],[5.0065,43.3731],[5.0005,43.3757],[5.0003,43.3795],[4.9978,43.3804],[4.9967,43.3836],[4.9914,43.3857],[4.9908,43.389],[4.9863,43.3927],[4.9878,43.3941],[4.9929,43.3957],[4.9945,43.3943],[5.0012,43.3985],[4.9973,43.4024],[5.0185,43.4015],[5.02,43.4008],[5.0248,43.4007],[5.0261,43.3975],[5.029,43.4002],[5.0338,43.4002],[5.0408,43.4007],[5.0508,43.4034],[5.057,43.4043],[5.0612,43.4006],[5.0675,43.3993],[5.0728,43.3994],[5.0836,43.399],[5.0924,43.3997],[5.0968,43.4007],[5.1021,43.4019],[5.1178,43.4042],[5.1182,43.4008],[5.1232,43.3971],[5.1291,43.3975],[5.1395,43.4011],[5.1459,43.4041],[5.1536,43.4082],[5.1552,43.4082],[5.1615,43.4117],[5.1717,43.4186],[5.1748,43.4207],[5.1848,43.4286],[5.1923,43.4359],[5.2006,43.4397],[5.2026,43.4421],[5.2046,43.4421],[5.1951,43.4488],[5.1981,43.4511],[5.2084,43.4439],[5.2129,43.4465],[5.2167,43.4473],[5.2204,43.4491],[5.2266,43.453],[5.227,43.4574],[5.2283,43.4595],[5.2275,43.4627],[5.23,43.4651],[5.2298,43.4668],[5.227,43.4703],[5.2277,43.4723],[5.2235,43.4791],[5.224,43.4823],[5.2197,43.4847],[5.2201,43.4861],[5.2173,43.4884],[5.2118,43.4892],[5.2083,43.4918],[5.2053,43.4921],[5.2027,43.4912],[5.196,43.4884],[5.191,43.4868],[5.1903,43.4851],[5.1865,43.4843],[5.1852,43.4817],[5.1809,43.4786],[5.1741,43.4757],[5.169,43.4717],[5.1647,43.4719],[5.1605,43.4683],[5.1588,43.4641],[5.1537,43.46],[5.1558,43.4555],[5.1514,43.4556],[5.151,43.4569],[5.1478,43.4588],[5.1461,43.4582],[5.1434,43.4602],[5.1424,43.4641],[5.1384,43.4684],[5.1325,43.472],[5.1299,43.4782],[5.1276,43.4798],[5.1265,43.4825],[5.1225,43.488],[5.123,43.4904],[5.1216,43.4914],[5.1199,43.4975],[5.1159,43.5018],[5.1159,43.5033],[5.113,43.5072],[5.1141,43.5104],[5.118,43.5133],[5.1183,43.5179],[5.117,43.5203],[5.1152,43.5207],[5.1137,43.5232],[5.1076,43.5259],[5.1016,43.5261],[5.0932,43.5251],[5.0811,43.5264],[5.0758,43.5262],[5.0638,43.528],[5.0588,43.528],[5.0518,43.5249],[5.0498,43.5221],[5.0457,43.5215],[5.0457,43.5237],[5.0434,43.5259],[5.0422,43.529],[5.0376,43.5324],[5.0328,43.5369],[5.0315,43.5395],[5.0332,43.5417],[5.0333,43.5439],[5.0292,43.5487],[5.0267,43.5486],[5.0262,43.5513],[5.0227,43.5566],[5.0179,43.5569],[5.0142,43.5555],[5.0128,43.5545],[5.0116,43.5496],[5.0126,43.5487],[5.0117,43.5459],[5.0139,43.5389],[5.014,43.5353],[5.0131,43.5331],[5.0151,43.5298],[5.0153,43.5274],[5.014,43.524],[5.0118,43.5238],[5.0078,43.5207],[5.0074,43.5192],[5.0026,43.5134],[4.9993,43.5083],[4.9997,43.5058],[4.9979,43.5013],[4.998,43.498],[4.9996,43.4957],[5.0009,43.4898],[5.0033,43.4851],[5.0027,43.4802],[5.0004,43.4784],[5.0005,43.4741],[5.0025,43.4714],[5.0063,43.4698],[5.0121,43.4706],[5.0164,43.4705],[5.0199,43.4686],[5.0244,43.4706],[5.0283,43.4696],[5.03,43.4702],[5.04,43.4704],[5.0488,43.4665],[5.0519,43.4637],[5.0538,43.459],[5.0551,43.4519],[5.0553,43.448],[5.0543,43.443],[5.0584,43.4287],[5.0599,43.4266],[5.0611,43.4194],[5.0594,43.4161],[5.0572,43.4087],[5.0547,43.4074],[5.0496,43.4063],[5.05,43.4052],[5.0463,43.4036],[5.0394,43.4027],[5.0288,43.403],[5.0245,43.4028],[5.0123,43.4033],[5.0051,43.4034],[5.0046,43.4044],[5.0045,43.4036],[4.994,43.4039],[4.9922,43.405],[4.9864,43.4035],[4.9826,43.4036],[4.9825,43.3962],[4.9775,43.4004],[4.9736,43.4024],[4.9771,43.4051],[4.9774,43.4074],[4.9756,43.4109],[4.9714,43.4141],[4.9714,43.4162],[4.9737,43.4174],[4.9734,43.4207],[4.9722,43.4219],[4.9692,43.4255],[4.9664,43.4266],[4.9491,43.4295],[4.9404,43.4295],[4.9387,43.4319],[4.9326,43.4332],[4.9197,43.4312],[4.9102,43.4275],[4.9074,43.4238],[4.9065,43.4204],[4.8993,43.4167],[4.8953,43.4168],[4.8912,43.4149],[4.8879,43.4121],[4.887,43.4145],[4.8901,43.419],[4.8894,43.4206],[4.8932,43.4239],[4.8972,43.4259],[4.906,43.4292],[4.9024,43.4303],[4.8989,43.4288],[4.8928,43.4282],[4.8879,43.4267],[4.8837,43.4209],[4.8821,43.4197],[4.8778,43.4258],[4.8763,43.4257],[4.8724,43.4328],[4.8685,43.4322],[4.8664,43.4347],[4.8669,43.4367],[4.8655,43.444],[4.8602,43.4509],[4.8621,43.4517],[4.859,43.4539],[4.8499,43.4508],[4.8526,43.4464],[4.8579,43.4425],[4.867,43.4272],[4.876,43.4128],[4.8764,43.4106],[4.8717,43.409],[4.8663,43.4048],[4.8527,43.4136],[4.8515,43.4161],[4.8478,43.418],[4.8458,43.4181],[4.8303,43.4277],[4.8267,43.4273],[4.8239,43.4248],[4.8565,43.4039],[4.8591,43.4015],[4.8533,43.3985],[4.8501,43.3988],[4.8451,43.402],[4.8412,43.4038],[4.8378,43.3999],[4.836,43.3995],[4.8354,43.3962],[4.838,43.3945],[4.8413,43.3946],[4.8446,43.3937],[4.8483,43.3916],[4.8521,43.3942],[4.8532,43.3913],[4.8514,43.3892],[4.844,43.3886],[4.8384,43.3904],[4.8358,43.3878],[4.812,43.3858],[4.8096,43.3881],[4.8055,43.386],[4.8076,43.3838],[4.8122,43.3848],[4.8354,43.3869],[4.837,43.3856],[4.8452,43.3879],[4.8534,43.388],[4.8484,43.383],[4.847,43.3786],[4.8426,43.3783],[4.8412,43.3753],[4.8446,43.3741],[4.8477,43.3708],[4.8498,43.3721],[4.8515,43.3759],[4.8548,43.371],[4.857,43.3701],[4.8583,43.3673],[4.8619,43.3688],[4.8631,43.3664],[4.865,43.3662],[4.868,43.3684],[4.8707,43.3639],[4.8736,43.361],[4.8766,43.3595],[4.8775,43.3562],[4.8834,43.356],[4.8857,43.3577],[4.8828,43.3629],[4.8863,43.3631],[4.8926,43.3643],[4.8949,43.3637],[4.9018,43.3686],[4.9011,43.3702],[4.905,43.372],[4.9102,43.3755],[4.9143,43.3814],[4.9148,43.385],[4.9123,43.3885],[4.913,43.39],[4.9169,43.3878],[4.9182,43.3853],[4.9181,43.3815],[4.9165,43.3785],[4.8999,43.3659],[4.8823,43.3532],[4.8775,43.349],[4.8711,43.3449],[4.866,43.3408],[4.8635,43.338],[4.8626,43.3351],[4.8598,43.3341],[4.851,43.3338],[4.8473,43.3348],[4.8416,43.3337],[4.8404,43.3321],[4.8377,43.3312],[4.8351,43.3279],[4.831,43.3314],[4.8244,43.3354],[4.8153,43.3394],[4.807,43.3421],[4.7921,43.3459],[4.7819,43.3479],[4.7635,43.3499],[4.7513,43.3507],[4.7405,43.351],[4.7269,43.3508],[4.7209,43.3513],[4.715,43.3498],[4.7055,43.3479],[4.7018,43.349],[4.6918,43.3487],[4.6868,43.3479],[4.6801,43.346],[4.6745,43.3469],[4.6677,43.3475],[4.6635,43.3472],[4.6619,43.348],[4.6585,43.3468],[4.6477,43.35],[4.6437,43.3502],[4.6257,43.3531],[4.6092,43.355],[4.5992,43.3571],[4.585,43.3616],[4.5687,43.3692],[4.5587,43.3752],[4.5533,43.3815],[4.5522,43.3869],[4.5572,43.3925],[4.5593,43.3941],[4.564,43.3937],[4.5702,43.3952],[4.5696,43.393],[4.5749,43.3941],[4.5833,43.3976],[4.5873,43.4004],[4.59,43.4035],[4.5912,43.4067],[4.5915,43.4102],[4.5904,43.4151],[4.5871,43.4228],[4.5824,43.4293],[4.5791,43.4325],[4.573,43.437],[4.562,43.443],[4.5502,43.4476],[4.5363,43.4516],[4.5205,43.4546],[4.5122,43.4557],[4.4979,43.457],[4.4767,43.4582],[4.4639,43.4585],[4.4532,43.4581],[4.4468,43.4569],[4.4452,43.4555],[4.4391,43.4543],[4.4323,43.4513],[4.432,43.45],[4.4225,43.4497],[4.4214,43.4485],[4.4124,43.4495],[4.4076,43.449],[4.4036,43.4475],[4.4007,43.4477],[4.396,43.4505],[4.3895,43.4523],[4.376,43.4539],[4.3586,43.455],[4.356,43.4548],[4.3469,43.4555],[4.3411,43.4563],[4.3303,43.4563],[4.3236,43.457],[4.3055,43.4574],[4.2913,43.4581],[4.2846,43.4577],[4.2801,43.4583],[4.2736,43.4584],[4.2618,43.4594],[4.2563,43.4592],[4.2522,43.4597],[4.2335,43.4608],[4.2302,43.4605],[4.2303,43.4637],[4.2319,43.4751],[4.2307,43.4795],[4.2394,43.4935],[4.238,43.4971],[4.2397,43.4992],[4.2442,43.5014],[4.2544,43.5051],[4.2607,43.5081],[4.2702,43.5079],[4.2756,43.5089],[4.2876,43.5132],[4.2945,43.5142],[4.2975,43.5152],[4.3059,43.5213],[4.3099,43.5251],[4.3143,43.5246],[4.3204,43.5255],[4.3247,43.5282],[4.3227,43.5304],[4.3188,43.5323],[4.3163,43.5346],[4.3131,43.5391],[4.308,43.5451],[4.3079,43.5478],[4.3111,43.5512],[4.3159,43.5512],[4.317,43.5536],[4.3139,43.5556],[4.3185,43.5573],[4.3229,43.5541],[4.3226,43.5522],[4.3162,43.5479],[4.3158,43.5457],[4.318,43.543],[4.3314,43.5358],[4.3343,43.5354],[4.3424,43.539],[4.3489,43.5426],[4.3507,43.5469],[4.3536,43.5473],[4.36,43.5469],[4.365,43.5472],[4.3709,43.5489],[4.3824,43.5534],[4.3864,43.558],[4.3874,43.5623],[4.3888,43.5625],[4.398,43.5605],[4.4008,43.5595],[4.406,43.5596],[4.4088,43.5608],[4.4139,43.5647],[4.416,43.5669],[4.4167,43.5711],[4.4151,43.5726],[4.4119,43.5729],[4.4059,43.572],[4.403,43.5732],[4.4071,43.5759],[4.413,43.5786],[4.4202,43.5828],[4.4261,43.5854],[4.4316,43.5857],[4.4425,43.5833],[4.4489,43.5834],[4.4525,43.5843],[4.4576,43.587],[4.4619,43.5906],[4.4656,43.5972],[4.4677,43.5997],[4.4732,43.6032],[4.4753,43.6072],[4.4741,43.6102],[4.469,43.6145],[4.4645,43.6154],[4.4539,43.6113],[4.4468,43.6101],[4.4429,43.61],[4.4382,43.6116],[4.4325,43.6158],[4.4276,43.6203],[4.4262,43.6228],[4.4278,43.6271],[4.4312,43.6295],[4.4347,43.6341],[4.4372,43.642],[4.4406,43.6489],[4.4439,43.6531],[4.447,43.6587],[4.4508,43.6639],[4.4549,43.6669],[4.4591,43.6684],[4.4692,43.6695],[4.4758,43.6713],[4.4779,43.6732],[4.4785,43.6766],[4.4758,43.6824],[4.4762,43.6862],[4.4791,43.6914],[4.4844,43.6977],[4.486,43.6989],[4.4955,43.7015],[4.5083,43.7025],[4.5238,43.7022],[4.5276,43.7033],[4.5334,43.7068],[4.5362,43.7075],[4.5405,43.7075],[4.5446,43.706],[4.5491,43.703],[4.5536,43.7008],[4.5594,43.6991],[4.5642,43.6986],[4.5753,43.6981],[4.5821,43.6964],[4.5894,43.6895],[4.5949,43.687],[4.6025,43.6858],[4.6094,43.6869],[4.6137,43.6888],[4.6174,43.6888],[4.6222,43.6872],[4.6251,43.6854],[4.6273,43.6854],[4.6279,43.6887],[4.6254,43.6957],[4.6218,43.7009],[4.6169,43.7058],[4.6145,43.7099],[4.6132,43.714],[4.6122,43.7206],[4.6123,43.7247],[4.6142,43.7312],[4.6203,43.7396],[4.6238,43.7451],[4.6255,43.7486],[4.6283,43.7579],[4.6303,43.7626],[4.6325,43.7641],[4.6342,43.7668],[4.6475,43.7782],[4.6515,43.7827],[4.6531,43.7891],[4.6536,43.7963],[4.6546,43.7984],[4.655,43.8028],[4.6546,43.8085],[4.6537,43.8124],[4.6515,43.8182],[4.6481,43.8219],[4.6468,43.8255],[4.6445,43.8254],[4.6424,43.8303],[4.643,43.8323],[4.6455,43.8353],[4.651,43.8383],[4.6532,43.8404],[4.6625,43.8426],[4.6661,43.8445],[4.6667,43.8472],[4.6657,43.8504],[4.663,43.8524],[4.6575,43.8532],[4.6516,43.8524],[4.645,43.8499],[4.6413,43.8511],[4.643,43.8546],[4.6474,43.8569],[4.6484,43.859],[4.6471,43.8609],[4.6432,43.8632],[4.6421,43.8675],[4.6485,43.869],[4.656,43.8737],[4.6567,43.8748],[4.6607,43.8759],[4.6624,43.8708],[4.6655,43.872],[4.6654,43.875],[4.6703,43.8775],[4.6843,43.8823],[4.6885,43.883],[4.6929,43.8845],[4.6993,43.8888],[4.7005,43.891],[4.7039,43.8943],[4.7075,43.8956],[4.7093,43.898],[4.6994,43.8966],[4.7,43.8982],[4.7144,43.9022],[4.7234,43.9061],[4.7299,43.9126],[4.7354,43.9167],[4.7402,43.9198],[4.7393,43.9241],[4.7432,43.9281],[4.7461,43.9303],[4.751,43.9325],[4.7615,43.9349],[4.7688,43.9338],[4.7789,43.9379],[4.7808,43.94],[4.7859,43.944],[4.7886,43.9469],[4.7919,43.9524],[4.7938,43.9545],[4.7982,43.9572],[4.8052,43.9591],[4.8119,43.962],[4.8151,43.9666],[4.8142,43.9703],[4.8105,43.9754],[4.8097,43.9789],[4.8108,43.9841],[4.8131,43.9881],[4.8189,43.9885],[4.8319,43.9852],[4.8369,43.9852],[4.8427,43.9869],[4.8444,43.9893],[4.8447,43.994],[4.8456,43.9966],[4.8443,43.9998],[4.8443,44.0028],[4.8436,44.0091],[4.8419,44.012],[4.8392,44.0141],[4.8337,44.0157],[4.828,44.0162],[4.8231,44.016],[4.8189,44.018],[4.8172,44.0254],[4.8167,44.031],[4.8148,44.0337],[4.8078,44.0404],[4.7957,44.048],[4.7895,44.0515],[4.7872,44.0554],[4.7884,44.0613],[4.7879,44.065],[4.785,44.0674],[4.7765,44.0698],[4.7717,44.0707],[4.7619,44.0752],[4.7597,44.075],[4.758,44.0773],[4.7605,44.079],[4.7597,44.0819],[4.7608,44.0855],[4.7602,44.0872],[4.7574,44.0881],[4.7522,44.0883],[4.7379,44.0838],[4.7313,44.0796],[4.7269,44.0783],[4.7219,44.0803],[4.7197,44.0834],[4.7197,44.0861],[4.7193,44.0911],[4.7175,44.0938],[4.713,44.0976],[4.7078,44.1033],[4.7061,44.1078],[4.7069,44.1136],[4.7103,44.1184],[4.7116,44.1264],[4.7115,44.1337],[4.713,44.1367],[4.7174,44.1416],[4.7189,44.1446],[4.719,44.1486],[4.7181,44.1523],[4.7167,44.1626],[4.7159,44.1659],[4.718,44.1736],[4.7164,44.1767],[4.7197,44.1771],[4.7201,44.1803],[4.7218,44.1833],[4.7225,44.1873],[4.7201,44.1893],[4.713,44.1916],[4.7085,44.1918],[4.7058,44.1927],[4.7042,44.1975],[4.7047,44.2007],[4.7092,44.2062],[4.7098,44.2086],[4.708,44.2131],[4.7032,44.2157],[4.6942,44.2154],[4.6836,44.2125],[4.6774,44.2124],[4.674,44.2147],[4.6731,44.2185],[4.6782,44.2295],[4.6784,44.2322],[4.6771,44.2358],[4.6734,44.2396],[4.6617,44.2472],[4.6542,44.2542],[4.6516,44.2591],[4.6494,44.263],[4.6495,44.2703],[4.6509,44.2741],[4.6514,44.2777],[4.651,44.2837],[4.6529,44.291],[4.6532,44.2948],[4.6536,44.3003],[4.6532,44.3039],[4.6498,44.3096],[4.6492,44.3118],[4.6508,44.3189],[4.6514,44.325],[4.6506,44.3298],[4.659,44.3269],[4.6695,44.3228],[4.6714,44.3248],[4.6753,44.324],[4.6786,44.3207],[4.6887,44.3206],[4.6963,44.3209],[4.7131,44.3205],[4.7124,44.3238],[4.7137,44.3256],[4.7188,44.3257],[4.7215,44.3265],[4.7337,44.3262],[4.742,44.3254],[4.7509,44.3251],[4.7629,44.3255],[4.7678,44.3208],[4.7719,44.3175],[4.7796,44.3194],[4.7825,44.3154],[4.7855,44.3134],[4.7875,44.3136],[4.7907,44.3076],[4.7935,44.3067],[4.7996,44.3034],[4.8046,44.3038],[4.8031,44.2978],[4.805,44.2928],[4.8048,44.2883],[4.803,44.2854],[4.8035,44.2781],[4.8046,44.2777],[4.8064,44.2735],[4.804,44.2692],[4.8052,44.269],[4.8096,44.2634],[4.8127,44.2574],[4.813,44.2532],[4.8119,44.2512],[4.8136,44.248],[4.8121,44.242],[4.8142,44.2322],[4.8173,44.2298],[4.8256,44.2286],[4.8275,44.2304],[4.8316,44.2316],[4.8376,44.2363],[4.8403,44.235],[4.8413,44.2389],[4.8439,44.2417],[4.8466,44.2407],[4.857,44.2458],[4.8588,44.2486],[4.8659,44.2495],[4.8665,44.2538],[4.8675,44.2558],[4.8707,44.2565],[4.8741,44.2598],[4.8801,44.2617],[4.8848,44.2614],[4.8971,44.2644],[4.9011,44.2641],[4.8968,44.2597],[4.8954,44.2575],[4.8997,44.2568],[4.9017,44.2602],[4.9127,44.2606],[4.9224,44.2597],[4.9241,44.2613],[4.9282,44.2625],[4.933,44.2622],[4.9376,44.2661],[4.9427,44.269],[4.96,44.2743],[4.9675,44.2774],[4.9713,44.2798],[4.9755,44.2822],[4.9774,44.2825],[4.9809,44.2847],[4.9851,44.2859],[4.9895,44.286],[4.997,44.2856],[5.0047,44.2865],[5.0111,44.2904],[5.017,44.2927],[5.0249,44.2969],[5.0293,44.2979],[5.0406,44.3002],[5.0457,44.3015],[5.0561,44.3056],[5.0605,44.3082],[5.0673,44.301],[5.0681,44.2963],[5.0708,44.2891],[5.0744,44.2867],[5.0767,44.284],[5.0837,44.2829],[5.0865,44.284],[5.0985,44.2821],[5.104,44.2801],[5.1055,44.2776],[5.1081,44.2773],[5.1078,44.2808],[5.1151,44.2842],[5.1188,44.2867],[5.1252,44.2887],[5.1322,44.2931],[5.1336,44.2929],[5.138,44.2956],[5.1421,44.2964],[5.1503,44.302],[5.1549,44.302],[5.1548,44.304],[5.1528,44.3078],[5.1508,44.3096],[5.1664,44.3149],[5.1689,44.314],[5.171,44.3096],[5.1741,44.3082],[5.1708,44.3046],[5.1692,44.3016],[5.1701,44.2989],[5.1685,44.2955],[5.1683,44.29],[5.1622,44.289],[5.1587,44.2859],[5.1545,44.285],[5.1498,44.2821],[5.1483,44.28],[5.1469,44.2756],[5.1466,44.2722],[5.1475,44.2696],[5.1543,44.2674],[5.1607,44.2667],[5.1596,44.2621],[5.1599,44.257],[5.1623,44.2546],[5.1619,44.2458],[5.1579,44.2419],[5.1519,44.2383],[5.1495,44.2358],[5.1533,44.2332],[5.1555,44.2332],[5.1548,44.2305],[5.1581,44.2286],[5.1608,44.2297],[5.1619,44.2274],[5.1654,44.225],[5.1682,44.2251],[5.1724,44.2232],[5.1758,44.2204],[5.1814,44.219],[5.1887,44.2202],[5.1986,44.2166],[5.2011,44.217],[5.2069,44.2139],[5.2153,44.2151],[5.222,44.2131],[5.2233,44.2146],[5.2267,44.2149],[5.23,44.2119],[5.234,44.2136],[5.2382,44.2134],[5.2405,44.2309],[5.2483,44.2311],[5.2527,44.2313],[5.2567,44.23],[5.2665,44.2257],[5.2715,44.2238],[5.2775,44.2202],[5.2806,44.2197],[5.2861,44.2168],[5.2926,44.2144],[5.2951,44.2123],[5.2981,44.2077],[5.3033,44.2057],[5.3022,44.2091],[5.3041,44.2101],[5.3072,44.2087],[5.3095,44.2093],[5.314,44.2082],[5.3187,44.21],[5.3256,44.2072],[5.331,44.2042],[5.3367,44.2034],[5.3481,44.2106],[5.3496,44.2108],[5.3552,44.2146],[5.3589,44.2121],[5.3663,44.2095],[5.3766,44.2053],[5.3802,44.203],[5.3847,44.2011],[5.3832,44.1991],[5.3805,44.1958],[5.3819,44.1911],[5.386,44.1862],[5.3865,44.1777],[5.3836,44.1729],[5.3844,44.1662],[5.3825,44.1603],[5.3832,44.1554],[5.386,44.1555],[5.3924,44.1525],[5.3971,44.1522],[5.4022,44.1535],[5.4091,44.1532],[5.4131,44.1551],[5.4169,44.1551],[5.4237,44.1492],[5.4275,44.149],[5.4325,44.1525],[5.436,44.1525],[5.4356,44.1508],[5.4376,44.1448],[5.4365,44.1402],[5.4393,44.1378],[5.4426,44.1384],[5.4478,44.1369],[5.4473,44.1362],[5.4497,44.1288],[5.4486,44.1255],[5.4506,44.1213],[5.4547,44.1192],[5.4614,44.1182],[5.4718,44.1187],[5.4826,44.1179],[5.4845,44.1172],[5.4945,44.1155],[5.4989,44.1161],[5.5044,44.1162],[5.5087,44.1185],[5.5108,44.1209],[5.5115,44.1243],[5.5193,44.1265],[5.523,44.127],[5.5344,44.1302],[5.5428,44.134],[5.5501,44.1456],[5.5513,44.1498],[5.5695,44.1481],[5.5786,44.152],[5.5833,44.1578],[5.5802,44.1588],[5.5725,44.1639],[5.5686,44.1687],[5.5645,44.1709],[5.5684,44.18],[5.5703,44.1801],[5.5755,44.1851],[5.5762,44.1881],[5.5838,44.1887],[5.5876,44.1873],[5.5968,44.1878],[5.6012,44.1897],[5.602,44.1917],[5.6093,44.1907],[5.6097,44.1875],[5.6132,44.186],[5.6166,44.1809],[5.6162,44.1779],[5.6264,44.1758],[5.6321,44.1737],[5.6321,44.1709],[5.6363,44.17],[5.6397,44.1676],[5.6374,44.1626],[5.6316,44.1587],[5.6321,44.1523],[5.6313,44.1504],[5.6335,44.1506],[5.6451,44.1487],[5.6473,44.1481],[5.6531,44.1482],[5.6553,44.1475],[5.6635,44.1483],[5.6675,44.1491],[5.6789,44.1461]]],[[[7.0487,43.5238],[7.053,43.5211],[7.0606,43.5201],[7.0628,43.5204],[7.0663,43.5184],[7.0703,43.5176],[7.0671,43.5151],[7.0643,43.516],[7.0581,43.5155],[7.0541,43.5164],[7.0478,43.5157],[7.043,43.5162],[7.0347,43.5188],[7.0317,43.5215],[7.0349,43.5222],[7.0392,43.522],[7.0418,43.5237],[7.0465,43.5244],[7.0487,43.5238]]],[[[7.0374,43.5071],[7.0384,43.5087],[7.0439,43.5093],[7.0515,43.5092],[7.0551,43.508],[7.0484,43.5058],[7.0374,43.5071]]],[[[5.615,43.1614],[5.6188,43.1616],[5.6175,43.1588],[5.615,43.1614]]],[[[5.2858,43.266],[5.2965,43.2697],[5.2967,43.2706],[5.3024,43.2745],[5.3036,43.2765],[5.3025,43.2798],[5.3004,43.279],[5.2932,43.2793],[5.3005,43.2821],[5.3015,43.2837],[5.3064,43.2854],[5.3123,43.2842],[5.3142,43.2868],[5.3205,43.2848],[5.3195,43.2826],[5.3165,43.2827],[5.3132,43.2803],[5.3089,43.2815],[5.3063,43.279],[5.3036,43.2787],[5.3041,43.2765],[5.308,43.277],[5.3112,43.276],[5.3087,43.2735],[5.3018,43.2722],[5.2999,43.2682],[5.2962,43.2669],[5.2918,43.2625],[5.2883,43.263],[5.2858,43.266]]],[[[5.3719,43.1795],[5.3743,43.1791],[5.3803,43.1803],[5.3863,43.1792],[5.3914,43.177],[5.3963,43.1759],[5.3978,43.173],[5.3895,43.1727],[5.3858,43.1731],[5.385,43.1745],[5.3816,43.1748],[5.3737,43.177],[5.3719,43.1795]]],[[[5.3214,43.3459],[5.3287,43.3419],[5.3338,43.3379],[5.3406,43.3342],[5.3566,43.3154],[5.3615,43.3093],[5.3611,43.3088],[5.3395,43.3346],[5.3337,43.3376],[5.3286,43.3418],[5.3214,43.3459]]],[[[5.3286,43.2125],[5.3328,43.213],[5.3393,43.2121],[5.34,43.2093],[5.3383,43.2081],[5.3292,43.2115],[5.3286,43.2125]]],[[[5.3553,43.2013],[5.3611,43.1995],[5.3628,43.1999],[5.3679,43.1968],[5.3623,43.1968],[5.3608,43.1991],[5.3567,43.1996],[5.3553,43.2013]]],[[[5.3814,43.1902],[5.3849,43.1897],[5.3846,43.1882],[5.3898,43.1867],[5.389,43.1854],[5.3836,43.1875],[5.3814,43.1902]]],[[[5.0503,43.4048],[5.055,43.4067],[5.0553,43.4053],[5.0503,43.4048]]],[[[4.8736,43.3685],[4.8766,43.3672],[4.8772,43.3652],[4.8747,43.3628],[4.8736,43.3685]]],[[[6.1602,43.0019],[6.164,43.0018],[6.1662,43.0007],[6.1691,43.0018],[6.17,43.0065],[6.1733,43.0083],[6.1764,43.0066],[6.1776,43.0084],[6.1844,43.0088],[6.1857,43.0053],[6.1876,43.0042],[6.1931,43.005],[6.1962,43.0033],[6.1991,43.0006],[6.2026,43.0014],[6.2035,43.0033],[6.2092,43.002],[6.2132,43.0037],[6.2178,43.0096],[6.2162,43.0125],[6.2198,43.0122],[6.2238,43.0109],[6.226,43.0118],[6.2289,43.0099],[6.2341,43.012],[6.2371,43.0162],[6.2365,43.0189],[6.2387,43.021],[6.2393,43.0247],[6.2419,43.0231],[6.2436,43.0205],[6.2477,43.0185],[6.2496,43.0124],[6.2493,43.0087],[6.2509,43.0056],[6.2493,43.0039],[6.2508,42.9996],[6.246,42.9971],[6.2445,42.9985],[6.2419,42.9985],[6.2382,42.997],[6.232,42.9963],[6.231,42.9943],[6.2272,42.9925],[6.2255,42.9929],[6.2203,42.9914],[6.2199,42.9899],[6.2154,42.9914],[6.2131,42.9879],[6.209,42.9854],[6.2073,42.9828],[6.1992,42.9822],[6.1954,42.984],[6.1953,42.9856],[6.1971,42.9881],[6.1939,42.989],[6.1931,42.9908],[6.1896,42.9912],[6.1855,42.9931],[6.1843,42.9918],[6.1815,42.9941],[6.1785,42.994],[6.1754,42.9964],[6.1696,42.9969],[6.1686,42.9986],[6.1622,42.9983],[6.1621,43.0003],[6.1602,43.0019]]],[[[6.434,43.0147],[6.4333,43.0175],[6.4344,43.0203],[6.4372,43.0221],[6.4377,43.024],[6.4404,43.025],[6.4462,43.0251],[6.4524,43.0275],[6.4532,43.026],[6.4583,43.0281],[6.4612,43.0321],[6.461,43.0357],[6.4623,43.0379],[6.4693,43.0448],[6.4763,43.0472],[6.4849,43.0475],[6.4868,43.0487],[6.493,43.049],[6.4999,43.0514],[6.5034,43.0516],[6.5049,43.0532],[6.5086,43.0523],[6.5077,43.0482],[6.5113,43.0468],[6.5097,43.0447],[6.5039,43.0417],[6.5013,43.0427],[6.4983,43.0421],[6.4942,43.0428],[6.4925,43.041],[6.4892,43.0423],[6.4852,43.0399],[6.4848,43.0375],[6.4781,43.028],[6.473,43.0256],[6.4731,43.021],[6.4716,43.0174],[6.4678,43.0176],[6.4646,43.0151],[6.4611,43.0136],[6.4552,43.0153],[6.4518,43.0181],[6.4505,43.0175],[6.449,43.0138],[6.4474,43.0132],[6.4453,43.0089],[6.4401,43.0055],[6.4379,43.0035],[6.4336,43.0071],[6.4325,43.0097],[6.4344,43.0122],[6.434,43.0147]]],[[[6.3699,42.9997],[6.3687,43.0021],[6.3726,43.0019],[6.3723,43.0037],[6.3767,43.0053],[6.3769,43.0075],[6.3834,43.0086],[6.3817,43.0116],[6.3835,43.014],[6.3912,43.0116],[6.394,43.0147],[6.4006,43.0152],[6.4089,43.0191],[6.41,43.017],[6.4141,43.0165],[6.4119,43.0129],[6.4117,43.0096],[6.415,43.0096],[6.4162,43.0114],[6.4201,43.0115],[6.4177,43.0072],[6.4156,43.0059],[6.4137,43.0028],[6.4095,43.0015],[6.4095,43],[6.4072,42.9976],[6.4029,42.9945],[6.3984,42.9944],[6.3951,42.993],[6.3938,42.9956],[6.3913,42.9949],[6.39,42.9976],[6.3866,42.9984],[6.3812,42.9974],[6.3782,42.998],[6.3747,42.9972],[6.3708,42.9979],[6.3699,42.9997]]],[[[6.3595,43.0082],[6.3601,43.0153],[6.3627,43.0179],[6.3686,43.018],[6.3676,43.0152],[6.3647,43.0135],[6.3637,43.0101],[6.3647,43.0063],[6.3628,43.0043],[6.3595,43.0082]]],[[[6.1442,43.0175],[6.1424,43.0172],[6.1399,43.0197],[6.143,43.0208],[6.1461,43.02],[6.1442,43.0175]]],[[[5.7799,43.0731],[5.7784,43.0758],[5.7778,43.0795],[5.7804,43.0823],[5.7838,43.0817],[5.7835,43.0796],[5.7869,43.0789],[5.7898,43.0794],[5.7921,43.0777],[5.7908,43.0751],[5.7815,43.0703],[5.7785,43.0704],[5.7799,43.0731]]],[[[4.9519,44.42],[4.9556,44.4206],[4.9593,44.4198],[4.9641,44.4227],[4.9647,44.4252],[4.9695,44.4281],[4.9712,44.4314],[4.9739,44.431],[4.9773,44.4277],[4.9778,44.4237],[4.9847,44.423],[4.9889,44.4232],[4.9902,44.4211],[5.0009,44.4129],[5.0106,44.411],[5.0118,44.4156],[5.0186,44.4158],[5.0201,44.4098],[5.0176,44.4073],[5.0133,44.4055],[5.0151,44.3948],[5.0202,44.3914],[5.0264,44.3924],[5.0304,44.391],[5.0354,44.3907],[5.0352,44.3894],[5.0389,44.3874],[5.043,44.3871],[5.0449,44.3823],[5.0479,44.3811],[5.0537,44.3817],[5.056,44.3832],[5.0604,44.3842],[5.063,44.384],[5.0656,44.3817],[5.0689,44.3835],[5.071,44.3832],[5.0722,44.3795],[5.0703,44.3764],[5.0674,44.3739],[5.059,44.3711],[5.0547,44.3648],[5.052,44.3648],[5.0423,44.3625],[5.0418,44.364],[5.0349,44.3638],[5.0324,44.361],[5.0274,44.363],[5.0232,44.36],[5.0217,44.3567],[5.0218,44.3496],[5.0231,44.3479],[5.0229,44.3456],[5.0199,44.3415],[5.018,44.3412],[5.0116,44.3365],[5.009,44.3339],[5.0109,44.3275],[5.0138,44.3258],[5.0093,44.3242],[5.0008,44.3199],[4.9981,44.3197],[4.9977,44.3173],[4.9938,44.3151],[4.9911,44.312],[4.99,44.3071],[4.9883,44.3031],[4.9877,44.2995],[4.9888,44.297],[4.9871,44.2927],[4.98,44.2974],[4.9746,44.298],[4.9727,44.2989],[4.9658,44.2994],[4.9594,44.299],[4.9573,44.3026],[4.9553,44.3016],[4.9508,44.3012],[4.949,44.3032],[4.9467,44.3036],[4.9443,44.306],[4.9381,44.3062],[4.9247,44.3085],[4.9219,44.3087],[4.9177,44.3087],[4.9075,44.3062],[4.9011,44.3055],[4.8973,44.3056],[4.8893,44.304],[4.8916,44.3075],[4.8917,44.3133],[4.8852,44.3189],[4.8817,44.3247],[4.8829,44.3274],[4.8866,44.3298],[4.8895,44.3331],[4.8943,44.333],[4.8954,44.3382],[4.8916,44.3401],[4.8798,44.3453],[4.8693,44.3449],[4.8704,44.3486],[4.8731,44.3507],[4.8804,44.355],[4.8843,44.3561],[4.8853,44.3581],[4.8906,44.3598],[4.8925,44.362],[4.8929,44.365],[4.8932,44.3679],[4.8947,44.3693],[4.9002,44.3696],[4.9029,44.3725],[4.907,44.3746],[4.9087,44.3768],[4.9118,44.3875],[4.9096,44.3964],[4.9161,44.4043],[4.9182,44.4077],[4.9221,44.4096],[4.9245,44.4081],[4.9278,44.4114],[4.9338,44.4118],[4.9412,44.415],[4.946,44.4149],[4.952,44.4188],[4.9519,44.42]]]]}},{"type":"Feature","properties":{"code":"94","nom":"Corse","analysis_region_code":"93"},"geometry":{"type":"MultiPolygon","coordinates":[[[[8.7981,41.9047],[8.7946,41.9107],[8.7874,41.919],[8.7829,41.923],[8.7794,41.9253],[8.7745,41.9273],[8.7706,41.9277],[8.7677,41.9267],[8.7649,41.9233],[8.7583,41.9262],[8.756,41.9296],[8.7552,41.9326],[8.7524,41.9334],[8.7472,41.9335],[8.7409,41.9317],[8.7413,41.9278],[8.7403,41.9258],[8.7408,41.9236],[8.7402,41.9184],[8.7406,41.9157],[8.7354,41.917],[8.7309,41.9157],[8.7309,41.9141],[8.7285,41.9122],[8.7242,41.9124],[8.7219,41.9098],[8.7178,41.9079],[8.7152,41.9085],[8.7084,41.9083],[8.7051,41.9071],[8.7008,41.9086],[8.6881,41.9093],[8.6853,41.9078],[8.6788,41.9072],[8.6705,41.9051],[8.6643,41.9076],[8.6601,41.9071],[8.6536,41.9091],[8.6503,41.9087],[8.6462,41.9099],[8.6417,41.9101],[8.6383,41.9084],[8.6302,41.9066],[8.6247,41.9022],[8.6221,41.9022],[8.6168,41.9007],[8.6144,41.8982],[8.6108,41.8971],[8.6103,41.8992],[8.616,41.903],[8.6136,41.904],[8.6123,41.9069],[8.61,41.9071],[8.6105,41.9135],[8.6131,41.9152],[8.6158,41.9188],[8.616,41.924],[8.6206,41.9249],[8.6228,41.9261],[8.6223,41.9278],[8.6197,41.9298],[8.6228,41.9319],[8.6235,41.9345],[8.6205,41.94],[8.6163,41.9397],[8.6123,41.9404],[8.6097,41.9398],[8.6068,41.9422],[8.6078,41.9464],[8.6055,41.9481],[8.6071,41.9512],[8.6049,41.9525],[8.6029,41.9519],[8.5987,41.9525],[8.5983,41.9555],[8.5995,41.957],[8.598,41.9602],[8.5924,41.9611],[8.5914,41.9627],[8.5932,41.9652],[8.5963,41.9664],[8.6068,41.9682],[8.6086,41.9676],[8.6104,41.9697],[8.6148,41.9716],[8.6201,41.9714],[8.6228,41.9706],[8.63,41.9697],[8.6317,41.9678],[8.6377,41.9681],[8.642,41.9676],[8.6462,41.9681],[8.6495,41.9692],[8.6505,41.9709],[8.6582,41.9739],[8.659,41.9753],[8.6658,41.9783],[8.6654,41.9795],[8.6686,41.982],[8.6699,41.9862],[8.6694,41.9902],[8.6677,41.9933],[8.6655,41.994],[8.6636,41.9926],[8.6588,41.9918],[8.6579,41.9955],[8.6557,41.9973],[8.6545,42.0018],[8.6568,42.0039],[8.6557,42.0055],[8.6574,42.0102],[8.6676,42.0166],[8.6703,42.0191],[8.6727,42.0202],[8.6809,42.0214],[8.683,42.0224],[8.6835,42.0251],[8.6852,42.0266],[8.6894,42.0276],[8.6936,42.0278],[8.7003,42.0257],[8.7054,42.0277],[8.716,42.0296],[8.7194,42.0325],[8.7265,42.0346],[8.7244,42.0374],[8.7239,42.0423],[8.7275,42.0433],[8.7315,42.0423],[8.7366,42.04],[8.7418,42.041],[8.7464,42.0467],[8.7474,42.05],[8.7434,42.0541],[8.7438,42.0571],[8.7441,42.0595],[8.7427,42.061],[8.7394,42.0622],[8.7385,42.0651],[8.7347,42.0659],[8.731,42.064],[8.723,42.0634],[8.7192,42.0638],[8.721,42.0663],[8.7204,42.0711],[8.7173,42.0776],[8.7136,42.0836],[8.7094,42.0871],[8.7053,42.0875],[8.7081,42.0931],[8.7106,42.0959],[8.7055,42.1037],[8.7036,42.1036],[8.7009,42.1057],[8.7015,42.1112],[8.7011,42.112],[8.695,42.1146],[8.6909,42.1152],[8.6883,42.1138],[8.6877,42.1106],[8.6816,42.1072],[8.6808,42.1056],[8.678,42.1057],[8.6748,42.1071],[8.6659,42.1065],[8.664,42.106],[8.6624,42.1025],[8.6591,42.1013],[8.6582,42.1091],[8.6552,42.1119],[8.6516,42.1139],[8.6512,42.1169],[8.65,42.119],[8.6465,42.1213],[8.6444,42.1214],[8.6371,42.1198],[8.6367,42.1224],[8.6329,42.1233],[8.6241,42.1225],[8.6242,42.1249],[8.621,42.1245],[8.6176,42.127],[8.6187,42.1301],[8.6165,42.1326],[8.6122,42.1346],[8.6101,42.1345],[8.6069,42.1328],[8.601,42.1326],[8.5966,42.1318],[8.5954,42.1293],[8.5858,42.1293],[8.5814,42.1284],[8.5803,42.1297],[8.5836,42.1319],[8.5844,42.1346],[8.5865,42.1369],[8.5903,42.139],[8.593,42.1428],[8.593,42.1457],[8.5902,42.1489],[8.5867,42.1495],[8.5842,42.1522],[8.581,42.1509],[8.5772,42.1525],[8.5734,42.1523],[8.5719,42.1503],[8.5609,42.1467],[8.56,42.1493],[8.5676,42.1542],[8.5729,42.1556],[8.5765,42.1551],[8.5812,42.1586],[8.5831,42.1592],[8.5838,42.1619],[8.5885,42.162],[8.591,42.1639],[8.5938,42.1673],[8.5919,42.1699],[8.5894,42.1712],[8.5867,42.1713],[8.5766,42.1698],[8.5753,42.1688],[8.5712,42.1693],[8.5702,42.1685],[8.5615,42.1713],[8.5616,42.1728],[8.5656,42.1753],[8.5674,42.1779],[8.5707,42.1769],[8.5758,42.1781],[8.578,42.1779],[8.5848,42.1787],[8.5867,42.1821],[8.5823,42.1832],[8.5796,42.1859],[8.5777,42.189],[8.5798,42.1903],[8.5772,42.1952],[8.5813,42.1963],[8.5815,42.2062],[8.5777,42.2077],[8.5719,42.2054],[8.5684,42.2053],[8.5711,42.2106],[8.5688,42.2122],[8.571,42.2134],[8.5746,42.2122],[8.5779,42.2145],[8.5738,42.2178],[8.5678,42.2194],[8.5689,42.2217],[8.5726,42.2231],[8.574,42.2277],[8.5701,42.2308],[8.5655,42.23],[8.5626,42.2306],[8.5623,42.2321],[8.5582,42.2303],[8.5576,42.2287],[8.5544,42.2271],[8.5481,42.2289],[8.5483,42.2308],[8.5452,42.2322],[8.5441,42.2357],[8.5414,42.2348],[8.5399,42.2365],[8.5438,42.2389],[8.5497,42.2399],[8.5565,42.2358],[8.5604,42.2365],[8.5689,42.2393],[8.5731,42.2385],[8.5762,42.24],[8.5788,42.244],[8.5815,42.2442],[8.5835,42.2429],[8.5886,42.2446],[8.5927,42.2449],[8.5986,42.2482],[8.5997,42.2481],[8.611,42.2514],[8.6148,42.2517],[8.6167,42.2554],[8.6213,42.2544],[8.6264,42.2514],[8.6295,42.2526],[8.6395,42.2528],[8.6413,42.2543],[8.6421,42.2568],[8.6503,42.2582],[8.6558,42.2584],[8.6578,42.2595],[8.6617,42.2587],[8.6651,42.2591],[8.67,42.2606],[8.674,42.2631],[8.6767,42.2618],[8.6806,42.262],[8.689,42.2633],[8.6903,42.2638],[8.6931,42.2681],[8.6917,42.2705],[8.6891,42.2716],[8.6906,42.2749],[8.6917,42.2767],[8.6872,42.282],[8.6855,42.283],[8.6789,42.2807],[8.6768,42.2836],[8.6741,42.284],[8.6782,42.2891],[8.676,42.2906],[8.6723,42.2909],[8.6751,42.2938],[8.6697,42.2964],[8.6679,42.2954],[8.6645,42.2979],[8.6619,42.298],[8.6597,42.3001],[8.6605,42.3025],[8.657,42.3015],[8.6484,42.3031],[8.6466,42.3014],[8.6433,42.3007],[8.6407,42.2993],[8.6394,42.3022],[8.6365,42.3044],[8.6335,42.3051],[8.629,42.3049],[8.6308,42.3072],[8.6301,42.3115],[8.6257,42.3126],[8.6143,42.3101],[8.6123,42.3088],[8.6084,42.3084],[8.6053,42.3069],[8.6024,42.309],[8.6045,42.3118],[8.602,42.3137],[8.602,42.3152],[8.5985,42.316],[8.5974,42.3173],[8.5993,42.3201],[8.6018,42.3217],[8.6068,42.3227],[8.6173,42.3269],[8.6191,42.3268],[8.6245,42.3294],[8.6282,42.3321],[8.6265,42.3349],[8.6277,42.3386],[8.6253,42.3398],[8.6181,42.341],[8.6165,42.3439],[8.6179,42.3464],[8.6148,42.35],[8.6114,42.3484],[8.6081,42.3486],[8.6075,42.3504],[8.6041,42.35],[8.6011,42.353],[8.5944,42.3535],[8.5901,42.3526],[8.5874,42.3498],[8.5817,42.3488],[8.5817,42.3468],[8.5784,42.344],[8.5774,42.3411],[8.5754,42.3414],[8.5744,42.3391],[8.5724,42.338],[8.5677,42.338],[8.5633,42.3327],[8.5598,42.3344],[8.5583,42.3329],[8.5556,42.3356],[8.5548,42.3381],[8.557,42.3383],[8.5589,42.3405],[8.5573,42.3421],[8.559,42.3443],[8.5515,42.3471],[8.5519,42.3498],[8.5546,42.3518],[8.5569,42.3519],[8.5537,42.3557],[8.5567,42.3583],[8.5564,42.3617],[8.5548,42.3627],[8.5559,42.365],[8.5533,42.3658],[8.5512,42.3647],[8.5456,42.3672],[8.545,42.3754],[8.5466,42.3785],[8.5497,42.3794],[8.5512,42.3764],[8.5509,42.3736],[8.5575,42.3708],[8.5595,42.3717],[8.5632,42.3708],[8.5672,42.3708],[8.569,42.3696],[8.5716,42.3735],[8.577,42.3747],[8.5782,42.3762],[8.5761,42.3798],[8.5733,42.3816],[8.5767,42.3836],[8.5804,42.3819],[8.5833,42.3819],[8.5868,42.3849],[8.5917,42.3835],[8.5944,42.3818],[8.6005,42.3838],[8.6029,42.3864],[8.6082,42.3864],[8.6092,42.3896],[8.6081,42.3938],[8.6021,42.3986],[8.6029,42.4008],[8.6057,42.402],[8.6077,42.4013],[8.6118,42.4033],[8.6117,42.4054],[8.6084,42.407],[8.6036,42.4073],[8.6019,42.4097],[8.6087,42.4114],[8.6054,42.415],[8.609,42.417],[8.6117,42.4159],[8.6137,42.4168],[8.6208,42.4177],[8.6233,42.4211],[8.6298,42.4208],[8.6354,42.4187],[8.6403,42.4179],[8.6449,42.4161],[8.644,42.4146],[8.6473,42.4133],[8.6546,42.415],[8.6561,42.4187],[8.6601,42.4222],[8.6622,42.4263],[8.6619,42.4315],[8.6642,42.4348],[8.6612,42.4349],[8.6571,42.4378],[8.6549,42.4381],[8.6505,42.4403],[8.6499,42.4439],[8.6527,42.4448],[8.6563,42.4444],[8.6634,42.4452],[8.6655,42.4444],[8.6687,42.4449],[8.6681,42.4486],[8.6701,42.4502],[8.6692,42.4526],[8.6648,42.4568],[8.668,42.458],[8.6724,42.4628],[8.6749,42.4639],[8.6754,42.4665],[8.6794,42.4673],[8.6793,42.4718],[8.6751,42.4765],[8.6679,42.4761],[8.6632,42.4752],[8.6602,42.4763],[8.6535,42.4754],[8.6511,42.4738],[8.6494,42.4747],[8.6504,42.4789],[8.654,42.4818],[8.6546,42.4839],[8.6593,42.4872],[8.6634,42.4917],[8.6663,42.4958],[8.6667,42.502],[8.6652,42.5026],[8.6662,42.5086],[8.6654,42.5094],[8.6667,42.5157],[8.6724,42.5183],[8.6765,42.5174],[8.6813,42.5175],[8.683,42.5148],[8.6877,42.518],[8.6956,42.5208],[8.6972,42.5229],[8.6947,42.5248],[8.6982,42.5257],[8.6995,42.527],[8.7023,42.5255],[8.704,42.5265],[8.7066,42.5233],[8.7099,42.5231],[8.7109,42.5243],[8.7141,42.524],[8.7201,42.525],[8.7197,42.5279],[8.7175,42.5291],[8.7176,42.5307],[8.7157,42.5343],[8.7115,42.5343],[8.7103,42.5353],[8.7122,42.538],[8.7169,42.539],[8.719,42.5404],[8.7174,42.5437],[8.7193,42.5451],[8.7228,42.5452],[8.7169,42.549],[8.7167,42.5507],[8.7218,42.5531],[8.7231,42.5567],[8.7202,42.558],[8.7206,42.5594],[8.7181,42.5613],[8.7189,42.5625],[8.7152,42.5638],[8.7148,42.5657],[8.718,42.5693],[8.7173,42.571],[8.71,42.5692],[8.7069,42.5707],[8.712,42.5729],[8.7127,42.5754],[8.7093,42.5768],[8.7151,42.5783],[8.7189,42.5811],[8.7224,42.5819],[8.7245,42.5842],[8.7268,42.5841],[8.724,42.5799],[8.724,42.5737],[8.7271,42.5698],[8.7273,42.5615],[8.7299,42.5631],[8.7321,42.5628],[8.7379,42.5652],[8.7377,42.567],[8.7401,42.5687],[8.7446,42.567],[8.7494,42.5683],[8.7559,42.5714],[8.7584,42.5688],[8.7628,42.5696],[8.7615,42.567],[8.7572,42.5655],[8.7561,42.5639],[8.758,42.5604],[8.7627,42.5575],[8.7665,42.5561],[8.7734,42.5556],[8.7816,42.5565],[8.7876,42.5579],[8.7931,42.5608],[8.7966,42.565],[8.8024,42.5682],[8.8053,42.571],[8.8054,42.5762],[8.8024,42.58],[8.8012,42.5839],[8.8051,42.5856],[8.8026,42.5883],[8.8088,42.5896],[8.8114,42.5912],[8.8113,42.5945],[8.8091,42.599],[8.8016,42.6018],[8.8067,42.604],[8.8165,42.6049],[8.8194,42.6039],[8.824,42.6063],[8.8279,42.6059],[8.8278,42.6034],[8.8313,42.6012],[8.8341,42.6017],[8.8371,42.6043],[8.8414,42.6048],[8.8425,42.608],[8.8479,42.6094],[8.8535,42.6116],[8.8541,42.6085],[8.858,42.6097],[8.8604,42.6089],[8.8633,42.6093],[8.8647,42.6079],[8.8674,42.6083],[8.873,42.6111],[8.8751,42.6131],[8.8756,42.6152],[8.8744,42.6179],[8.8772,42.6196],[8.8805,42.6201],[8.8808,42.6219],[8.879,42.6232],[8.884,42.6252],[8.8804,42.6264],[8.8802,42.6292],[8.883,42.6294],[8.8851,42.628],[8.8897,42.6299],[8.891,42.6274],[8.8932,42.6293],[8.8953,42.6277],[8.9009,42.6286],[8.9033,42.6271],[8.9078,42.6279],[8.9086,42.6289],[8.9136,42.6299],[8.9139,42.6321],[8.9182,42.6369],[8.9227,42.6395],[8.9243,42.6381],[8.9299,42.6374],[8.9348,42.639],[8.9391,42.6351],[8.9433,42.634],[8.9484,42.6336],[8.952,42.6345],[8.9548,42.6336],[8.9574,42.6356],[8.9623,42.6343],[8.9655,42.6353],[8.9724,42.6394],[8.9762,42.6389],[8.9799,42.6395],[8.9829,42.6392],[8.9858,42.6414],[8.9881,42.6407],[8.9932,42.6407],[8.9978,42.6401],[9.0003,42.6416],[9.0024,42.643],[9.0059,42.6427],[9.0076,42.6404],[9.0128,42.6405],[9.0177,42.6425],[9.0225,42.6459],[9.0282,42.6526],[9.0365,42.6549],[9.0396,42.6528],[9.0459,42.6547],[9.0468,42.6557],[9.0568,42.6597],[9.0588,42.6597],[9.0617,42.6643],[9.0615,42.666],[9.0569,42.6687],[9.0572,42.6699],[9.0603,42.6716],[9.0552,42.6739],[9.0555,42.6784],[9.0534,42.6815],[9.054,42.6824],[9.0599,42.6823],[9.0591,42.6855],[9.0573,42.6883],[9.0572,42.6935],[9.059,42.6945],[9.0618,42.6938],[9.0637,42.6939],[9.0681,42.6916],[9.0707,42.6924],[9.0734,42.6955],[9.0769,42.6974],[9.0761,42.6998],[9.0806,42.7008],[9.0827,42.7045],[9.0844,42.7055],[9.0819,42.7089],[9.0859,42.715],[9.0902,42.7145],[9.0968,42.7149],[9.1004,42.7157],[9.1016,42.7193],[9.1071,42.7246],[9.1101,42.7233],[9.1141,42.727],[9.1179,42.7245],[9.118,42.7281],[9.1235,42.7312],[9.1272,42.7312],[9.1324,42.7299],[9.1349,42.7285],[9.1397,42.7304],[9.1405,42.7322],[9.143,42.7339],[9.1483,42.7312],[9.1503,42.7315],[9.1543,42.7348],[9.1568,42.7342],[9.1628,42.7366],[9.1692,42.736],[9.17,42.7334],[9.1759,42.7322],[9.1798,42.7295],[9.1826,42.7299],[9.1862,42.7279],[9.1911,42.7261],[9.1919,42.7268],[9.1998,42.7248],[9.2099,42.7288],[9.2141,42.7333],[9.2184,42.7333],[9.2221,42.7353],[9.224,42.7337],[9.2244,42.7312],[9.2298,42.7259],[9.2293,42.7246],[9.2329,42.7234],[9.2317,42.7217],[9.2335,42.7199],[9.2453,42.7185],[9.2461,42.7213],[9.2494,42.7183],[9.253,42.7177],[9.2558,42.7186],[9.257,42.715],[9.2556,42.7143],[9.2549,42.7101],[9.256,42.7079],[9.2557,42.7058],[9.2587,42.7029],[9.2595,42.7001],[9.2661,42.7003],[9.269,42.7011],[9.2687,42.6968],[9.2716,42.6942],[9.275,42.6939],[9.2769,42.6924],[9.276,42.6902],[9.2798,42.6888],[9.279,42.6837],[9.2808,42.6829],[9.2849,42.676],[9.2875,42.6744],[9.2945,42.6745],[9.2975,42.6757],[9.3011,42.6783],[9.3004,42.6835],[9.3042,42.684],[9.3138,42.6887],[9.316,42.6905],[9.3216,42.6963],[9.323,42.6971],[9.3224,42.7053],[9.3214,42.7134],[9.3237,42.7169],[9.3266,42.7192],[9.3296,42.719],[9.3346,42.7223],[9.3342,42.7263],[9.3388,42.728],[9.3433,42.7327],[9.3454,42.7366],[9.344,42.7397],[9.3458,42.7431],[9.3438,42.7474],[9.3426,42.7482],[9.3419,42.7528],[9.3387,42.759],[9.3398,42.7606],[9.3376,42.7639],[9.3382,42.7659],[9.3405,42.7677],[9.3409,42.7707],[9.3392,42.7743],[9.3415,42.7774],[9.3402,42.781],[9.3404,42.785],[9.3426,42.786],[9.3431,42.7959],[9.3406,42.7994],[9.3383,42.8044],[9.3334,42.8077],[9.332,42.8112],[9.3262,42.8122],[9.3247,42.8163],[9.3225,42.8193],[9.3204,42.8247],[9.3186,42.8266],[9.3157,42.827],[9.3141,42.8296],[9.3111,42.8313],[9.3096,42.8335],[9.3154,42.8367],[9.3156,42.8427],[9.322,42.8468],[9.3244,42.8506],[9.3291,42.8532],[9.3307,42.857],[9.3345,42.8605],[9.3336,42.8635],[9.3403,42.8659],[9.3401,42.8674],[9.3372,42.869],[9.3316,42.8708],[9.3292,42.874],[9.3274,42.8777],[9.3282,42.8797],[9.3267,42.8832],[9.3291,42.8855],[9.3284,42.8899],[9.3258,42.8906],[9.3209,42.894],[9.3229,42.8997],[9.3265,42.9012],[9.3294,42.9039],[9.3333,42.9062],[9.3375,42.9075],[9.3414,42.9099],[9.3442,42.9109],[9.3443,42.9124],[9.349,42.9133],[9.3505,42.9156],[9.3541,42.9162],[9.3552,42.9207],[9.357,42.9233],[9.3595,42.9233],[9.3613,42.9255],[9.3566,42.9277],[9.35,42.9289],[9.3504,42.9337],[9.357,42.9394],[9.3587,42.9443],[9.3555,42.9493],[9.3511,42.9503],[9.3486,42.9516],[9.3459,42.9576],[9.3499,42.9608],[9.3488,42.9629],[9.3461,42.964],[9.3496,42.9657],[9.3493,42.9712],[9.3484,42.9735],[9.3435,42.9777],[9.3419,42.9802],[9.3441,42.9823],[9.3437,42.9843],[9.3454,42.9863],[9.3412,42.9881],[9.343,42.9909],[9.3402,42.9937],[9.3423,42.9943],[9.3438,42.9976],[9.3461,42.9997],[9.353,43.002],[9.3548,43.0044],[9.3587,43.0069],[9.3611,43.0055],[9.3646,43.0057],[9.3661,43.0048],[9.3704,43.0062],[9.3735,43.0045],[9.376,43.0051],[9.3774,43.0069],[9.3834,43.0101],[9.3904,43.0066],[9.3929,43.0083],[9.3963,43.006],[9.3997,43.0085],[9.4049,43.0045],[9.4079,43.0055],[9.4144,43.0066],[9.4157,43.0093],[9.4182,43.011],[9.422,43.0117],[9.4231,43.0094],[9.4268,43.0101],[9.4299,43.0066],[9.4298,43.0034],[9.4375,43.0005],[9.4411,43.0011],[9.4437,42.9973],[9.4435,42.9938],[9.4473,42.9933],[9.4505,42.992],[9.4513,42.9896],[9.4539,42.9881],[9.456,42.9882],[9.4635,42.9866],[9.461,42.983],[9.4612,42.9785],[9.4585,42.9763],[9.4563,42.9765],[9.454,42.9735],[9.4552,42.9721],[9.4573,42.9654],[9.4541,42.9662],[9.4519,42.9645],[9.4517,42.9619],[9.4553,42.9568],[9.4568,42.9523],[9.4561,42.9509],[9.4618,42.9455],[9.4689,42.9366],[9.4674,42.9342],[9.4649,42.9336],[9.4669,42.93],[9.4671,42.9269],[9.4714,42.9248],[9.4697,42.9221],[9.472,42.9199],[9.4707,42.9166],[9.4718,42.9142],[9.4714,42.9096],[9.4691,42.908],[9.4695,42.9046],[9.4726,42.903],[9.4745,42.9002],[9.4731,42.8993],[9.4728,42.8958],[9.4743,42.8933],[9.4737,42.8856],[9.4774,42.8819],[9.478,42.8795],[9.4739,42.8782],[9.4725,42.8748],[9.4745,42.8732],[9.4788,42.8719],[9.4783,42.8696],[9.4804,42.8688],[9.4824,42.864],[9.4801,42.8604],[9.4833,42.856],[9.4854,42.8509],[9.4828,42.848],[9.4829,42.8438],[9.4838,42.8414],[9.4809,42.841],[9.4805,42.8366],[9.4832,42.8362],[9.4856,42.8338],[9.4871,42.8269],[9.486,42.8252],[9.4875,42.8233],[9.4867,42.8212],[9.4902,42.8145],[9.4901,42.8082],[9.4927,42.8071],[9.4912,42.7976],[9.4898,42.7937],[9.4872,42.7903],[9.4869,42.7882],[9.4847,42.7859],[9.4821,42.7813],[9.4791,42.7803],[9.4791,42.7786],[9.4764,42.7745],[9.4737,42.7727],[9.4725,42.7702],[9.4691,42.7665],[9.4667,42.7598],[9.4655,42.7578],[9.4672,42.7562],[9.4681,42.7527],[9.4637,42.7496],[9.4638,42.7464],[9.4613,42.7402],[9.4623,42.7352],[9.4604,42.7308],[9.4584,42.7242],[9.4561,42.7207],[9.4563,42.7176],[9.4564,42.7153],[9.4549,42.7119],[9.4559,42.7095],[9.4546,42.7084],[9.4562,42.7047],[9.4543,42.7035],[9.4522,42.6998],[9.453,42.6978],[9.4514,42.6948],[9.4534,42.6927],[9.4481,42.6901],[9.4465,42.6866],[9.4473,42.6787],[9.4463,42.677],[9.4468,42.6709],[9.4496,42.6623],[9.4536,42.6537],[9.4578,42.6464],[9.463,42.6392],[9.4662,42.6348],[9.4736,42.6259],[9.4817,42.6172],[9.4857,42.6132],[9.4925,42.6061],[9.5102,42.5899],[9.5146,42.5851],[9.5217,42.5752],[9.5254,42.5693],[9.5274,42.5649],[9.5299,42.5555],[9.5325,42.5494],[9.5334,42.5447],[9.5337,42.5372],[9.5336,42.5261],[9.5344,42.5233],[9.5307,42.5064],[9.5299,42.4955],[9.5299,42.4903],[9.5314,42.4838],[9.5362,42.4704],[9.5379,42.465],[9.5413,42.4592],[9.541,42.4527],[9.5419,42.4493],[9.5409,42.4435],[9.5414,42.4385],[9.5418,42.4322],[9.5434,42.4279],[9.5417,42.4218],[9.5389,42.416],[9.5382,42.4116],[9.5367,42.4051],[9.5368,42.4027],[9.5354,42.394],[9.5322,42.3826],[9.5327,42.3779],[9.5321,42.373],[9.5324,42.3687],[9.535,42.3592],[9.5348,42.3571],[9.537,42.351],[9.5368,42.3485],[9.5378,42.3438],[9.5399,42.3418],[9.5396,42.3389],[9.5415,42.3372],[9.5419,42.3336],[9.5434,42.3284],[9.545,42.3237],[9.5484,42.3187],[9.5497,42.3158],[9.5535,42.2992],[9.5557,42.291],[9.5596,42.2842],[9.5594,42.2723],[9.5578,42.2684],[9.5564,42.2625],[9.5553,42.2528],[9.5532,42.2414],[9.5524,42.2321],[9.553,42.2201],[9.5547,42.2162],[9.5561,42.215],[9.5557,42.2109],[9.5562,42.2009],[9.5585,42.1978],[9.5589,42.1955],[9.5563,42.1835],[9.555,42.1748],[9.5552,42.1703],[9.5544,42.164],[9.5543,42.1567],[9.5544,42.1466],[9.5558,42.1424],[9.5562,42.1388],[9.5547,42.1246],[9.5503,42.1074],[9.5491,42.104],[9.5442,42.0992],[9.5385,42.0945],[9.5308,42.0871],[9.5253,42.0808],[9.5156,42.0691],[9.5049,42.0579],[9.4973,42.0485],[9.4731,42.0204],[9.4672,42.0133],[9.4599,42.0066],[9.4567,42.0017],[9.4515,41.9982],[9.4458,41.9936],[9.4419,41.9898],[9.4398,41.9877],[9.4321,41.9801],[9.4237,41.9702],[9.4201,41.9653],[9.4148,41.9568],[9.4128,41.9518],[9.4119,41.9451],[9.4128,41.9381],[9.4157,41.9326],[9.4159,41.9284],[9.4122,41.9184],[9.4133,41.9146],[9.4087,41.9068],[9.4028,41.8987],[9.4017,41.8954],[9.4011,41.886],[9.3982,41.8815],[9.3971,41.8755],[9.3973,41.8717],[9.3994,41.8679],[9.3988,41.8636],[9.4015,41.8596],[9.4031,41.857],[9.4014,41.8558],[9.4015,41.8527],[9.4001,41.851],[9.4034,41.8419],[9.4033,41.8364],[9.4051,41.8302],[9.4044,41.828],[9.4065,41.8233],[9.4061,41.8204],[9.4025,41.8132],[9.3987,41.8066],[9.3982,41.8032],[9.3988,41.8013],[9.3953,41.8002],[9.3943,41.7977],[9.3969,41.7939],[9.3968,41.7909],[9.4002,41.7884],[9.3996,41.7861],[9.3967,41.7833],[9.3984,41.7821],[9.3982,41.7782],[9.3955,41.7764],[9.3966,41.7737],[9.398,41.7724],[9.4049,41.7712],[9.4079,41.7661],[9.4054,41.761],[9.4062,41.7548],[9.4056,41.7518],[9.4032,41.7496],[9.4058,41.746],[9.4069,41.7427],[9.4061,41.7387],[9.4042,41.7367],[9.4039,41.7332],[9.402,41.7304],[9.4057,41.7241],[9.4057,41.7217],[9.4014,41.7179],[9.402,41.7161],[9.4045,41.7155],[9.4062,41.7129],[9.4028,41.7119],[9.4047,41.7089],[9.4016,41.7065],[9.4001,41.7006],[9.3998,41.6965],[9.4009,41.694],[9.3993,41.6923],[9.396,41.6908],[9.3937,41.6907],[9.3921,41.6891],[9.387,41.6906],[9.3829,41.689],[9.378,41.6854],[9.377,41.6828],[9.3726,41.6799],[9.3731,41.6748],[9.3751,41.671],[9.3789,41.6691],[9.3824,41.6709],[9.387,41.6711],[9.3869,41.6686],[9.3844,41.6679],[9.3812,41.6645],[9.3818,41.6611],[9.3865,41.6603],[9.3868,41.6577],[9.3847,41.6536],[9.3819,41.6518],[9.3807,41.6485],[9.3773,41.6469],[9.3754,41.6435],[9.3733,41.6443],[9.3716,41.6413],[9.3706,41.6371],[9.3647,41.6361],[9.3639,41.6388],[9.3608,41.6407],[9.3555,41.6411],[9.3511,41.6398],[9.3473,41.6366],[9.3458,41.6319],[9.3471,41.629],[9.3517,41.6288],[9.3534,41.6266],[9.3535,41.6213],[9.3524,41.6187],[9.3459,41.6177],[9.343,41.6199],[9.3402,41.6196],[9.3363,41.6218],[9.3327,41.6206],[9.3295,41.6175],[9.3249,41.6158],[9.3229,41.6164],[9.3199,41.6154],[9.3198,41.6197],[9.3181,41.6224],[9.3138,41.6255],[9.3139,41.6289],[9.3109,41.6283],[9.3084,41.6289],[9.3057,41.6274],[9.3044,41.6252],[9.3043,41.6209],[9.3061,41.618],[9.3052,41.6153],[9.3003,41.6122],[9.2971,41.611],[9.2917,41.6105],[9.2903,41.6091],[9.2876,41.6089],[9.2856,41.6036],[9.2875,41.5991],[9.2836,41.5989],[9.281,41.5977],[9.2842,41.5944],[9.2851,41.5922],[9.2832,41.5898],[9.2861,41.5895],[9.2915,41.5871],[9.2931,41.5851],[9.2959,41.5838],[9.2988,41.5847],[9.2996,41.5873],[9.3016,41.5895],[9.3044,41.5896],[9.3093,41.5949],[9.3139,41.6021],[9.3181,41.6048],[9.3218,41.6049],[9.3263,41.6039],[9.3297,41.6018],[9.3331,41.6036],[9.3344,41.6018],[9.3373,41.6009],[9.339,41.5983],[9.3399,41.5943],[9.3456,41.595],[9.3482,41.594],[9.3532,41.5943],[9.3561,41.5961],[9.3642,41.5958],[9.3665,41.5973],[9.3677,41.595],[9.3679,41.5911],[9.3615,41.5909],[9.3616,41.5881],[9.3557,41.5842],[9.3551,41.5804],[9.3533,41.5777],[9.3508,41.5775],[9.3489,41.5739],[9.3501,41.57],[9.3495,41.5656],[9.3468,41.5623],[9.3417,41.5589],[9.3392,41.5601],[9.3371,41.5587],[9.3341,41.5604],[9.3314,41.5602],[9.3259,41.5583],[9.3188,41.554],[9.3184,41.5515],[9.3138,41.5517],[9.3082,41.5489],[9.3077,41.5467],[9.3028,41.5458],[9.3016,41.544],[9.2964,41.541],[9.2941,41.5369],[9.2911,41.5345],[9.2915,41.5327],[9.2874,41.5304],[9.2827,41.5301],[9.2767,41.532],[9.2728,41.5303],[9.2718,41.5255],[9.2734,41.5224],[9.2783,41.5229],[9.2829,41.521],[9.2841,41.5183],[9.2832,41.5147],[9.2767,41.5059],[9.2722,41.5037],[9.2677,41.5005],[9.2697,41.4983],[9.2749,41.498],[9.2758,41.4958],[9.2782,41.4961],[9.2799,41.4986],[9.2837,41.5001],[9.2864,41.4983],[9.2862,41.4953],[9.2876,41.4944],[9.2835,41.4894],[9.284,41.4875],[9.2872,41.4856],[9.2873,41.4838],[9.2858,41.4846],[9.283,41.4778],[9.2803,41.476],[9.2781,41.4767],[9.276,41.4742],[9.2767,41.4721],[9.2737,41.4712],[9.2718,41.4726],[9.2682,41.4721],[9.2667,41.4703],[9.2669,41.4679],[9.2688,41.4667],[9.2715,41.4671],[9.2778,41.4644],[9.2734,41.4617],[9.2706,41.4624],[9.2687,41.4658],[9.2655,41.4656],[9.2632,41.4637],[9.2591,41.4621],[9.259,41.4569],[9.2557,41.4553],[9.2527,41.4551],[9.2513,41.4527],[9.246,41.4498],[9.2437,41.4469],[9.2394,41.4464],[9.2361,41.4449],[9.2294,41.4442],[9.2288,41.4433],[9.2238,41.4427],[9.2223,41.4376],[9.2268,41.4273],[9.2289,41.4256],[9.2252,41.4238],[9.2248,41.4198],[9.2254,41.4171],[9.2236,41.4147],[9.2123,41.4143],[9.2165,41.4127],[9.2165,41.408],[9.2212,41.4046],[9.2251,41.4053],[9.2261,41.4079],[9.2304,41.4104],[9.2326,41.4128],[9.235,41.4133],[9.2365,41.4163],[9.2387,41.416],[9.2417,41.4197],[9.245,41.422],[9.2552,41.4256],[9.2581,41.4284],[9.2652,41.4283],[9.2633,41.4259],[9.2644,41.4247],[9.2613,41.4224],[9.2605,41.4175],[9.2584,41.4149],[9.259,41.4134],[9.2548,41.4118],[9.2535,41.4103],[9.2509,41.4103],[9.2485,41.4047],[9.2459,41.4029],[9.2455,41.4009],[9.2404,41.3987],[9.2387,41.3955],[9.2363,41.3949],[9.2363,41.3929],[9.2343,41.3886],[9.2301,41.383],[9.2267,41.3803],[9.2246,41.3797],[9.2217,41.3772],[9.2206,41.374],[9.2228,41.3718],[9.2202,41.3674],[9.2172,41.3684],[9.2125,41.3682],[9.2112,41.3669],[9.2057,41.367],[9.2041,41.3659],[9.1981,41.3679],[9.1944,41.3657],[9.1917,41.3675],[9.1848,41.3659],[9.1784,41.3677],[9.1779,41.3735],[9.1753,41.3765],[9.1744,41.3793],[9.1693,41.3846],[9.1675,41.3856],[9.1635,41.3856],[9.1615,41.3868],[9.1564,41.3862],[9.1484,41.3863],[9.1502,41.3885],[9.1535,41.389],[9.1532,41.3906],[9.1471,41.3889],[9.1458,41.3877],[9.143,41.3882],[9.1349,41.3923],[9.1337,41.3946],[9.1296,41.3928],[9.1267,41.3943],[9.1283,41.3962],[9.134,41.3988],[9.1331,41.3999],[9.1286,41.3988],[9.1272,41.3994],[9.1212,41.3963],[9.1173,41.3968],[9.1122,41.3964],[9.1076,41.3946],[9.105,41.395],[9.1012,41.3937],[9.0989,41.3913],[9.0965,41.3934],[9.0934,41.3948],[9.096,41.3985],[9.0929,41.3989],[9.0914,41.4018],[9.0924,41.4044],[9.094,41.4052],[9.094,41.4083],[9.0962,41.4093],[9.095,41.4117],[9.0975,41.4132],[9.0988,41.4156],[9.1039,41.4157],[9.1074,41.4184],[9.1094,41.421],[9.1084,41.4225],[9.1048,41.4222],[9.1045,41.4259],[9.1086,41.429],[9.1113,41.4301],[9.1119,41.4317],[9.1158,41.4344],[9.1185,41.4342],[9.1199,41.4356],[9.1199,41.4407],[9.122,41.441],[9.1256,41.4434],[9.1177,41.443],[9.1151,41.441],[9.1085,41.4411],[9.1091,41.4449],[9.1066,41.4458],[9.1044,41.4428],[9.0986,41.4429],[9.098,41.4453],[9.0953,41.4476],[9.0954,41.4496],[9.0935,41.4499],[9.0886,41.4458],[9.0838,41.4435],[9.0833,41.4425],[9.0791,41.4417],[9.0771,41.443],[9.0698,41.4454],[9.0685,41.45],[9.0667,41.4523],[9.0663,41.456],[9.0686,41.4582],[9.0693,41.4612],[9.0675,41.4631],[9.0674,41.4655],[9.0707,41.4657],[9.0713,41.47],[9.075,41.4705],[9.0768,41.4724],[9.0801,41.4778],[9.083,41.479],[9.0812,41.4815],[9.0778,41.48],[9.0771,41.4771],[9.0726,41.4783],[9.0718,41.4757],[9.0692,41.4759],[9.0661,41.4725],[9.0632,41.4713],[9.0623,41.4683],[9.0587,41.4664],[9.0526,41.4603],[9.0469,41.4612],[9.0422,41.4573],[9.0404,41.4569],[9.0384,41.4586],[9.0389,41.4624],[9.0401,41.4642],[9.0396,41.469],[9.0364,41.4709],[9.0287,41.4676],[9.0273,41.4628],[9.0253,41.4616],[9.0225,41.463],[9.0255,41.4661],[9.0191,41.4668],[9.0179,41.4677],[9.0151,41.4728],[9.018,41.4782],[9.0146,41.4788],[9.0099,41.4743],[9.0077,41.4756],[9.0051,41.4748],[8.997,41.4799],[8.9977,41.4824],[8.9954,41.4856],[8.9939,41.4858],[8.9922,41.4828],[8.9905,41.4822],[8.9862,41.4776],[8.9836,41.4739],[8.9807,41.4761],[8.9827,41.4776],[8.9797,41.4799],[8.9755,41.481],[8.9766,41.4833],[8.973,41.4852],[8.9696,41.4837],[8.9674,41.4852],[8.9661,41.4899],[8.9637,41.4901],[8.9606,41.4926],[8.9528,41.4926],[8.9489,41.49],[8.9426,41.4895],[8.9405,41.4903],[8.9372,41.4912],[8.937,41.4949],[8.9353,41.4959],[8.932,41.4959],[8.9289,41.4912],[8.9265,41.4898],[8.9246,41.4903],[8.9214,41.4889],[8.9201,41.4903],[8.9222,41.4935],[8.9209,41.4983],[8.9186,41.5033],[8.9148,41.5075],[8.9107,41.5082],[8.9092,41.5064],[8.8997,41.5088],[8.8968,41.5077],[8.8923,41.5084],[8.8861,41.5053],[8.8818,41.5082],[8.8853,41.5123],[8.8875,41.5126],[8.8907,41.5149],[8.8892,41.5172],[8.8874,41.517],[8.8842,41.5188],[8.8816,41.5214],[8.8771,41.5242],[8.8737,41.5246],[8.8721,41.5228],[8.8655,41.5201],[8.8614,41.5201],[8.8604,41.5215],[8.8549,41.5181],[8.8502,41.5184],[8.8444,41.5181],[8.8411,41.5197],[8.8409,41.5219],[8.8443,41.5273],[8.8467,41.528],[8.849,41.531],[8.8519,41.5332],[8.8551,41.5339],[8.855,41.5367],[8.851,41.5398],[8.8518,41.544],[8.8461,41.5407],[8.8435,41.5425],[8.8443,41.5459],[8.8426,41.547],[8.8372,41.5454],[8.8332,41.5475],[8.8297,41.5475],[8.8283,41.5452],[8.825,41.5462],[8.8228,41.5448],[8.8197,41.5469],[8.8143,41.549],[8.8165,41.5532],[8.8128,41.5529],[8.8093,41.5571],[8.8062,41.5557],[8.802,41.557],[8.7985,41.5568],[8.7953,41.5557],[8.7922,41.5565],[8.7891,41.5587],[8.786,41.5645],[8.7886,41.5647],[8.7899,41.5664],[8.7937,41.5676],[8.7974,41.5707],[8.8017,41.5721],[8.8039,41.5758],[8.7987,41.5753],[8.7945,41.5786],[8.7918,41.5789],[8.7928,41.5838],[8.7922,41.5867],[8.7884,41.5873],[8.7868,41.5857],[8.7839,41.586],[8.782,41.5877],[8.7821,41.5903],[8.7762,41.5904],[8.7753,41.5925],[8.7803,41.5934],[8.7855,41.5969],[8.7854,41.6013],[8.7884,41.603],[8.7917,41.6076],[8.7917,41.6106],[8.7904,41.6161],[8.7856,41.6179],[8.7892,41.6196],[8.7925,41.6203],[8.7929,41.6225],[8.7952,41.6251],[8.7906,41.6283],[8.7929,41.6286],[8.7953,41.6304],[8.7957,41.6323],[8.8038,41.6341],[8.8048,41.638],[8.803,41.6406],[8.8057,41.6413],[8.8095,41.64],[8.8103,41.6378],[8.81,41.6345],[8.8113,41.6314],[8.8161,41.6295],[8.82,41.6296],[8.8232,41.6311],[8.8243,41.6346],[8.8295,41.6364],[8.8307,41.6383],[8.8341,41.6392],[8.8366,41.6385],[8.841,41.6397],[8.8421,41.6428],[8.8476,41.6426],[8.8529,41.6476],[8.8562,41.6463],[8.8634,41.6486],[8.8663,41.6481],[8.8693,41.6455],[8.8723,41.6468],[8.8759,41.6498],[8.8773,41.6524],[8.8788,41.658],[8.879,41.6609],[8.8805,41.6652],[8.8811,41.6702],[8.883,41.6717],[8.8858,41.6712],[8.8899,41.6717],[8.8933,41.6757],[8.8961,41.6761],[8.8969,41.6776],[8.9004,41.6759],[8.9042,41.6768],[8.9084,41.677],[8.9117,41.6799],[8.9138,41.6798],[8.9165,41.6819],[8.9162,41.6869],[8.9143,41.6906],[8.9091,41.6914],[8.9035,41.6903],[8.9011,41.6905],[8.8934,41.6892],[8.8865,41.6895],[8.8843,41.6927],[8.8818,41.695],[8.8791,41.6959],[8.874,41.694],[8.8698,41.6965],[8.8626,41.6964],[8.8602,41.6958],[8.8567,41.6978],[8.8518,41.6962],[8.8479,41.6973],[8.8436,41.6971],[8.8364,41.7002],[8.8305,41.7064],[8.8256,41.7096],[8.8216,41.7116],[8.8128,41.7143],[8.8084,41.7135],[8.8069,41.7101],[8.8023,41.7111],[8.7982,41.7108],[8.7943,41.7088],[8.7947,41.7056],[8.7933,41.7045],[8.7921,41.7011],[8.7876,41.7006],[8.7832,41.6994],[8.7828,41.7022],[8.786,41.7029],[8.7874,41.7045],[8.7857,41.7099],[8.7839,41.7089],[8.779,41.7096],[8.7777,41.711],[8.7726,41.712],[8.7715,41.7136],[8.7735,41.7152],[8.7729,41.7167],[8.7748,41.7211],[8.7781,41.7214],[8.7814,41.7248],[8.7804,41.7272],[8.7846,41.7318],[8.7842,41.7351],[8.7821,41.738],[8.7786,41.7403],[8.7727,41.7416],[8.7667,41.7404],[8.7542,41.7366],[8.7521,41.7351],[8.7405,41.7318],[8.7388,41.7303],[8.7323,41.7287],[8.7297,41.7291],[8.725,41.7273],[8.7232,41.7244],[8.7212,41.7243],[8.7166,41.7225],[8.714,41.723],[8.7072,41.7217],[8.703,41.7254],[8.7057,41.73],[8.7062,41.7332],[8.7077,41.7363],[8.7059,41.7387],[8.7032,41.7399],[8.6996,41.7403],[8.6983,41.7416],[8.6894,41.7402],[8.686,41.742],[8.685,41.7404],[8.6818,41.7398],[8.6784,41.7422],[8.6755,41.742],[8.672,41.7437],[8.6661,41.7433],[8.6652,41.7419],[8.6604,41.7393],[8.6588,41.7405],[8.6592,41.7457],[8.6606,41.7471],[8.6605,41.7495],[8.6649,41.7508],[8.6663,41.7523],[8.6723,41.7529],[8.675,41.7513],[8.6779,41.751],[8.6799,41.7488],[8.684,41.7469],[8.6863,41.749],[8.6945,41.751],[8.6962,41.7519],[8.7,41.7559],[8.7029,41.7572],[8.7079,41.7573],[8.7129,41.7603],[8.7163,41.7633],[8.7198,41.768],[8.7217,41.7683],[8.7241,41.7715],[8.728,41.7738],[8.7326,41.779],[8.7329,41.7803],[8.7281,41.7815],[8.7265,41.7841],[8.7275,41.787],[8.7265,41.7893],[8.7242,41.79],[8.7196,41.7901],[8.7174,41.7922],[8.7188,41.7936],[8.7139,41.7955],[8.7119,41.7947],[8.7092,41.7964],[8.7092,41.7982],[8.711,41.8011],[8.7172,41.8037],[8.7208,41.8015],[8.7199,41.7989],[8.7213,41.798],[8.7292,41.7986],[8.7327,41.7984],[8.7355,41.797],[8.7408,41.7983],[8.7398,41.8013],[8.7416,41.8054],[8.7443,41.8069],[8.747,41.8098],[8.7501,41.8114],[8.7517,41.8109],[8.7552,41.8124],[8.758,41.809],[8.7647,41.8093],[8.7674,41.8112],[8.7699,41.8103],[8.772,41.812],[8.7739,41.8152],[8.7728,41.8167],[8.7742,41.8194],[8.7732,41.8221],[8.7741,41.8247],[8.7769,41.8262],[8.7815,41.8274],[8.7839,41.8292],[8.7846,41.8311],[8.782,41.8339],[8.7769,41.8346],[8.7758,41.8337],[8.7695,41.8376],[8.7639,41.844],[8.7604,41.8417],[8.7565,41.841],[8.7548,41.8425],[8.7519,41.8424],[8.7509,41.8452],[8.7567,41.8459],[8.7608,41.8482],[8.7617,41.8472],[8.7659,41.8472],[8.769,41.8457],[8.7718,41.8458],[8.7789,41.8477],[8.7813,41.8472],[8.7851,41.8485],[8.7883,41.8504],[8.7897,41.8532],[8.7909,41.8597],[8.7904,41.8666],[8.7879,41.8685],[8.7854,41.8724],[8.7809,41.8744],[8.7857,41.8774],[8.784,41.8804],[8.7802,41.8808],[8.7798,41.8839],[8.7862,41.8848],[8.7877,41.8838],[8.7923,41.8853],[8.7956,41.8875],[8.8016,41.8895],[8.8032,41.8912],[8.8036,41.8941],[8.8015,41.9002],[8.7981,41.9047]]],[[[8.5857,41.8743],[8.5865,41.876],[8.5924,41.8784],[8.5959,41.8812],[8.5986,41.8806],[8.5932,41.8757],[8.5927,41.8739],[8.5857,41.8743]]],[[[9.2505,41.3686],[9.2535,41.3694],[9.2576,41.3718],[9.2589,41.3742],[9.2613,41.3708],[9.2634,41.371],[9.2657,41.3729],[9.2688,41.3714],[9.2656,41.3686],[9.2679,41.3678],[9.2743,41.3692],[9.2732,41.3657],[9.2677,41.3644],[9.2663,41.3624],[9.262,41.3647],[9.2615,41.3665],[9.2556,41.3664],[9.2552,41.3684],[9.2505,41.3686]]],[[[9.2489,41.3397],[9.2501,41.343],[9.2566,41.3452],[9.2564,41.341],[9.2604,41.3386],[9.2607,41.3357],[9.2577,41.3354],[9.2565,41.3385],[9.2511,41.3403],[9.2489,41.3397]]],[[[8.5347,42.3723],[8.5374,42.3727],[8.5415,42.3715],[8.5417,42.3664],[8.5347,42.3723]]],[[[9.3585,41.5495],[9.3619,41.5538],[9.3646,41.5524],[9.3628,41.5495],[9.3607,41.5483],[9.3585,41.5495]]],[[[9.3706,41.5623],[9.3744,41.5621],[9.373,41.5587],[9.3709,41.56],[9.3706,41.5623]]],[[[9.3889,41.6706],[9.3941,41.6727],[9.3964,41.67],[9.3946,41.6689],[9.3895,41.6687],[9.3889,41.6706]]],[[[8.9302,42.6451],[8.9368,42.6443],[8.9361,42.6428],[8.9311,42.644],[8.9302,42.6451]]]]}}]}